[2026-08-10 03:33:37] [INFO] Loaded 50 stream(s) from config
[2026-08-10 03:33:37] [INFO] Running in multi-stream mode with 50 stream(s)
[2026-08-10 03:33:37] [INFO] StreamManager initialized for 50 stream(s)
[2026-08-10 03:33:37] [INFO] StreamWorker[camera-1] initialized with RTSP URL: rtsp://rtsp-server:8554/stream
[2026-08-10 03:33:37] [INFO] StreamManager created worker for stream 'camera-1'
[2026-08-10 03:33:37] [INFO] StreamWorker[camera-2] initialized with RTSP URL: rtsp://rtsp-server:8554/stream
[2026-08-10 03:33:37] [INFO] StreamManager created worker for stream 'camera-2'
[2026-08-10 03:33:37] [INFO] StreamWorker[camera-3] initialized with RTSP URL: rtsp://rtsp-server:8554/stream
[2026-08-10 03:33:37] [INFO] StreamManager created worker for stream 'camera-3'
[2026-08-10 03:33:37] [INFO] StreamWorker[camera-4] initialized with RTSP URL: rtsp://rtsp-server:8554/stream
[2026-08-10 03:33:37] [INFO] StreamManager created worker for stream 'camera-4'
[2026-08-10 03:33:37] [INFO] StreamWorker[camera-5] initialized with RTSP URL: rtsp://rtsp-server:8554/stream
[2026-08-10 03:33:37] [INFO] StreamManager created worker for stream 'camera-5'
[2026-08-10 03:33:37] [INFO] StreamWorker[camera-6] initialized with RTSP URL: rtsp://rtsp-server:8554/stream
[2026-08-10 03:33:37] [INFO] StreamManager created worker for stream 'camera-6'
[2026-08-10 03:33:37] [INFO] StreamWorker[camera-7] initialized with RTSP URL: rtsp://rtsp-server:8554/stream
[2026-08-10 03:33:37] [INFO] StreamManager created worker for stream 'camera-7'
[2026-08-10 03:33:37] [INFO] StreamWorker[camera-8] initialized with RTSP URL: rtsp://rtsp-server:8554/stream
[2026-08-10 03:33:37] [INFO] StreamManager created worker for stream 'camera-8'
[2026-08-10 03:33:37] [INFO] StreamWorker[camera-9] initialized with RTSP URL: rtsp://rtsp-server:8554/stream
[2026-08-10 03:33:37] [INFO] StreamManager created worker for stream 'camera-9'
[2026-08-10 03:33:37] [INFO] StreamWorker[camera-10] initialized with RTSP URL: rtsp://rtsp-server:8554/stream
[2026-08-10 03:33:37] [INFO] StreamManager created worker for stream 'camera-10'
[2026-08-10 03:33:37] [INFO] StreamWorker[camera-11] initialized with RTSP URL: rtsp://rtsp-server:8554/stream
[2026-08-10 03:33:37] [INFO] StreamManager created worker for stream 'camera-11'
[2026-08-10 03:33:37] [INFO] StreamWorker[camera-12] initialized with RTSP URL: rtsp://rtsp-server:8554/stream
[2026-08-10 03:33:37] [INFO] StreamManager created worker for stream 'camera-12'
[2026-08-10 03:33:37] [INFO] StreamWorker[camera-13] initialized with RTSP URL: rtsp://rtsp-server:8554/stream
[2026-08-10 03:33:37] [INFO] StreamManager created worker for stream 'camera-13'
[2026-08-10 03:33:37] [INFO] StreamWorker[camera-14] initialized with RTSP URL: rtsp://rtsp-server:8554/stream
[2026-08-10 03:33:37] [INFO] StreamManager created worker for stream 'camera-14'
[2026-08-10 03:33:37] [INFO] StreamWorker[camera-15] initialized with RTSP URL: rtsp://rtsp-server:8554/stream
[2026-08-10 03:33:37] [INFO] StreamManager created worker for stream 'camera-15'
[2026-08-10 03:33:37] [INFO] StreamWorker[camera-16] initialized with RTSP URL: rtsp://rtsp-server:8554/stream
[2026-08-10 03:33:37] [INFO] StreamManager created worker for stream 'camera-16'
[2026-08-10 03:33:37] [INFO] StreamWorker[camera-17] initialized with RTSP URL: rtsp://rtsp-server:8554/stream
[2026-08-10 03:33:37] [INFO] StreamManager created worker for stream 'camera-17'
[2026-08-10 03:33:37] [INFO] StreamWorker[camera-18] initialized with RTSP URL: rtsp://rtsp-server:8554/stream
[2026-08-10 03:33:37] [INFO] StreamManager created worker for stream 'camera-18'
[2026-08-10 03:33:37] [INFO] StreamWorker[camera-19] initialized with RTSP URL: rtsp://rtsp-server:8554/stream
[2026-08-10 03:33:37] [INFO] StreamManager created worker for stream 'camera-19'
[2026-08-10 03:33:37] [INFO] StreamWorker[camera-20] initialized with RTSP URL: rtsp://rtsp-server:8554/stream
[2026-08-10 03:33:37] [INFO] StreamManager created worker for stream 'camera-20'
[2026-08-10 03:33:37] [INFO] StreamWorker[camera-21] initialized with RTSP URL: rtsp://rtsp-server:8554/stream
[2026-08-10 03:33:37] [INFO] StreamManager created worker for stream 'camera-21'
[2026-08-10 03:33:37] [INFO] StreamWorker[camera-22] initialized with RTSP URL: rtsp://rtsp-server:8554/stream
[2026-08-10 03:33:37] [INFO] StreamManager created worker for stream 'camera-22'
[2026-08-10 03:33:37] [INFO] StreamWorker[camera-23] initialized with RTSP URL: rtsp://rtsp-server:8554/stream
[2026-08-10 03:33:37] [INFO] StreamManager created worker for stream 'camera-23'
[2026-08-10 03:33:37] [INFO] StreamWorker[camera-24] initialized with RTSP URL: rtsp://rtsp-server:8554/stream
[2026-08-10 03:33:37] [INFO] StreamManager created worker for stream 'camera-24'
[2026-08-10 03:33:37] [INFO] StreamWorker[camera-25] initialized with RTSP URL: rtsp://rtsp-server:8554/stream
[2026-08-10 03:33:37] [INFO] StreamManager created worker for stream 'camera-25'
[2026-08-10 03:33:37] [INFO] StreamWorker[camera-26] initialized with RTSP URL: rtsp://rtsp-server:8554/stream
[2026-08-10 03:33:37] [INFO] StreamManager created worker for stream 'camera-26'
[2026-08-10 03:33:37] [INFO] StreamWorker[camera-27] initialized with RTSP URL: rtsp://rtsp-server:8554/stream
[2026-08-10 03:33:37] [INFO] StreamManager created worker for stream 'camera-27'
[2026-08-10 03:33:37] [INFO] StreamWorker[camera-28] initialized with RTSP URL: rtsp://rtsp-server:8554/stream
[2026-08-10 03:33:37] [INFO] StreamManager created worker for stream 'camera-28'
[2026-08-10 03:33:37] [INFO] StreamWorker[camera-29] initialized with RTSP URL: rtsp://rtsp-server:8554/stream
[2026-08-10 03:33:37] [INFO] StreamManager created worker for stream 'camera-29'
[2026-08-10 03:33:37] [INFO] StreamWorker[camera-30] initialized with RTSP URL: rtsp://rtsp-server:8554/stream
[2026-08-10 03:33:37] [INFO] StreamManager created worker for stream 'camera-30'
[2026-08-10 03:33:37] [INFO] StreamWorker[camera-31] initialized with RTSP URL: rtsp://rtsp-server:8554/stream
[2026-08-10 03:33:37] [INFO] StreamManager created worker for stream 'camera-31'
[2026-08-10 03:33:37] [INFO] StreamWorker[camera-32] initialized with RTSP URL: rtsp://rtsp-server:8554/stream
[2026-08-10 03:33:37] [INFO] StreamManager created worker for stream 'camera-32'
[2026-08-10 03:33:37] [INFO] StreamWorker[camera-33] initialized with RTSP URL: rtsp://rtsp-server:8554/stream
[2026-08-10 03:33:37] [INFO] StreamManager created worker for stream 'camera-33'
[2026-08-10 03:33:37] [INFO] StreamWorker[camera-34] initialized with RTSP URL: rtsp://rtsp-server:8554/stream
[2026-08-10 03:33:37] [INFO] StreamManager created worker for stream 'camera-34'
[2026-08-10 03:33:37] [INFO] StreamWorker[camera-35] initialized with RTSP URL: rtsp://rtsp-server:8554/stream
[2026-08-10 03:33:37] [INFO] StreamManager created worker for stream 'camera-35'
[2026-08-10 03:33:37] [INFO] StreamWorker[camera-36] initialized with RTSP URL: rtsp://rtsp-server:8554/stream
[2026-08-10 03:33:37] [INFO] StreamManager created worker for stream 'camera-36'
[2026-08-10 03:33:37] [INFO] StreamWorker[camera-37] initialized with RTSP URL: rtsp://rtsp-server:8554/stream
[2026-08-10 03:33:37] [INFO] StreamManager created worker for stream 'camera-37'
[2026-08-10 03:33:37] [INFO] StreamWorker[camera-38] initialized with RTSP URL: rtsp://rtsp-server:8554/stream
[2026-08-10 03:33:37] [INFO] StreamManager created worker for stream 'camera-38'
[2026-08-10 03:33:37] [INFO] StreamWorker[camera-39] initialized with RTSP URL: rtsp://rtsp-server:8554/stream
[2026-08-10 03:33:37] [INFO] StreamManager created worker for stream 'camera-39'
[2026-08-10 03:33:37] [INFO] StreamWorker[camera-40] initialized with RTSP URL: rtsp://rtsp-server:8554/stream
[2026-08-10 03:33:37] [INFO] StreamManager created worker for stream 'camera-40'
[2026-08-10 03:33:37] [INFO] StreamWorker[camera-41] initialized with RTSP URL: rtsp://rtsp-server:8554/stream
[2026-08-10 03:33:37] [INFO] StreamManager created worker for stream 'camera-41'
[2026-08-10 03:33:37] [INFO] StreamWorker[camera-42] initialized with RTSP URL: rtsp://rtsp-server:8554/stream
[2026-08-10 03:33:[h264 @ 0x730b58008a80] co located POCs unavailable
[h264 @ 0x730b50007c80] co located POCs unavailable
[h264 @ 0x730b54007c80] co located POCs unavailable
[h264 @ 0x730b44007c80] co located POCs unavailable
[h264 @ 0x730b38007c80] co located POCs unavailable
[h264 @ 0x730b34007c80] co located POCs unavailable
37] [INFO] StreamManager created worker for stream 'camera-42'
[2026-08-10 03:33:37] [INFO] StreamWorker[camera-43] initialized with RTSP URL: rtsp://rtsp-server:8554/stream
[2026-08-10 03:33:37] [INFO] StreamManager created worker for stream 'camera-43'
[2026-08-10 03:33:37] [INFO] StreamWorker[camera-44] initialized with RTSP URL: rtsp://rtsp-server:8554/stream
[2026-08-10 03:33:37] [INFO] StreamManager created worker for stream 'camera-44'
[2026-08-10 03:33:37] [INFO] StreamWorker[camera-45] initialized with RTSP URL: rtsp://rtsp-server:8554/stream
[2026-08-10 03:33:37] [INFO] StreamManager created worker for stream 'camera-45'
[2026-08-10 03:33:37] [INFO] StreamWorker[camera-46] initialized with RTSP URL: rtsp://rtsp-server:8554/stream
[2026-08-10 03:33:37] [INFO] StreamManager created worker for stream 'camera-46'
[2026-08-10 03:33:37] [INFO] StreamWorker[camera-47] initialized with RTSP URL: rtsp://rtsp-server:8554/stream
[2026-08-10 03:33:37] [INFO] StreamManager created worker for stream 'camera-47'
[2026-08-10 03:33:37] [INFO] StreamWorker[camera-48] initialized with RTSP URL: rtsp://rtsp-server:8554/stream
[2026-08-10 03:33:37] [INFO] StreamManager created worker for stream 'camera-48'
[2026-08-10 03:33:37] [INFO] StreamWorker[camera-49] initialized with RTSP URL: rtsp://rtsp-server:8554/stream
[2026-08-10 03:33:37] [INFO] StreamManager created worker for stream 'camera-49'
[2026-08-10 03:33:37] [INFO] StreamWorker[camera-50] initialized with RTSP URL: rtsp://rtsp-server:8554/stream
[2026-08-10 03:33:37] [INFO] StreamManager created worker for stream 'camera-50'
[2026-08-10 03:33:37] [INFO] StreamManager created 50 worker(s)
[2026-08-10 03:33:37] [INFO] StreamManager starting 50 stream(s)...
[2026-08-10 03:33:37] [INFO] StreamWorker[camera-1] starting...
[2026-08-10 03:33:37] [INFO] StreamWorker[camera-1] processing thread started
[2026-08-10 03:33:37] [INFO] StreamWorker[camera-1] started successfully
[2026-08-10 03:33:37] [INFO] StreamManager started stream 'camera-1'
[2026-08-10 03:33:37] [INFO] StreamWorker[camera-2] starting...
[2026-08-10 03:33:37] [INFO] StreamWorker[camera-2] processing thread started
[2026-08-10 03:33:37] [INFO] StreamWorker[camera-2] started successfully
[2026-08-10 03:33:37] [INFO] StreamManager started stream 'camera-2'
[2026-08-10 03:33:37] [INFO] StreamWorker[camera-3] starting...
[2026-08-10 03:33:37] [INFO] StreamWorker[camera-3] processing thread started
[2026-08-10 03:33:37] [INFO] StreamWorker[camera-3] started successfully
[2026-08-10 03:33:37] [INFO] StreamManager started stream 'camera-3'
[2026-08-10 03:33:37] [INFO] StreamWorker[camera-4] starting...
[2026-08-10 03:33:37] [INFO] StreamWorker[camera-4] processing thread started
[2026-08-10 03:33:37] [INFO] StreamWorker[camera-4] started successfully
[2026-08-10 03:33:37] [INFO] StreamManager started stream 'camera-4'
[2026-08-10 03:33:37] [INFO] StreamWorker[camera-5] starting...
[2026-08-10 03:33:37] [INFO] StreamWorker[camera-5] processing thread started
[2026-08-10 03:33:37] [INFO] StreamWorker[camera-5] started successfully
[2026-08-10 03:33:37] [INFO] StreamManager started stream 'camera-5'
[2026-08-10 03:33:37] [INFO] StreamWorker[camera-6] starting...
[2026-08-10 03:33:37] [INFO] StreamWorker[camera-6] processing thread started
[2026-08-10 03:33:37] [INFO] StreamWorker[camera-6] started successfully
[2026-08-10 03:33:37] [INFO] StreamManager started stream 'camera-6'
[2026-08-10 03:33:37] [INFO] StreamWorker[camera-7] starting...
[2026-08-10 03:33:37] [INFO] StreamWorker[camera-7] processing thread started
[2026-08-10 03:33:38] [INFO] StreamWorker[camera-7] started successfully
[2026-08-10 03:33:38] [INFO] StreamManager started stream 'camera-7'
[2026-08-10 03:33:38] [INFO] StreamWorker[camera-8] starting...
[2026-08-10 03:33:38] [INFO] StreamWorker[camera-8] processing thread started
[2026-08-10 03:33:38] [INFO] StreamWorker[camera-8] started successfully
[2026-08-10 03:33:38] [INFO] StreamManager started stream 'camera-8'
[2026-08-10 03:33:38] [INFO] StreamWorker[camera-9] starting...
[2026-08-10 03:33:38] [INFO] [2026-08-10 03:33:38] [WARN] PacketClock: PTS jitter detected: 7465 <= 10465 (count=1)
[2026-08-10 03:33:38] [WARN] PacketClock: DTS jitter detected: 4465 <= 10465 (count=1)
[2026-08-10 03:33:38] [WARN] PacketClock: DTS jitter detected: 7465 <= 10466 (count=2)
[2026-08-10 03:33:38] [WARN] PacketClock: PTS jitter detected: 13465 <= 16465 (count=2)
[2026-08-10 03:33:38] [WARN] PacketClock: DTS jitter detected: 10465 <= 10467 (count=3)
[2026-08-10 03:33:38] [WARN] PacketClock: PTS jitter detected: 19465 <= 22465 (count=3)
[2026-08-10 03:33:38] [WARN] PacketClock: PTS jitter detected: 37465 <= 40465 (count=4)
[2026-08-10 03:33:38] [WARN] PacketClock: PTS jitter detected: 43465 <= 49465 (count=5)
[2026-08-10 03:33:38] [WARN] PacketClock: PTS jitter detected: 46465 <= 49466 (count=6)
[2026-08-10 03:33:38] [WARN] PacketClock: PTS jitter detected: 52465 <= 55465 (count=7)
[2026-08-10 03:33:38] [WARN] PacketClock: PTS jitter detected: 58465 <= 61465 (count=8)
[2026-08-10 03:33:38] [WARN] PacketClock: PTS jitter detected: 64465 <= 67465 (count=9)
[2026-08-10 03:33:38] [WARN] PacketClock: PTS jitter detected: 70465 <= 73465 (count=10)
[h264 @ 0x730b2c007c80] co located POCs unavailable
[2026-08-10 03:33:38] [WARN] PacketClock: PTS jitter detected: 4384 <= 7384 (count=1)
[2026-08-10 03:33:38] [WARN] PacketClock: DTS jitter detected: 4384 <= 7385 (count=1)
[2026-08-10 03:33:38] [WARN] PacketClock: PTS jitter detected: 10384 <= 13384 (count=2)
[2026-08-10 03:33:38] [WARN] PacketClock: DTS jitter detected: 7384 <= 7386 (count=2)
[2026-08-10 03:33:38] [WARN] PacketClock: PTS jitter detected: 28384 <= 31384 (count=3)
[2026-08-10 03:33:38] [WARN] PacketClock: PTS jitter detected: 34384 <= 40384 (count=4)
[2026-08-10 03:33:38] [WARN] PacketClock: PTS jitter detected: 37384 <= 40385 (count=5)
[2026-08-10 03:33:38] [WARN] PacketClock: PTS jitter detected: 43384 <= 46384 (count=6)
[2026-08-10 03:33:38] [WARN] PacketClock: PTS jitter detected: 49384 <= 52384 (count=7)
[2026-08-10 03:33:38] [WARN] PacketClock: PTS jitter detected: 55384 <= 58384 (count=8)
[2026-08-10 03:33:38] [WARN] PacketClock: PTS jitter detected: 61384 <= 64384 (count=9)
[2026-08-10 03:33:38] [WARN] PacketClock: PTS jitter detected: 67384 <= 73384 (count=10)
[h264 @ 0x730b30007c80] co located POCs unavailable
[2026-08-10 03:33:38] [WARN] PacketClock: PTS jitter detected: 1402 <= 4402 (count=1)
[2026-08-10 03:33:38] [WARN] PacketClock: DTS jitter detected: 1402 <= 4403 (count=1)
[2026-08-10 03:33:38] [WARN] PacketClock: DTS jitter detected: 4402 <= 4404 (count=2)
[2026-08-10 03:33:38] [WARN] PacketClock: PTS jitter detected: 19402 <= 22402 (count=2)
[2026-08-10 03:33:38] [WARN] PacketClock: PTS jitter detected: 25402 <= 31402 (count=3)
[2026-08-10 03:33:38] [WARN] PacketClock: PTS jitter detected: 28402 <= 31403 (count=4)
[2026-08-10 03:33:38] [WARN] PacketClock: PTS jitter detected: 34402 <= 37402 (count=5)
[2026-08-10 03:33:38] [WARN] PacketClock: PTS jitter detected: 40402 <= 43402 (count=6)
[2026-08-10 03:33:38] [WARN] PacketClock: PTS jitter detected: 46402 <= 49402 (count=7)
[2026-08-10 03:33:38] [WARN] PacketClock: PTS jitter detected: 52402 <= 55402 (count=8)
[2026-08-10 03:33:38] [WARN] PacketClock: PTS jitter detected: 58402 <= 64402 (count=9)
[2026-08-10 03:33:38] [WARN] PacketClock: PTS jitter detected: 61402 <= 64403 (count=10)
[h264 @ 0x730b24007c80] co located POCs unavailable
StreamWorker[camera-9] processing thread started
[2026-08-10 03:33:38] [INFO] RtspSource: opened 'rtsp://rtsp-server:8554/stream' (transport=tcp, timeout_us=5000000)
[2026-08-10 03:33:38] [INFO] RtspSource: stream #0 codec=h264 resolution=1280x720 fps=30.00 time_base=1/90000
[2026-08-10 03:33:38] [INFO] StreamWorker[camera-1] RTSP source opened successfully
[2026-08-10 03:33:38] [INFO] HlsMuxer: resuming segment numbering from index 55 (last segment was 54)
[2026-08-10 03:33:38] [INFO] HlsMuxer: opened with config: segment_duration=2s, retention=1h, output_dir='/tmp/hls_output/camera-1/'
[2026-08-10 03:33:38] [INFO] StreamWorker[camera-1] HLS muxer initialized
[2026-08-10 03:33:38] [INFO] PacketClock: Generated synthetic PTS=1465 (DTS=rescaled) (count=0)
[2026-08-10 03:33:38] [INFO] HlsMuxer: starting segment 56: /tmp/hls_output/camera-1/segment_000056.ts
[2026-08-10 03:33:38] [INFO] HlsMuxer: wrote segment header with codec=video
[2026-08-10 03:33:38] [INFO] StreamWorker[camera-9] started successfully
[2026-08-10 03:33:38] [INFO] StreamManager started stream 'camera-9'
[2026-08-10 03:33:38] [INFO] StreamWorker[camera-10] starting...
[2026-08-10 03:33:38] [INFO] StreamWorker[camera-10] processing thread started
[2026-08-10 03:33:38] [INFO] RtspSource: opened 'rtsp://rtsp-server:8554/stream' (transport=tcp, timeout_us=5000000)
[2026-08-10 03:33:38] [INFO] RtspSource: stream #0 codec=h264 resolution=1280x720 fps=30.00 time_base=1/90000
[2026-08-10 03:33:38] [INFO] StreamWorker[camera-2] RTSP source opened successfully
[2026-08-10 03:33:38] [INFO] HlsMuxer: resuming segment numbering from index 37 (last segment was 36)
[2026-08-10 03:33:38] [INFO] HlsMuxer: opened with config: segment_duration=2s, retention=1h, output_dir='/tmp/hls_output/camera-2/'
[2026-08-10 03:33:38] [INFO] StreamWorker[camera-2] HLS muxer initialized
[2026-08-10 03:33:38] [INFO] PacketClock: Generated synthetic PTS=1384 (DTS=rescaled) (count=0)
[2026-08-10 03:33:38] [INFO] HlsMuxer: starting segment 38: /tmp/hls_output/camera-2/segment_000038.ts
[2026-08-10 03:33:38] [INFO] HlsMuxer: wrote segment header with codec=video
[2026-08-10 03:33:38] [INFO] StreamWorker[camera-10] started successfully
[2026-08-10 03:33:38] [INFO] StreamManager started stream 'camera-10'
[2026-08-10 03:33:38] [INFO] StreamWorker[camera-11] starting...
[2026-08-10 03:33:38] [INFO] StreamWorker[camera-11] processing thread started
[2026-08-10 03:33:38] [INFO] RtspSource: opened 'rtsp://rtsp-server:8554/stream' (transport=tcp, timeout_us=5000000)
[2026-08-10 03:33:38] [INFO] RtspSource: stream #0 codec=h264 resolution=1280x720 fps=30.00 time_base=1/90000
[2026-08-10 03:33:38] [INFO] StreamWorker[camera-3] RTSP source opened successfully
[2026-08-10 03:33:38] [INFO] HlsMuxer: resuming segment numbering from index 37 (last segment was 36)
[2026-08-10 03:33:38] [INFO] HlsMuxer: opened with config: segment_duration=2s, retention=1h, output_dir='/tmp/hls_output/camera-3/'
[2026-08-10 03:33:38] [INFO] StreamWorker[camera-3] HLS muxer initialized
[2026-08-10 03:33:38] [INFO] PacketClock: Generated synthetic PTS=-1598 (DTS=rescaled) (count=0)
[2026-08-10 03:33:38] [INFO] HlsMuxer: starting segment 38: /tmp/hls_output/camera-3/segment_000038.ts
[2026-08-10 03:33:38] [INFO] HlsMuxer: wrote segment header with codec=video
[2026-08-10 03:33:38] [INFO] StreamWorker[camera-11] started successfully
[2026-08-10 03:33:38] [INFO] StreamManager started stream 'camera-11'
[2026-08-10 03:33:38] [INFO] StreamWorker[camera-12] starting...
[2026-08-10 03:33:38] [INFO] StreamWorker[camera-12] processing thread started
[2026-08-10 03:33:38] [INFO] RtspSource: opened 'rtsp://rtsp-server:8554/stream' (transport=tcp, timeout_us=5000000)
[2026-08-10 03:33:38] [INFO] RtspSource: stream #0 codec=h264 resolution=1280x720 fps=30.00 time_base=1/90000
[2026-08-10 03:33:38] [INFO] StreamWorker[camera-4] RTSP source opened successfully
[2026-08-10 03:33:38] [INFO] HlsMuxer: resuming segment numbering from index 37 (last segment was 36)
[2026-08-10 03:33:38] [INFO] HlsMuxer: opened with config: segment_duration=2s, ret[2026-08-10 03:33:38] [WARN] PacketClock: DTS jitter detected: 4370 <= 7370 (count=1)
[2026-08-10 03:33:38] [WARN] PacketClock: PTS jitter detected: 10370 <= 13370 (count=1)
[2026-08-10 03:33:38] [WARN] PacketClock: DTS jitter detected: 7370 <= 7371 (count=2)
[2026-08-10 03:33:38] [WARN] PacketClock: PTS jitter detected: 16370 <= 22370 (count=2)
[2026-08-10 03:33:38] [WARN] PacketClock: PTS jitter detected: 19370 <= 22371 (count=3)
[2026-08-10 03:33:38] [WARN] PacketClock: PTS jitter detected: 25370 <= 28370 (count=4)
[2026-08-10 03:33:38] [WARN] PacketClock: PTS jitter detected: 31370 <= 34370 (count=5)
[2026-08-10 03:33:38] [WARN] PacketClock: PTS jitter detected: 37370 <= 40370 (count=6)
[2026-08-10 03:33:38] [WARN] PacketClock: PTS jitter detected: 43370 <= 46370 (count=7)
[2026-08-10 03:33:38] [WARN] PacketClock: PTS jitter detected: 49370 <= 55370 (count=8)
[2026-08-10 03:33:38] [WARN] PacketClock: PTS jitter detected: 52370 <= 55371 (count=9)
[2026-08-10 03:33:38] [WARN] PacketClock: PTS jitter detected: 58370 <= 61370 (count=10)
[h264 @ 0x730b28007c80] co located POCs unavailable
[2026-08-10 03:33:38] [WARN] PacketClock: PTS jitter detected: 7359 <= 13359 (count=1)
[2026-08-10 03:33:38] [WARN] PacketClock: DTS jitter detected: 1359 <= 13359 (count=1)
[2026-08-10 03:33:38] [WARN] PacketClock: PTS jitter detected: 10359 <= 13360 (count=2)
[2026-08-10 03:33:38] [WARN] PacketClock: DTS jitter detected: 7359 <= 13360 (count=2)
[2026-08-10 03:33:38] [WARN] PacketClock: DTS jitter detected: 10359 <= 13361 (count=3)
[2026-08-10 03:33:38] [WARN] PacketClock: PTS jitter detected: 16359 <= 19359 (count=3)
[2026-08-10 03:33:38] [WARN] PacketClock: DTS jitter detected: 13359 <= 13362 (count=4)
[2026-08-10 03:33:38] [WARN] PacketClock: PTS jitter detected: 22359 <= 25359 (count=4)
[2026-08-10 03:33:38] [WARN] PacketClock: PTS jitter detected: 28359 <= 31359 (count=5)
[2026-08-10 03:33:38] [WARN] PacketClock: PTS jitter detected: 34359 <= 37359 (count=6)
[2026-08-10 03:33:38] [WARN] PacketClock: PTS jitter detected: 40359 <= 46359 (count=7)
[2026-08-10 03:33:38] [WARN] PacketClock: PTS jitter detected: 43359 <= 46360 (count=8)
[2026-08-10 03:33:38] [WARN] PacketClock: PTS jitter detected: 49359 <= 52359 (count=9)
[2026-08-10 03:33:38] [WARN] PacketClock: PTS jitter detected: 55359 <= 58359 (count=10)
[h264 @ 0x730b1c007c80] co located POCs unavailable
[2026-08-10 03:33:38] [WARN] PacketClock: PTS jitter detected: 7306 <= 10306 (count=1)
[2026-08-10 03:33:38] [WARN] PacketClock: DTS jitter detected: 1306 <= 10306 (count=1)
[2026-08-10 03:33:38] [WARN] PacketClock: DTS jitter detected: 7306 <= 10307 (count=2)
[2026-08-10 03:33:38] [WARN] PacketClock: PTS jitter detected: 13306 <= 16306 (count=2)
[2026-08-10 03:33:38] [WARN] PacketClock: DTS jitter detected: 10306 <= 10308 (count=3)
[2026-08-10 03:33:38] [WARN] PacketClock: PTS jitter detected: 19306 <= 22306 (count=3)
[2026-08-10 03:33:38] [WARN] PacketClock: PTS jitter detected: 25306 <= 28306 (count=4)
[2026-08-10 03:33:38] [WARN] PacketClock: PTS jitter detected: 31306 <= 37306 (count=5)
[2026-08-10 03:33:38] [WARN] PacketClock: PTS jitter detected: 34306 <= 37307 (count=6)
[2026-08-10 03:33:38] [WARN] PacketClock: PTS jitter detected: 40306 <= 43306 (count=7)
[2026-08-10 03:33:38] [WARN] PacketClock: PTS jitter detected: 46306 <= 49306 (count=8)
[2026-08-10 03:33:38] [WARN] PacketClock: PTS jitter detected: 52306 <= 55306 (count=9)
[2026-08-10 03:33:38] [WARN] PacketClock: PTS jitter detected: 58306 <= 61306 (count=10)
[h264 @ 0x730b18007c80] co located POCs unavailable
[2026-08-10 03:33:38] [WARN] PacketClock: PTS jitter detected: 4311 <= 7311 (count=1)
[2026-08-10 03:33:38] [WARN] PacketClock: DTS jitter detected: 4311 <= 7312 (count=1)
[2026-08-10 03:33:38] [WARN] PacketClock: PTS jitter detected: 10311 <= 13311 (count=2)
[2026-08-10 03:33:38] [WARN] PacketClock: DTS jitter detected: 7311 <= 7313 (count=2)
[2026-08-10 03:33:38] [WARN] PacketClock: PTS jitter detected: 16311 <= 19311 (count=3)
[2026-08-10 03:33:38] [WARN] PacketClock: PTS jitter detected: 22311 <= 28311 (count=4)
[2026-08-10 03:33:38] [WARN] PacketClock: PTS jitter detected: 25311 <= 28312 (count=5)
[2026-08-10 03:33:38] [WARN] PacketClock: PTS jitter detected: 31311 <= 34311 (count=6)
[2026-08-10 03:33:38] [WARN] PacketClock: PTS jitter detected: 37311 <= 40311 (count=7)
[2026-08-10 03:33:38] [WARN] PacketClock: PTS jitter detected: 43311 <= 46311 (count=8)
[2026-08-10 03:33:38] [WARN] PacketClock: PTS jitter detected: 49311 <= 52311 (count=9)
[2026-08-10 03:33:38] [WARN] PacketClock: PTS jitter detected: 55311 <= 61311 (count=10)
[h264 @ 0x730b10007c80] co located POCs unavailable
ention=1h, output_dir='/tmp/hls_output/camera-4/'
[2026-08-10 03:33:38] [INFO] StreamWorker[camera-4] HLS muxer initialized
[2026-08-10 03:33:38] [INFO] PacketClock: Generated synthetic PTS=1370 (DTS=rescaled) (count=0)
[2026-08-10 03:33:38] [INFO] HlsMuxer: starting segment 38: /tmp/hls_output/camera-4/segment_000038.ts
[2026-08-10 03:33:38] [INFO] HlsMuxer: wrote segment header with codec=video
[2026-08-10 03:33:38] [INFO] StreamWorker[camera-12] started successfully
[2026-08-10 03:33:38] [INFO] StreamManager started stream 'camera-12'
[2026-08-10 03:33:38] [INFO] StreamWorker[camera-13] starting...
[2026-08-10 03:33:38] [INFO] StreamWorker[camera-13] processing thread started
[2026-08-10 03:33:38] [INFO] RtspSource: opened 'rtsp://rtsp-server:8554/stream' (transport=tcp, timeout_us=5000000)
[2026-08-10 03:33:38] [INFO] RtspSource: stream #0 codec=h264 resolution=1280x720 fps=30.00 time_base=1/90000
[2026-08-10 03:33:38] [INFO] StreamWorker[camera-5] RTSP source opened successfully
[2026-08-10 03:33:38] [INFO] HlsMuxer: resuming segment numbering from index 37 (last segment was 36)
[2026-08-10 03:33:38] [INFO] HlsMuxer: opened with config: segment_duration=2s, retention=1h, output_dir='/tmp/hls_output/camera-5/'
[2026-08-10 03:33:38] [INFO] StreamWorker[camera-5] HLS muxer initialized
[2026-08-10 03:33:38] [INFO] PacketClock: Generated synthetic PTS=-1641 (DTS=rescaled) (count=0)
[2026-08-10 03:33:38] [INFO] HlsMuxer: starting segment 38: /tmp/hls_output/camera-5/segment_000038.ts
[2026-08-10 03:33:38] [INFO] HlsMuxer: wrote segment header with codec=video
[2026-08-10 03:33:38] [INFO] StreamWorker[camera-13] started successfully
[2026-08-10 03:33:38] [INFO] StreamManager started stream 'camera-13'
[2026-08-10 03:33:38] [INFO] StreamWorker[camera-14] starting...
[2026-08-10 03:33:38] [INFO] StreamWorker[camera-14] processing thread started
[2026-08-10 03:33:38] [INFO] RtspSource: opened 'rtsp://rtsp-server:8554/stream' (transport=tcp, timeout_us=5000000)
[2026-08-10 03:33:38] [INFO] RtspSource: stream #0 codec=h264 resolution=1280x720 fps=30.00 time_base=1/90000
[2026-08-10 03:33:38] [INFO] StreamWorker[camera-6] RTSP source opened successfully
[2026-08-10 03:33:38] [INFO] HlsMuxer: resuming segment numbering from index 19 (last segment was 18)
[2026-08-10 03:33:38] [INFO] HlsMuxer: opened with config: segment_duration=2s, retention=1h, output_dir='/tmp/hls_output/camera-6/'
[2026-08-10 03:33:38] [INFO] StreamWorker[camera-6] HLS muxer initialized
[2026-08-10 03:33:38] [INFO] PacketClock: Generated synthetic PTS=-1694 (DTS=rescaled) (count=0)
[2026-08-10 03:33:38] [INFO] HlsMuxer: starting segment 20: /tmp/hls_output/camera-6/segment_000020.ts
[2026-08-10 03:33:38] [INFO] HlsMuxer: wrote segment header with codec=video
[2026-08-10 03:33:38] [INFO] StreamWorker[camera-14] started successfully
[2026-08-10 03:33:38] [INFO] StreamManager started stream 'camera-14'
[2026-08-10 03:33:38] [INFO] StreamWorker[camera-15] starting...
[2026-08-10 03:33:38] [INFO] StreamWorker[camera-15] processing thread started
[2026-08-10 03:33:38] [INFO] RtspSource: opened 'rtsp://rtsp-server:8554/stream' (transport=tcp, timeout_us=5000000)
[2026-08-10 03:33:38] [INFO] RtspSource: stream #0 codec=h264 resolution=1280x720 fps=30.00 time_base=1/90000
[2026-08-10 03:33:38] [INFO] StreamWorker[camera-7] RTSP source opened successfully
[2026-08-10 03:33:38] [INFO] HlsMuxer: resuming segment numbering from index 19 (last segment was 18)
[2026-08-10 03:33:38] [INFO] HlsMuxer: opened with config: segment_duration=2s, retention=1h, output_dir='/tmp/hls_output/camera-7/'
[2026-08-10 03:33:38] [INFO] StreamWorker[camera-7] HLS muxer initialized
[2026-08-10 03:33:38] [INFO] PacketClock: Generated synthetic PTS=1311 (DTS=rescaled) (count=0)
[2026-08-10 03:33:38] [INFO] HlsMuxer: starting segment 20: /tmp/hls_output/camera-7/segment_000020.ts
[2026-08-10 03:33:38] [INFO] HlsMuxer: wrote segment header with codec=video
[2026-08-10 03:33:38] [INFO] StreamWorker[camera-15] started successfully
[2026-08-10 03:33:38] [INFO] StreamManager started stream 'camera-15[2026-08-10 03:33:38] [WARN] PacketClock: PTS jitter detected: 1269 <= 4269 (count=1)
[2026-08-10 03:33:38] [WARN] PacketClock: DTS jitter detected: 1269 <= 4270 (count=1)
[2026-08-10 03:33:38] [WARN] PacketClock: PTS jitter detected: 7269 <= 10269 (count=2)
[2026-08-10 03:33:38] [WARN] PacketClock: DTS jitter detected: 4269 <= 4271 (count=2)
[2026-08-10 03:33:38] [WARN] PacketClock: PTS jitter detected: 13269 <= 19269 (count=3)
[2026-08-10 03:33:38] [WARN] PacketClock: PTS jitter detected: 16269 <= 19270 (count=4)
[2026-08-10 03:33:38] [WARN] PacketClock: PTS jitter detected: 22269 <= 25269 (count=5)
[2026-08-10 03:33:38] [WARN] PacketClock: PTS jitter detected: 28269 <= 31269 (count=6)
[2026-08-10 03:33:38] [WARN] PacketClock: PTS jitter detected: 34269 <= 37269 (count=7)
[2026-08-10 03:33:38] [WARN] PacketClock: PTS jitter detected: 40269 <= 43269 (count=8)
[2026-08-10 03:33:38] [WARN] PacketClock: PTS jitter detected: 46269 <= 52269 (count=9)
[2026-08-10 03:33:38] [WARN] PacketClock: PTS jitter detected: 49269 <= 52270 (count=10)
[h264 @ 0x730b14007c80] co located POCs unavailable
[2026-08-10 03:33:38] [WARN] PacketClock: PTS jitter detected: 4270 <= 10270 (count=1)
[2026-08-10 03:33:38] [WARN] PacketClock: PTS jitter detected: 7270 <= 10271 (count=2)
[2026-08-10 03:33:38] [WARN] PacketClock: DTS jitter detected: 4270 <= 10271 (count=1)
[2026-08-10 03:33:38] [WARN] PacketClock: DTS jitter detected: 7270 <= 10272 (count=2)
[2026-08-10 03:33:38] [WARN] PacketClock: PTS jitter detected: 13270 <= 16270 (count=3)
[2026-08-10 03:33:38] [WARN] PacketClock: DTS jitter detected: 10270 <= 10273 (count=3)
[2026-08-10 03:33:38] [WARN] PacketClock: PTS jitter detected: 19270 <= 22270 (count=4)
[2026-08-10 03:33:38] [WARN] PacketClock: PTS jitter detected: 25270 <= 28270 (count=5)
[2026-08-10 03:33:38] [WARN] PacketClock: PTS jitter detected: 31270 <= 34270 (count=6)
[2026-08-10 03:33:38] [WARN] PacketClock: PTS jitter detected: 37270 <= 43270 (count=7)
[2026-08-10 03:33:38] [WARN] PacketClock: PTS jitter detected: 40270 <= 43271 (count=8)
[2026-08-10 03:33:38] [WARN] PacketClock: PTS jitter detected: 46270 <= 49270 (count=9)
[2026-08-10 03:33:38] [WARN] PacketClock: PTS jitter detected: 55270 <= 61270 (count=10)
[h264 @ 0x730b08007c80] co located POCs unavailable
[2026-08-10 03:33:39] [WARN] PacketClock: PTS jitter detected: 4263 <= 7263 (count=1)
[2026-08-10 03:33:39] [WARN] PacketClock: DTS jitter detected: 4263 <= 7264 (count=1)
[2026-08-10 03:33:39] [WARN] PacketClock: PTS jitter detected: 10263 <= 13263 (count=2)
[2026-08-10 03:33:39] [WARN] PacketClock: DTS jitter detected: 7263 <= 7265 (count=2)
[2026-08-10 03:33:39] [WARN] PacketClock: PTS jitter detected: 16263 <= 19263 (count=3)
[2026-08-10 03:33:39] [WARN] PacketClock: PTS jitter detected: 22263 <= 25263 (count=4)
[2026-08-10 03:33:39] [WARN] PacketClock: PTS jitter detected: 28263 <= 34263 (count=5)
[2026-08-10 03:33:39] [WARN] PacketClock: PTS jitter detected: 31263 <= 34264 (count=6)
[2026-08-10 03:33:39] [WARN] PacketClock: PTS jitter detected: 37263 <= 40263 (count=7)
[2026-08-10 03:33:39] [WARN] PacketClock: PTS jitter detected: 46263 <= 52263 (count=8)
[2026-08-10 03:33:39] [WARN] PacketClock: PTS jitter detected: 43263 <= 52264 (count=9)
[2026-08-10 03:33:39] [WARN] PacketClock: PTS jitter detected: 49263 <= 52265 (count=10)
[h264 @ 0x730b0c007c80] co located POCs unavailable
'
[2026-08-10 03:33:38] [INFO] StreamWorker[camera-16] starting...
[2026-08-10 03:33:38] [INFO] StreamWorker[camera-16] processing thread started
[2026-08-10 03:33:38] [INFO] RtspSource: opened 'rtsp://rtsp-server:8554/stream' (transport=tcp, timeout_us=5000000)
[2026-08-10 03:33:38] [INFO] RtspSource: stream #0 codec=h264 resolution=1280x720 fps=30.00 time_base=1/90000
[2026-08-10 03:33:38] [INFO] StreamWorker[camera-8] RTSP source opened successfully
[2026-08-10 03:33:38] [INFO] HlsMuxer: resuming segment numbering from index 19 (last segment was 18)
[2026-08-10 03:33:38] [INFO] HlsMuxer: opened with config: segment_duration=2s, retention=1h, output_dir='/tmp/hls_output/camera-8/'
[2026-08-10 03:33:38] [INFO] StreamWorker[camera-8] HLS muxer initialized
[2026-08-10 03:33:38] [INFO] PacketClock: Generated synthetic PTS=-1731 (DTS=rescaled) (count=0)
[2026-08-10 03:33:38] [INFO] HlsMuxer: starting segment 20: /tmp/hls_output/camera-8/segment_000020.ts
[2026-08-10 03:33:38] [INFO] HlsMuxer: wrote segment header with codec=video
[2026-08-10 03:33:38] [INFO] StreamWorker[camera-16] started successfully
[2026-08-10 03:33:38] [INFO] StreamManager started stream 'camera-16'
[2026-08-10 03:33:38] [INFO] StreamWorker[camera-17] starting...
[2026-08-10 03:33:38] [INFO] StreamWorker[camera-17] processing thread started
[2026-08-10 03:33:38] [INFO] RtspSource: opened 'rtsp://rtsp-server:8554/stream' (transport=tcp, timeout_us=5000000)
[2026-08-10 03:33:38] [INFO] RtspSource: stream #0 codec=h264 resolution=1280x720 fps=30.00 time_base=1/90000
[2026-08-10 03:33:38] [INFO] StreamWorker[camera-9] RTSP source opened successfully
[2026-08-10 03:33:38] [INFO] HlsMuxer: resuming segment numbering from index 19 (last segment was 18)
[2026-08-10 03:33:38] [INFO] HlsMuxer: opened with config: segment_duration=2s, retention=1h, output_dir='/tmp/hls_output/camera-9/'
[2026-08-10 03:33:38] [INFO] StreamWorker[camera-9] HLS muxer initialized
[2026-08-10 03:33:38] [INFO] PacketClock: Generated synthetic PTS=1270 (DTS=rescaled) (count=0)
[2026-08-10 03:33:38] [INFO] HlsMuxer: starting segment 20: /tmp/hls_output/camera-9/segment_000020.ts
[2026-08-10 03:33:38] [INFO] HlsMuxer: wrote segment header with codec=video
[2026-08-10 03:33:39] [INFO] StreamWorker[camera-17] started successfully
[2026-08-10 03:33:39] [INFO] StreamManager started stream 'camera-17'
[2026-08-10 03:33:39] [INFO] StreamWorker[camera-18] starting...
[2026-08-10 03:33:39] [INFO] StreamWorker[camera-18] processing thread started
[2026-08-10 03:33:39] [INFO] RtspSource: opened 'rtsp://rtsp-server:8554/stream' (transport=tcp, timeout_us=5000000)
[2026-08-10 03:33:39] [INFO] RtspSource: stream #0 codec=h264 resolution=1280x720 fps=30.00 time_base=1/90000
[2026-08-10 03:33:39] [INFO] StreamWorker[camera-10] RTSP source opened successfully
[2026-08-10 03:33:39] [INFO] HlsMuxer: resuming segment numbering from index 19 (last segment was 18)
[2026-08-10 03:33:39] [INFO] HlsMuxer: opened with config: segment_duration=2s, retention=1h, output_dir='/tmp/hls_output/camera-10/'
[2026-08-10 03:33:39] [INFO] StreamWorker[camera-10] HLS muxer initialized
[2026-08-10 03:33:39] [INFO] PacketClock: Generated synthetic PTS=1263 (DTS=rescaled) (count=0)
[2026-08-10 03:33:39] [INFO] HlsMuxer: starting segment 20: /tmp/hls_output/camera-10/segment_000020.ts
[2026-08-10 03:33:39] [INFO] HlsMuxer: wrote segment header with codec=video
[2026-08-10 03:33:39] [INFO] RtspSource: opened 'rtsp://rtsp-server:8554/stream' (transport=tcp, timeout_us=5000000)
[2026-08-10 03:33:39] [INFO] RtspSource: stream #0 codec=h264 resolution=1280x720 fps=30.00 time_base=1/90000
[2026-08-10 03:33:39] [INFO] StreamWorker[camera-11] RTSP source opened successfully
[2026-08-10 03:33:39] [INFO] HlsMuxer: opened with config: segment_duration=2s, retention=1h, output_dir='/tmp/hls_output/camera-11/'
[2026-08-10 03:33:39] [INFO] StreamWorker[camera-11] HLS muxer initialized
[2026-08-10 03:33:39] [INFO] PacketClock: Generated synthetic PTS=-1739 (DTS=rescaled) (count=0)
[2026-08-10 03:33:39] [INFO] HlsMuxer: starting segment 1: /tmp[2026-08-10 03:33:39] [WARN] PacketClock: PTS jitter detected: 1261 <= 4261 (count=1)
[2026-08-10 03:33:39] [WARN] PacketClock: DTS jitter detected: 1261 <= 4262 (count=1)
[2026-08-10 03:33:39] [WARN] PacketClock: PTS jitter detected: 7261 <= 10261 (count=2)
[2026-08-10 03:33:39] [WARN] PacketClock: DTS jitter detected: 4261 <= 4263 (count=2)
[2026-08-10 03:33:39] [WARN] PacketClock: PTS jitter detected: 13261 <= 16261 (count=3)
[2026-08-10 03:33:39] [WARN] PacketClock: PTS jitter detected: 19261 <= 25261 (count=4)
[2026-08-10 03:33:39] [WARN] PacketClock: PTS jitter detected: 22261 <= 25262 (count=5)
[2026-08-10 03:33:39] [WARN] PacketClock: PTS jitter detected: 28261 <= 31261 (count=6)
[2026-08-10 03:33:39] [WARN] PacketClock: PTS jitter detected: 37261 <= 43261 (count=7)
[2026-08-10 03:33:39] [WARN] PacketClock: PTS jitter detected: 34261 <= 43262 (count=8)
[2026-08-10 03:33:39] [WARN] PacketClock: PTS jitter detected: 40261 <= 43263 (count=9)
[2026-08-10 03:33:39] [WARN] PacketClock: PTS jitter detected: 49261 <= 55261 (count=10)
[h264 @ 0x730b00007c80] co located POCs unavailable
[h264 @ 0x730b00007c80] mmco: unref short failure
[2026-08-10 03:33:39] [WARN] PacketClock: PTS jitter detected: 4230 <= 7230 (count=1)
[2026-08-10 03:33:39] [WARN] PacketClock: DTS jitter detected: 4230 <= 7231 (count=1)
[2026-08-10 03:33:39] [WARN] PacketClock: PTS jitter detected: 10230 <= 16230 (count=2)
[2026-08-10 03:33:39] [WARN] PacketClock: DTS jitter detected: 7230 <= 7232 (count=2)
[2026-08-10 03:33:39] [WARN] PacketClock: PTS jitter detected: 13230 <= 16231 (count=3)
[2026-08-10 03:33:39] [WARN] PacketClock: PTS jitter detected: 19230 <= 22230 (count=4)
[2026-08-10 03:33:39] [WARN] PacketClock: PTS jitter detected: 28230 <= 34230 (count=5)
[2026-08-10 03:33:39] [WARN] PacketClock: PTS jitter detected: 25230 <= 34231 (count=6)
[2026-08-10 03:33:39] [WARN] PacketClock: PTS jitter detected: 31230 <= 34232 (count=7)
[2026-08-10 03:33:39] [WARN] PacketClock: PTS jitter detected: 40230 <= 46230 (count=8)
[2026-08-10 03:33:39] [WARN] PacketClock: PTS jitter detected: 37230 <= 46231 (count=9)
[2026-08-10 03:33:39] [WARN] PacketClock: PTS jitter detected: 43230 <= 46232 (count=10)
[h264 @ 0x730b04007c80] co located POCs unavailable
[h264 @ 0x730b04007c80] mmco: unref short failure
[h264 @ 0x730b04007c80] mmco: unref short failure
[2026-08-10 03:33:39] [WARN] PacketClock: PTS jitter detected: 1187 <= 7187 (count=1)
[2026-08-10 03:33:39] [WARN] PacketClock: PTS jitter detected: 4187 <= 7188 (count=2)
[2026-08-10 03:33:39] [WARN] PacketClock: DTS jitter detected: 1187 <= 7188 (count=1)
[2026-08-10 03:33:39] [WARN] PacketClock: DTS jitter detected: 4187 <= 7189 (count=2)
[2026-08-10 03:33:39] [WARN] PacketClock: PTS jitter detected: 10187 <= 13187 (count=3)
[2026-08-10 03:33:39] [WARN] PacketClock: DTS jitter detected: 7187 <= 7190 (count=3)
[2026-08-10 03:33:39] [WARN] PacketClock: PTS jitter detected: 19187 <= 25187 (count=4)
[2026-08-10 03:33:39] [WARN] PacketClock: PTS jitter detected: 16187 <= 25188 (count=5)
[2026-08-10 03:33:39] [WARN] PacketClock: PTS jitter detected: 22187 <= 25189 (count=6)
[2026-08-10 03:33:39] [WARN] PacketClock: PTS jitter detected: 31187 <= 37187 (count=7)
[2026-08-10 03:33:39] [WARN] PacketClock: PTS jitter detected: 28187 <= 37188 (count=8)
[2026-08-10 03:33:39] [WARN] PacketClock: PTS jitter detected: 34187 <= 37189 (count=9)
[2026-08-10 03:33:39] [WARN] PacketClock: PTS jitter detected: 43187 <= 49187 (count=10)
[h264 @ 0x730af8007c80] co located POCs unavailable
[2026-08-10 03:33:39] [WARN] PacketClock: PTS jitter detected: 1187 <= 4187 (count=1)
[2026-08-10 03:33:39] [WARN] PacketClock: DTS jitter detected: 1187 <= 4188 (count=1)
[2026-08-10 03:33:39] [WARN] PacketClock: PTS jitter detected: 10187 <= 16187 (count=2)
[2026-08-10 03:33:39] [WARN] PacketClock: DTS jitter detected: 4187 <= 4189 (count=2)
[2026-08-10 03:33:39] [WARN] PacketClock: PTS jitter detected: 7187 <= 16188 (count=3)
[2026-08-10 03:33:39] [WARN] PacketClock: PTS jitter detected: 13187 <= 16189 (count=4)
[2026-08-10 03:33:39] [WARN] PacketClock: PTS jitter detected: 22187 <= 28187 (count=5)
[2026-08-10 03:33:39] [WARN] PacketClock: PTS jitter detected: 19187 <= 28188 (count=6)
[2026-08-10 03:33:39] [WARN] PacketClock: PTS jitter detected: 25187 <= 28189 (count=7)
[2026-08-10 03:33:39] [WARN] PacketClock: PTS jitter detected: 34187 <= 40187 (count=8)
[2026-08-10 03:33:39] [WARN] PacketClock: PTS jitter detected: 31187 <= 40188 (count=9)
[2026-08-10 03:33:39] [WARN] PacketClock: PTS jitter detected: 37187 <= 40189 (count=10)
/hls_output/camera-11/segment_000001.ts
[2026-08-10 03:33:39] [INFO] HlsMuxer: wrote segment header with codec=video
[2026-08-10 03:33:39] [INFO] StreamWorker[camera-18] started successfully
[2026-08-10 03:33:39] [INFO] StreamManager started stream 'camera-18'
[2026-08-10 03:33:39] [INFO] StreamWorker[camera-19] starting...
[2026-08-10 03:33:39] [INFO] StreamWorker[camera-19] processing thread started
[2026-08-10 03:33:39] [INFO] StreamWorker[camera-19] started successfully
[2026-08-10 03:33:39] [INFO] StreamManager started stream 'camera-19'
[2026-08-10 03:33:39] [INFO] StreamWorker[camera-20] starting...
[2026-08-10 03:33:39] [INFO] StreamWorker[camera-20] processing thread started
[2026-08-10 03:33:39] [INFO] RtspSource: opened 'rtsp://rtsp-server:8554/stream' (transport=tcp, timeout_us=5000000)
[2026-08-10 03:33:39] [INFO] RtspSource: stream #0 codec=h264 resolution=1280x720 fps=30.00 time_base=1/90000
[2026-08-10 03:33:39] [INFO] StreamWorker[camera-12] RTSP source opened successfully
[2026-08-10 03:33:39] [INFO] HlsMuxer: opened with config: segment_duration=2s, retention=1h, output_dir='/tmp/hls_output/camera-12/'
[2026-08-10 03:33:39] [INFO] StreamWorker[camera-12] HLS muxer initialized
[2026-08-10 03:33:39] [INFO] PacketClock: Generated synthetic PTS=1230 (DTS=rescaled) (count=0)
[2026-08-10 03:33:39] [INFO] HlsMuxer: starting segment 1: /tmp/hls_output/camera-12/segment_000001.ts
[2026-08-10 03:33:39] [INFO] HlsMuxer: wrote segment header with codec=video
[2026-08-10 03:33:39] [INFO] StreamWorker[camera-20] started successfully
[2026-08-10 03:33:39] [INFO] StreamManager started stream 'camera-20'
[2026-08-10 03:33:39] [INFO] StreamWorker[camera-21] starting...
[2026-08-10 03:33:39] [INFO] StreamWorker[camera-21] processing thread started
[2026-08-10 03:33:39] [INFO] RtspSource: opened 'rtsp://rtsp-server:8554/stream' (transport=tcp, timeout_us=5000000)
[2026-08-10 03:33:39] [INFO] RtspSource: stream #0 codec=h264 resolution=1280x720 fps=30.00 time_base=1/90000
[2026-08-10 03:33:39] [INFO] StreamWorker[camera-13] RTSP source opened successfully
[2026-08-10 03:33:39] [INFO] HlsMuxer: opened with config: segment_duration=2s, retention=1h, output_dir='/tmp/hls_output/camera-13/'
[2026-08-10 03:33:39] [INFO] StreamWorker[camera-13] HLS muxer initialized
[2026-08-10 03:33:39] [INFO] PacketClock: Generated synthetic PTS=-1813 (DTS=rescaled) (count=0)
[2026-08-10 03:33:39] [INFO] HlsMuxer: starting segment 1: /tmp/hls_output/camera-13/segment_000001.ts
[2026-08-10 03:33:39] [INFO] HlsMuxer: wrote segment header with codec=video
[2026-08-10 03:33:39] [INFO] HlsMuxer: closed segment 56: duration=1.97s, packets_total=60
[2026-08-10 03:33:39] [INFO] HlsMuxer: starting segment 57: /tmp/hls_output/camera-1/segment_000057.ts
[2026-08-10 03:33:39] [INFO] HlsMuxer: wrote segment header with codec=video
[2026-08-10 03:33:39] [INFO] RtspSource: opened 'rtsp://rtsp-server:8554/stream' (transport=tcp, timeout_us=5000000)
[2026-08-10 03:33:39] [INFO] RtspSource: stream #0 codec=h264 resolution=1280x720 fps=30.00 time_base=1/90000
[2026-08-10 03:33:39] [INFO] StreamWorker[camera-14] RTSP source opened successfully
[2026-08-10 03:33:39] [INFO] HlsMuxer: opened with config: segment_duration=2s, retention=1h, output_dir='/tmp/hls_output/camera-14/'
[2026-08-10 03:33:39] [INFO] StreamWorker[camera-14] HLS muxer initialized
[2026-08-10 03:33:39] [INFO] PacketClock: Generated synthetic PTS=-1813 (DTS=rescaled) (count=0)
[2026-08-10 03:33:39] [INFO] HlsMuxer: starting segment 1: /tmp/hls_output/camera-14/segment_000001.ts
[2026-08-10 03:33:39] [INFO] HlsMuxer: wrote segment header with codec=video
[2026-08-10 03:33:39] [INFO] StreamWorker[camera-21] started successfully
[2026-08-10 03:33:39] [INFO] StreamManager started stream 'camera-21'
[2026-08-10 03:33:39] [INFO] StreamWorker[camera-22] starting...
[2026-08-10 03:33:39] [INFO] StreamWorker[camera-22] processing thread started
[2026-08-10 03:33:39] [INFO] HlsMuxer: closed segment 38: duration=1.93s, packets_total=59
[2026-08-10 03:33:39] [INFO] HlsMuxer: starting segment 39: /tmp/hls_out[h264 @ 0x730af0007c80] co located POCs unavailable
[2026-08-10 03:33:39] [WARN] PacketClock: DTS jitter detected: -1853 <= 4147 (count=1)
[2026-08-10 03:33:39] [WARN] PacketClock: PTS jitter detected: 13147 <= 19147 (count=1)
[2026-08-10 03:33:39] [WARN] PacketClock: DTS jitter detected: 4147 <= 4148 (count=2)
[2026-08-10 03:33:39] [WARN] PacketClock: PTS jitter detected: 10147 <= 19148 (count=2)
[2026-08-10 03:33:39] [WARN] PacketClock: PTS jitter detected: 16147 <= 19149 (count=3)
[2026-08-10 03:33:39] [WARN] PacketClock: PTS jitter detected: 25147 <= 31147 (count=4)
[2026-08-10 03:33:39] [WARN] PacketClock: PTS jitter detected: 22147 <= 31148 (count=5)
[2026-08-10 03:33:39] [WARN] PacketClock: PTS jitter detected: 28147 <= 31149 (count=6)
[2026-08-10 03:33:39] [WARN] PacketClock: PTS jitter detected: 34147 <= 40147 (count=7)
[2026-08-10 03:33:39] [WARN] PacketClock: PTS jitter detected: 37147 <= 40148 (count=8)
[2026-08-10 03:33:39] [WARN] PacketClock: PTS jitter detected: 46147 <= 52147 (count=9)
[2026-08-10 03:33:39] [WARN] PacketClock: PTS jitter detected: 43147 <= 52148 (count=10)
[h264 @ 0x730af4007c80] co located POCs unavailable
[2026-08-10 03:33:39] [WARN] PacketClock: PTS jitter detected: 4128 <= 10128 (count=1)
[2026-08-10 03:33:39] [WARN] PacketClock: PTS jitter detected: 1128 <= 10129 (count=2)
[2026-08-10 03:33:39] [WARN] PacketClock: DTS jitter detected: 1128 <= 10129 (count=1)
[2026-08-10 03:33:39] [WARN] PacketClock: PTS jitter detected: 7128 <= 10130 (count=3)
[2026-08-10 03:33:39] [WARN] PacketClock: DTS jitter detected: 4128 <= 10130 (count=2)
[2026-08-10 03:33:39] [WARN] PacketClock: DTS jitter detected: 7128 <= 10131 (count=3)
[2026-08-10 03:33:39] [WARN] PacketClock: PTS jitter detected: 16128 <= 22128 (count=4)
[2026-08-10 03:33:39] [WARN] PacketClock: DTS jitter detected: 10128 <= 10132 (count=4)
[2026-08-10 03:33:39] [WARN] PacketClock: PTS jitter detected: 13128 <= 22129 (count=5)
[2026-08-10 03:33:39] [WARN] PacketClock: PTS jitter detected: 19128 <= 22130 (count=6)
[2026-08-10 03:33:39] [WARN] PacketClock: PTS jitter detected: 25128 <= 31128 (count=7)
[2026-08-10 03:33:39] [WARN] PacketClock: PTS jitter detected: 28128 <= 31129 (count=8)
[2026-08-10 03:33:39] [WARN] PacketClock: PTS jitter detected: 37128 <= 43128 (count=9)
[2026-08-10 03:33:39] [WARN] PacketClock: PTS jitter detected: 34128 <= 43129 (count=10)
[h264 @ 0x730ae8007c80] co located POCs unavailable
[2026-08-10 03:33:39] [WARN] PacketClock: PTS jitter detected: 7086 <= 13086 (count=1)
[2026-08-10 03:33:39] [WARN] PacketClock: DTS jitter detected: -1914 <= 13086 (count=1)
[2026-08-10 03:33:39] [WARN] PacketClock: PTS jitter detected: 4086 <= 13087 (count=2)
[2026-08-10 03:33:39] [WARN] PacketClock: DTS jitter detected: 4086 <= 13087 (count=2)
[2026-08-10 03:33:39] [WARN] PacketClock: PTS jitter detected: 10086 <= 13088 (count=3)
[2026-08-10 03:33:39] [WARN] PacketClock: DTS jitter detected: 7086 <= 13088 (count=3)
[2026-08-10 03:33:39] [WARN] PacketClock: DTS jitter detected: 10086 <= 13089 (count=4)
[2026-08-10 03:33:39] [WARN] PacketClock: PTS jitter detected: 16086 <= 22086 (count=4)
[2026-08-10 03:33:39] [WARN] PacketClock: DTS jitter detected: 13086 <= 13090 (count=5)
[2026-08-10 03:33:39] [WARN] PacketClock: PTS jitter detected: 19086 <= 22087 (count=5)
[2026-08-10 03:33:39] [WARN] PacketClock: PTS jitter detected: 28086 <= 34086 (count=6)
[2026-08-10 03:33:39] [WARN] PacketClock: PTS jitter detected: 25086 <= 34087 (count=7)
[2026-08-10 03:33:39] [WARN] PacketClock: PTS jitter detected: 31086 <= 34088 (count=8)
[2026-08-10 03:33:39] [WARN] PacketClock: PTS jitter detected: 43086 <= 49086 (count=9)
[2026-08-10 03:33:39] [WARN] PacketClock: PTS jitter detected: 46086 <= 49087 (count=10)
put/camera-2/segment_000039.ts
[2026-08-10 03:33:39] [INFO] HlsMuxer: wrote segment header with codec=video
[2026-08-10 03:33:39] [INFO] StreamWorker[camera-22] started successfully
[2026-08-10 03:33:39] [INFO] StreamManager started stream 'camera-22'
[2026-08-10 03:33:39] [INFO] StreamWorker[camera-23] starting...
[2026-08-10 03:33:39] [INFO] StreamWorker[camera-23] processing thread started
[2026-08-10 03:33:39] [INFO] RtspSource: opened 'rtsp://rtsp-server:8554/stream' (transport=tcp, timeout_us=5000000)
[2026-08-10 03:33:39] [INFO] HlsMuxer: closed segment 38: duration=1.97s, packets_total=60
[2026-08-10 03:33:39] [INFO] RtspSource: stream #0 codec=h264 resolution=1280x720 fps=30.00 time_base=1/90000
[2026-08-10 03:33:39] [INFO] StreamWorker[camera-15] RTSP source opened successfully
[2026-08-10 03:33:39] [INFO] HlsMuxer: opened with config: segment_duration=2s, retention=1h, output_dir='/tmp/hls_output/camera-15/'
[2026-08-10 03:33:39] [INFO] StreamWorker[camera-15] HLS muxer initialized
[2026-08-10 03:33:39] [INFO] PacketClock: Generated synthetic PTS=-4853 (DTS=rescaled) (count=0)
[2026-08-10 03:33:39] [INFO] HlsMuxer: starting segment 1: /tmp/hls_output/camera-15/segment_000001.ts
[2026-08-10 03:33:39] [INFO] HlsMuxer: starting segment 39: /tmp/hls_output/camera-3/segment_000039.ts
[2026-08-10 03:33:39] [INFO] HlsMuxer: wrote segment header with codec=video
[2026-08-10 03:33:39] [INFO] HlsMuxer: wrote segment header with codec=video
[2026-08-10 03:33:39] [INFO] StreamWorker[camera-23] started successfully
[2026-08-10 03:33:39] [INFO] StreamManager started stream 'camera-23'
[2026-08-10 03:33:39] [INFO] StreamWorker[camera-24] starting...
[2026-08-10 03:33:39] [INFO] StreamWorker[camera-24] processing thread started
[2026-08-10 03:33:39] [INFO] RtspSource: opened 'rtsp://rtsp-server:8554/stream' (transport=tcp, timeout_us=5000000)
[2026-08-10 03:33:39] [INFO] RtspSource: stream #0 codec=h264 resolution=1280x720 fps=30.00 time_base=1/90000
[2026-08-10 03:33:39] [INFO] StreamWorker[camera-16] RTSP source opened successfully
[2026-08-10 03:33:39] [INFO] HlsMuxer: opened with config: segment_duration=2s, retention=1h, output_dir='/tmp/hls_output/camera-16/'
[2026-08-10 03:33:39] [INFO] StreamWorker[camera-16] HLS muxer initialized
[2026-08-10 03:33:39] [INFO] PacketClock: Generated synthetic PTS=-1872 (DTS=rescaled) (count=0)
[2026-08-10 03:33:39] [INFO] HlsMuxer: starting segment 1: /tmp/hls_output/camera-16/segment_000001.ts
[2026-08-10 03:33:39] [INFO] HlsMuxer: wrote segment header with codec=video
[2026-08-10 03:33:39] [INFO] RtspSource: opened 'rtsp://rtsp-server:8554/stream' (transport=tcp, timeout_us=5000000)
[2026-08-10 03:33:39] [INFO] RtspSource: stream #0 codec=h264 resolution=1280x720 fps=30.00 time_base=1/90000
[2026-08-10 03:33:39] [INFO] StreamWorker[camera-17] RTSP source opened successfully
[2026-08-10 03:33:39] [INFO] HlsMuxer: closed segment 38: duration=1.97s, packets_total=60
[2026-08-10 03:33:39] [INFO] HlsMuxer: opened with config: segment_duration=2s, retention=1h, output_dir='/tmp/hls_output/camera-17/'
[2026-08-10 03:33:39] [INFO] StreamWorker[camera-17] HLS muxer initialized
[2026-08-10 03:33:39] [INFO] PacketClock: Generated synthetic PTS=-4914 (DTS=rescaled) (count=0)
[2026-08-10 03:33:39] [INFO] HlsMuxer: starting segment 1: /tmp/hls_output/camera-17/segment_000001.ts
[2026-08-10 03:33:39] [INFO] HlsMuxer: wrote segment header with codec=video
[2026-08-10 03:33:39] [INFO] HlsMuxer: starting segment 39: /tmp/hls_output/camera-4/segment_000039.ts
[2026-08-10 03:33:39] [INFO] HlsMuxer: wrote segment header with codec=video
[2026-08-10 03:33:39] [INFO] StreamWorker[camera-24] started successfully
[2026-08-10 03:33:39] [INFO] StreamManager started stream 'camera-24'
[2026-08-10 03:33:39] [INFO] StreamWorker[camera-25] starting...
[2026-08-10 03:33:39] [INFO] StreamWorker[camera-25] processing thread started
[2026-08-10 03:33:39] [INFO] HlsMuxer: closed segment 38: duration=1.97s, packets_total=59
[2026-08-10 03:33:39] [INFO] HlsMuxer: starting segment 39: /tmp/hls_output/camera-5/segment_0000[h264 @ 0x730aec007c80] co located POCs unavailable
[2026-08-10 03:33:39] [WARN] PacketClock: PTS jitter detected: 7070 <= 13070 (count=1)
[2026-08-10 03:33:39] [WARN] PacketClock: DTS jitter detected: 1070 <= 13070 (count=1)
[2026-08-10 03:33:39] [WARN] PacketClock: PTS jitter detected: 10070 <= 13071 (count=2)
[2026-08-10 03:33:39] [WARN] PacketClock: DTS jitter detected: 7070 <= 13071 (count=2)
[2026-08-10 03:33:39] [WARN] PacketClock: DTS jitter detected: 10070 <= 13072 (count=3)
[2026-08-10 03:33:39] [WARN] PacketClock: PTS jitter detected: 19070 <= 25070 (count=3)
[2026-08-10 03:33:39] [WARN] PacketClock: DTS jitter detected: 13070 <= 13073 (count=4)
[2026-08-10 03:33:39] [WARN] PacketClock: PTS jitter detected: 16070 <= 25071 (count=4)
[2026-08-10 03:33:39] [WARN] PacketClock: PTS jitter detected: 22070 <= 25072 (count=5)
[2026-08-10 03:33:39] [WARN] PacketClock: PTS jitter detected: 34070 <= 40070 (count=6)
[2026-08-10 03:33:39] [WARN] PacketClock: PTS jitter detected: 37070 <= 40071 (count=7)
[2026-08-10 03:33:39] [WARN] PacketClock: PTS jitter detected: 46070 <= 52070 (count=8)
[2026-08-10 03:33:39] [WARN] PacketClock: PTS jitter detected: 43070 <= 52071 (count=9)
[2026-08-10 03:33:39] [WARN] PacketClock: PTS jitter detected: 49070 <= 52072 (count=10)
[h264 @ 0x730ae0007c80] co located POCs unavailable
[2026-08-10 03:33:39] [WARN] PacketClock: PTS jitter detected: 10056 <= 16056 (count=1)
[2026-08-10 03:33:39] [WARN] PacketClock: DTS jitter detected: 1056 <= 16056 (count=1)
[2026-08-10 03:33:39] [WARN] PacketClock: PTS jitter detected: 7056 <= 16057 (count=2)
[2026-08-10 03:33:39] [WARN] PacketClock: DTS jitter detected: 7056 <= 16057 (count=2)
[2026-08-10 03:33:39] [WARN] PacketClock: PTS jitter detected: 13056 <= 16058 (count=3)
[2026-08-10 03:33:39] [WARN] PacketClock: DTS jitter detected: 10056 <= 16058 (count=3)
[2026-08-10 03:33:39] [WARN] PacketClock: DTS jitter detected: 13056 <= 16059 (count=4)
[2026-08-10 03:33:39] [WARN] PacketClock: DTS jitter detected: 16056 <= 16060 (count=5)
[2026-08-10 03:33:39] [WARN] PacketClock: PTS jitter detected: 25056 <= 31056 (count=4)
[2026-08-10 03:33:39] [WARN] PacketClock: PTS jitter detected: 28056 <= 31057 (count=5)
[2026-08-10 03:33:39] [WARN] PacketClock: PTS jitter detected: 37056 <= 43056 (count=6)
[2026-08-10 03:33:39] [WARN] PacketClock: PTS jitter detected: 34056 <= 43057 (count=7)
[2026-08-10 03:33:39] [WARN] PacketClock: PTS jitter detected: 40056 <= 43058 (count=8)
[2026-08-10 03:33:39] [WARN] PacketClock: PTS jitter detected: 46056 <= 49056 (count=9)
[2026-08-10 03:33:39] [WARN] PacketClock: PTS jitter detected: 52056 <= 58056 (count=10)
[h264 @ 0x730ae4007c80] co located POCs unavailable
[h264 @ 0x730ae4007c80] mmco: unref short failure
[2026-08-10 03:33:40] [WARN] PacketClock: DTS jitter detected: -1943 <= 4057 (count=1)
[2026-08-10 03:33:40] [WARN] PacketClock: DTS jitter detected: 4057 <= 4058 (count=2)
[2026-08-10 03:33:40] [WARN] PacketClock: PTS jitter detected: 16057 <= 22057 (count=1)
[2026-08-10 03:33:40] [WARN] PacketClock: PTS jitter detected: 19057 <= 22058 (count=2)
[2026-08-10 03:33:40] [WARN] PacketClock: PTS jitter detected: 28057 <= 34057 (count=3)
[2026-08-10 03:33:40] [WARN] PacketClock: PTS jitter detected: 25057 <= 34058 (count=4)
[2026-08-10 03:33:40] [WARN] PacketClock: PTS jitter detected: 31057 <= 34059 (count=5)
[2026-08-10 03:33:40] [WARN] PacketClock: PTS jitter detected: 37057 <= 40057 (count=6)
[2026-08-10 03:33:40] [WARN] PacketClock: PTS jitter detected: 43057 <= 49057 (count=7)
[2026-08-10 03:33:40] [WARN] PacketClock: PTS jitter detected: 46057 <= 49058 (count=8)
39.ts
[2026-08-10 03:33:39] [INFO] HlsMuxer: wrote segment header with codec=video
[2026-08-10 03:33:39] [INFO] StreamWorker[camera-25] started successfully
[2026-08-10 03:33:39] [INFO] StreamManager started stream 'camera-25'
[2026-08-10 03:33:39] [INFO] StreamWorker[camera-26] starting...
[2026-08-10 03:33:39] [INFO] StreamWorker[camera-26] processing thread started
[2026-08-10 03:33:39] [INFO] RtspSource: opened 'rtsp://rtsp-server:8554/stream' (transport=tcp, timeout_us=5000000)
[2026-08-10 03:33:39] [INFO] RtspSource: stream #0 codec=h264 resolution=1280x720 fps=30.00 time_base=1/90000
[2026-08-10 03:33:39] [INFO] StreamWorker[camera-18] RTSP source opened successfully
[2026-08-10 03:33:39] [INFO] HlsMuxer: closed segment 20: duration=1.97s, packets_total=59
[2026-08-10 03:33:39] [INFO] HlsMuxer: opened with config: segment_duration=2s, retention=1h, output_dir='/tmp/hls_output/camera-18/'
[2026-08-10 03:33:39] [INFO] StreamWorker[camera-18] HLS muxer initialized
[2026-08-10 03:33:39] [INFO] PacketClock: Generated synthetic PTS=-1930 (DTS=rescaled) (count=0)
[2026-08-10 03:33:39] [INFO] HlsMuxer: starting segment 1: /tmp/hls_output/camera-18/segment_000001.ts
[2026-08-10 03:33:39] [INFO] HlsMuxer: wrote segment header with codec=video
[2026-08-10 03:33:39] [INFO] HlsMuxer: starting segment 21: /tmp/hls_output/camera-6/segment_000021.ts
[2026-08-10 03:33:39] [INFO] HlsMuxer: wrote segment header with codec=video
[2026-08-10 03:33:39] [INFO] StreamWorker[camera-26] started successfully
[2026-08-10 03:33:39] [INFO] StreamManager started stream 'camera-26'
[2026-08-10 03:33:39] [INFO] StreamWorker[camera-27] starting...
[2026-08-10 03:33:39] [INFO] StreamWorker[camera-27] processing thread started
[2026-08-10 03:33:39] [INFO] RtspSource: opened 'rtsp://rtsp-server:8554/stream' (transport=tcp, timeout_us=5000000)
[2026-08-10 03:33:39] [INFO] RtspSource: stream #0 codec=h264 resolution=1280x720 fps=30.00 time_base=1/90000
[2026-08-10 03:33:39] [INFO] StreamWorker[camera-19] RTSP source opened successfully
[2026-08-10 03:33:39] [INFO] HlsMuxer: closed segment 20: duration=1.93s, packets_total=59
[2026-08-10 03:33:39] [INFO] HlsMuxer: opened with config: segment_duration=2s, retention=1h, output_dir='/tmp/hls_output/camera-19/'
[2026-08-10 03:33:39] [INFO] StreamWorker[camera-19] HLS muxer initialized
[2026-08-10 03:33:39] [INFO] PacketClock: Generated synthetic PTS=-1944 (DTS=rescaled) (count=0)
[2026-08-10 03:33:39] [INFO] HlsMuxer: starting segment 1: /tmp/hls_output/camera-19/segment_000001.ts
[2026-08-10 03:33:39] [INFO] HlsMuxer: wrote segment header with codec=video
[2026-08-10 03:33:39] [INFO] HlsMuxer: starting segment 21: /tmp/hls_output/camera-7/segment_000021.ts
[2026-08-10 03:33:39] [INFO] HlsMuxer: wrote segment header with codec=video
[2026-08-10 03:33:40] [INFO] StreamWorker[camera-27] started successfully
[2026-08-10 03:33:40] [INFO] StreamManager started stream 'camera-27'
[2026-08-10 03:33:40] [INFO] StreamWorker[camera-28] starting...
[2026-08-10 03:33:40] [INFO] StreamWorker[camera-28] processing thread started
[2026-08-10 03:33:40] [INFO] HlsMuxer: closed segment 20: duration=1.97s, packets_total=60
[2026-08-10 03:33:40] [INFO] RtspSource: opened 'rtsp://rtsp-server:8554/stream' (transport=tcp, timeout_us=5000000)
[2026-08-10 03:33:40] [INFO] RtspSource: stream #0 codec=h264 resolution=1280x720 fps=30.00 time_base=1/90000
[2026-08-10 03:33:40] [INFO] StreamWorker[camera-20] RTSP source opened successfully
[2026-08-10 03:33:40] [INFO] HlsMuxer: opened with config: segment_duration=2s, retention=1h, output_dir='/tmp/hls_output/camera-20/'
[2026-08-10 03:33:40] [INFO] StreamWorker[camera-20] HLS muxer initialized
[2026-08-10 03:33:40] [INFO] PacketClock: Generated synthetic PTS=-4943 (DTS=rescaled) (count=0)
[2026-08-10 03:33:40] [INFO] HlsMuxer: starting segment 1: /tmp/hls_output/camera-20/segment_000001.ts
[2026-08-10 03:33:40] [INFO] HlsMuxer: wrote segment header with codec=video
[2026-08-10 03:33:40] [INFO] HlsMuxer: starting segment 21: /tmp/hls_output/camera-8/segment_000021.ts
[2026-08-10 03:33:4[2026-08-10 03:33:40] [WARN] PacketClock: PTS jitter detected: 52057 <= 58057 (count=9)
[2026-08-10 03:33:40] [WARN] PacketClock: PTS jitter detected: 55057 <= 58058 (count=10)
[2026-08-10 03:33:40] [WARN] PacketClock: DTS jitter detected: 1050 <= 4050 (count=1)
[2026-08-10 03:33:40] [WARN] PacketClock: PTS jitter detected: 7050 <= 13050 (count=1)
[2026-08-10 03:33:40] [WARN] PacketClock: DTS jitter detected: 4050 <= 4051 (count=2)
[2026-08-10 03:33:40] [WARN] PacketClock: PTS jitter detected: 10050 <= 13051 (count=2)
[2026-08-10 03:33:40] [WARN] PacketClock: PTS jitter detected: 19050 <= 25050 (count=3)
[2026-08-10 03:33:40] [WARN] PacketClock: PTS jitter detected: 16050 <= 25051 (count=4)
[2026-08-10 03:33:40] [WARN] PacketClock: PTS jitter detected: 22050 <= 25052 (count=5)
[2026-08-10 03:33:40] [WARN] PacketClock: PTS jitter detected: 28050 <= 31050 (count=6)
[2026-08-10 03:33:40] [WARN] PacketClock: PTS jitter detected: 34050 <= 40050 (count=7)
[2026-08-10 03:33:40] [WARN] PacketClock: PTS jitter detected: 37050 <= 40051 (count=8)
[2026-08-10 03:33:40] [WARN] PacketClock: PTS jitter detected: 43050 <= 49050 (count=9)
[2026-08-10 03:33:40] [WARN] PacketClock: PTS jitter detected: 46050 <= 49051 (count=10)
[h264 @ 0x730ad8007c80] co located POCs unavailable
[h264 @ 0x730ad8007c80] mmco: unref short failure
[2026-08-10 03:33:40] [WARN] PacketClock: PTS jitter detected: 10026 <= 16026 (count=1)
[2026-08-10 03:33:40] [WARN] PacketClock: DTS jitter detected: 1026 <= 16026 (count=1)
[2026-08-10 03:33:40] [WARN] PacketClock: PTS jitter detected: 7026 <= 16027 (count=2)
[2026-08-10 03:33:40] [WARN] PacketClock: DTS jitter detected: 7026 <= 16027 (count=2)
[2026-08-10 03:33:40] [WARN] PacketClock: PTS jitter detected: 13026 <= 16028 (count=3)
[2026-08-10 03:33:40] [WARN] PacketClock: DTS jitter detected: 10026 <= 16028 (count=3)
[2026-08-10 03:33:40] [WARN] PacketClock: DTS jitter detected: 13026 <= 16029 (count=4)
[2026-08-10 03:33:40] [WARN] PacketClock: PTS jitter detected: 19026 <= 22026 (count=4)
[2026-08-10 03:33:40] [WARN] PacketClock: DTS jitter detected: 16026 <= 16030 (count=5)
[2026-08-10 03:33:40] [WARN] PacketClock: PTS jitter detected: 25026 <= 31026 (count=5)
[2026-08-10 03:33:40] [WARN] PacketClock: PTS jitter detected: 28026 <= 31027 (count=6)
[2026-08-10 03:33:40] [WARN] PacketClock: PTS jitter detected: 34026 <= 40026 (count=7)
[2026-08-10 03:33:40] [WARN] PacketClock: PTS jitter detected: 37026 <= 40027 (count=8)
[2026-08-10 03:33:40] [WARN] PacketClock: PTS jitter detected: 43026 <= 49026 (count=9)
[2026-08-10 03:33:40] [WARN] PacketClock: PTS jitter detected: 46026 <= 49027 (count=10)
[h264 @ 0x730ad4007c80] Missing reference picture, default is 0
[h264 @ 0x730ad4007c80] decode_slice_header error
0] [INFO] HlsMuxer: wrote segment header with codec=video
[2026-08-10 03:33:40] [INFO] RtspSource: opened 'rtsp://rtsp-server:8554/stream' (transport=tcp, timeout_us=5000000)
[2026-08-10 03:33:40] [INFO] RtspSource: stream #0 codec=h264 resolution=1280x720 fps=30.00 time_base=1/90000
[2026-08-10 03:33:40] [INFO] StreamWorker[camera-21] RTSP source opened successfully
[2026-08-10 03:33:40] [INFO] HlsMuxer: opened with config: segment_duration=2s, retention=1h, output_dir='/tmp/hls_output/camera-21/'
[2026-08-10 03:33:40] [INFO] StreamWorker[camera-21] HLS muxer initialized
[2026-08-10 03:33:40] [INFO] PacketClock: Generated synthetic PTS=-1950 (DTS=rescaled) (count=0)
[2026-08-10 03:33:40] [INFO] HlsMuxer: starting segment 1: /tmp/hls_output/camera-21/segment_000001.ts
[2026-08-10 03:33:40] [INFO] HlsMuxer: wrote segment header with codec=video
[2026-08-10 03:33:40] [INFO] StreamWorker[camera-28] started successfully
[2026-08-10 03:33:40] [INFO] StreamManager started stream 'camera-28'
[2026-08-10 03:33:40] [INFO] StreamWorker[camera-29] starting...
[2026-08-10 03:33:40] [INFO] StreamWorker[camera-29] processing thread started
[2026-08-10 03:33:40] [INFO] HlsMuxer: closed segment 20: duration=1.87s, packets_total=57
[2026-08-10 03:33:40] [INFO] HlsMuxer: closed segment 20: duration=1.97s, packets_total=60
[2026-08-10 03:33:40] [INFO] HlsMuxer: starting segment 21: /tmp/hls_output/camera-10/segment_000021.ts
[2026-08-10 03:33:40] [INFO] HlsMuxer: starting segment 21: /tmp/hls_output/camera-9/segment_000021.ts
[2026-08-10 03:33:40] [INFO] HlsMuxer: wrote segment header with codec=video
[2026-08-10 03:33:40] [INFO] HlsMuxer: wrote segment header with codec=video
[2026-08-10 03:33:40] [INFO] StreamWorker[camera-29] started successfully
[2026-08-10 03:33:40] [INFO] StreamManager started stream 'camera-29'
[2026-08-10 03:33:40] [INFO] StreamWorker[camera-30] starting...
[2026-08-10 03:33:40] [INFO] StreamWorker[camera-30] processing thread started
[2026-08-10 03:33:40] [INFO] RtspSource: opened 'rtsp://rtsp-server:8554/stream' (transport=tcp, timeout_us=5000000)
[2026-08-10 03:33:40] [INFO] RtspSource: stream #0 codec=h264 resolution=1280x720 fps=30.00 time_base=1/90000
[2026-08-10 03:33:40] [INFO] StreamWorker[camera-22] RTSP source opened successfully
[2026-08-10 03:33:40] [INFO] HlsMuxer: opened with config: segment_duration=2s, retention=1h, output_dir='/tmp/hls_output/camera-22/'
[2026-08-10 03:33:40] [INFO] StreamWorker[camera-22] HLS muxer initialized
[2026-08-10 03:33:40] [INFO] PacketClock: Generated synthetic PTS=-1974 (DTS=rescaled) (count=0)
[2026-08-10 03:33:40] [INFO] HlsMuxer: starting segment 1: /tmp/hls_output/camera-22/segment_000001.ts
[2026-08-10 03:33:40] [INFO] HlsMuxer: wrote segment header with codec=video
[2026-08-10 03:33:40] [INFO] HlsMuxer: closed segment 1: duration=1.93s, packets_total=59
[2026-08-10 03:33:40] [INFO] HlsMuxer: starting segment 2: /tmp/hls_output/camera-11/segment_000002.ts
[2026-08-10 03:33:40] [INFO] HlsMuxer: wrote segment header with codec=video
[2026-08-10 03:33:40] [INFO] StreamWorker[camera-30] started successfully
[2026-08-10 03:33:40] [INFO] StreamManager started stream 'camera-30'
[2026-08-10 03:33:40] [INFO] StreamWorker[camera-31] starting...
[2026-08-10 03:33:40] [INFO] StreamWorker[camera-31] processing thread started
[2026-08-10 03:33:40] [INFO] RtspSource: opened 'rtsp://rtsp-server:8554/stream' (transport=tcp, timeout_us=5000000)
[2026-08-10 03:33:40] [INFO] RtspSource: stream #0 codec=h264 resolution=1280x720 fps=30.00 time_base=1/90000
[2026-08-10 03:33:40] [INFO] StreamWorker[camera-23] RTSP source opened successfully
[2026-08-10 03:33:40] [INFO] HlsMuxer: opened with config: segment_duration=2s, retention=1h, output_dir='/tmp/hls_output/camera-23/'
[2026-08-10 03:33:40] [INFO] StreamWorker[camera-23] HLS muxer initialized
[2026-08-10 03:33:40] [INFO] PacketClock: Generated synthetic PTS=-5012 (DTS=rescaled) (count=0)
[2026-08-10 03:33:40] [INFO] HlsMuxer: starting segment 1: /tmp/hls_output/camera-23/segment_000001.ts
[2026-08-10 03:33:40] [INFO] HlsMuxer: wrote[2026-08-10 03:33:40] [WARN] PacketClock: DTS jitter detected: -2012 <= 3988 (count=1)
[2026-08-10 03:33:40] [WARN] PacketClock: PTS jitter detected: 9988 <= 12988 (count=1)
[2026-08-10 03:33:40] [WARN] PacketClock: DTS jitter detected: 3988 <= 3989 (count=2)
[2026-08-10 03:33:40] [WARN] PacketClock: PTS jitter detected: 15988 <= 21988 (count=2)
[2026-08-10 03:33:40] [WARN] PacketClock: PTS jitter detected: 18988 <= 21989 (count=3)
[2026-08-10 03:33:40] [WARN] PacketClock: PTS jitter detected: 24988 <= 30988 (count=4)
[2026-08-10 03:33:40] [WARN] PacketClock: PTS jitter detected: 27988 <= 30989 (count=5)
[2026-08-10 03:33:40] [WARN] PacketClock: PTS jitter detected: 33988 <= 39988 (count=6)
[2026-08-10 03:33:40] [WARN] PacketClock: PTS jitter detected: 36988 <= 39989 (count=7)
[2026-08-10 03:33:40] [WARN] PacketClock: PTS jitter detected: 45988 <= 51988 (count=8)
[2026-08-10 03:33:40] [WARN] PacketClock: PTS jitter detected: 42988 <= 51989 (count=9)
[2026-08-10 03:33:40] [WARN] PacketClock: PTS jitter detected: 48988 <= 51990 (count=10)
[h264 @ 0x730ac8007c80] co located POCs unavailable
[2026-08-10 03:33:40] [WARN] PacketClock: PTS jitter detected: 987 <= 3987 (count=1)
[2026-08-10 03:33:40] [WARN] PacketClock: DTS jitter detected: 987 <= 3988 (count=1)
[2026-08-10 03:33:40] [WARN] PacketClock: PTS jitter detected: 6987 <= 12987 (count=2)
[2026-08-10 03:33:40] [WARN] PacketClock: DTS jitter detected: 3987 <= 3989 (count=2)
[2026-08-10 03:33:40] [WARN] PacketClock: PTS jitter detected: 9987 <= 12988 (count=3)
[2026-08-10 03:33:40] [WARN] PacketClock: PTS jitter detected: 15987 <= 21987 (count=4)
[2026-08-10 03:33:40] [WARN] PacketClock: PTS jitter detected: 18987 <= 21988 (count=5)
[2026-08-10 03:33:40] [WARN] PacketClock: PTS jitter detected: 24987 <= 30987 (count=6)
[2026-08-10 03:33:40] [WARN] PacketClock: PTS jitter detected: 27987 <= 30988 (count=7)
[2026-08-10 03:33:40] [WARN] PacketClock: PTS jitter detected: 36987 <= 42987 (count=8)
[2026-08-10 03:33:40] [WARN] PacketClock: PTS jitter detected: 33987 <= 42988 (count=9)
[2026-08-10 03:33:40] [WARN] PacketClock: PTS jitter detected: 39987 <= 42989 (count=10)
[h264 @ 0x730acc007c80] co located POCs unavailable
[2026-08-10 03:33:40] [WARN] PacketClock: PTS jitter detected: 6951 <= 12951 (count=1)
[2026-08-10 03:33:40] [WARN] PacketClock: DTS jitter detected: 951 <= 12951 (count=1)
[2026-08-10 03:33:40] [WARN] PacketClock: PTS jitter detected: 9951 <= 12952 (count=2)
[2026-08-10 03:33:40] [WARN] PacketClock: DTS jitter detected: 6951 <= 12952 (count=2)
[2026-08-10 03:33:40] [WARN] PacketClock: DTS jitter detected: 9951 <= 12953 (count=3)
[2026-08-10 03:33:40] [WARN] PacketClock: PTS jitter detected: 15951 <= 21951 (count=3)
[2026-08-10 03:33:40] [WARN] PacketClock: DTS jitter detected: 12951 <= 12954 (count=4)
[2026-08-10 03:33:40] [WARN] PacketClock: PTS jitter detected: 18951 <= 21952 (count=4)
[2026-08-10 03:33:40] [WARN] PacketClock: PTS jitter detected: 27951 <= 33951 (count=5)
[2026-08-10 03:33:40] [WARN] PacketClock: PTS jitter detected: 24951 <= 33952 (count=6)
[2026-08-10 03:33:40] [WARN] PacketClock: PTS jitter detected: 30951 <= 33953 (count=7)
[2026-08-10 03:33:40] [WARN] PacketClock: PTS jitter detected: 39951 <= 45951 (count=8)
[2026-08-10 03:33:40] [WARN] PacketClock: PTS jitter detected: 36951 <= 45952 (count=9)
[2026-08-10 03:33:40] [WARN] PacketClock: PTS jitter detected: 42951 <= 45953 (count=10)
 segment header with codec=video
[2026-08-10 03:33:40] [INFO] StreamWorker[camera-31] started successfully
[2026-08-10 03:33:40] [INFO] StreamManager started stream 'camera-31'
[2026-08-10 03:33:40] [INFO] StreamWorker[camera-32] starting...
[2026-08-10 03:33:40] [INFO] StreamWorker[camera-32] processing thread started
[2026-08-10 03:33:40] [INFO] RtspSource: opened 'rtsp://rtsp-server:8554/stream' (transport=tcp, timeout_us=5000000)
[2026-08-10 03:33:40] [INFO] RtspSource: stream #0 codec=h264 resolution=1280x720 fps=30.00 time_base=1/90000
[2026-08-10 03:33:40] [INFO] StreamWorker[camera-24] RTSP source opened successfully
[2026-08-10 03:33:40] [INFO] HlsMuxer: opened with config: segment_duration=2s, retention=1h, output_dir='/tmp/hls_output/camera-24/'
[2026-08-10 03:33:40] [INFO] StreamWorker[camera-24] HLS muxer initialized
[2026-08-10 03:33:40] [INFO] PacketClock: Generated synthetic PTS=-2013 (DTS=rescaled) (count=0)
[2026-08-10 03:33:40] [INFO] HlsMuxer: starting segment 1: /tmp/hls_output/camera-24/segment_000001.ts
[2026-08-10 03:33:40] [INFO] HlsMuxer: wrote segment header with codec=video
[2026-08-10 03:33:40] [INFO] HlsMuxer: closed segment 1: duration=1.97s, packets_total=60
[2026-08-10 03:33:40] [INFO] HlsMuxer: starting segment 2: /tmp/hls_output/camera-12/segment_000002.ts
[2026-08-10 03:33:40] [INFO] HlsMuxer: closed segment 1: duration=1.90s, packets_total=58
[2026-08-10 03:33:40] [INFO] HlsMuxer: wrote segment header with codec=video
[2026-08-10 03:33:40] [INFO] HlsMuxer: starting segment 2: /tmp/hls_output/camera-13/segment_000002.ts
[2026-08-10 03:33:40] [INFO] HlsMuxer: wrote segment header with codec=video
[2026-08-10 03:33:40] [INFO] StreamWorker[camera-32] started successfully
[2026-08-10 03:33:40] [INFO] StreamManager started stream 'camera-32'
[2026-08-10 03:33:40] [INFO] StreamWorker[camera-33] starting...
[2026-08-10 03:33:40] [INFO] StreamWorker[camera-33] processing thread started
[2026-08-10 03:33:40] [INFO] RtspSource: opened 'rtsp://rtsp-server:8554/stream' (transport=tcp, timeout_us=5000000)
[2026-08-10 03:33:40] [INFO] RtspSource: stream #0 codec=h264 resolution=1280x720 fps=30.00 time_base=1/90000
[2026-08-10 03:33:40] [INFO] StreamWorker[camera-25] RTSP source opened successfully
[2026-08-10 03:33:40] [INFO] HlsMuxer: opened with config: segment_duration=2s, retention=1h, output_dir='/tmp/hls_output/camera-25/'
[2026-08-10 03:33:40] [INFO] StreamWorker[camera-25] HLS muxer initialized
[2026-08-10 03:33:40] [INFO] PacketClock: Generated synthetic PTS=-2049 (DTS=rescaled) (count=0)
[2026-08-10 03:33:40] [INFO] HlsMuxer: starting segment 1: /tmp/hls_output/camera-25/segment_000001.ts
[2026-08-10 03:33:40] [INFO] HlsMuxer: wrote segment header with codec=video
[2026-08-10 03:33:40] [INFO] HlsMuxer: closed segment 1: duration=1.90s, packets_total=58
[2026-08-10 03:33:40] [INFO] HlsMuxer: starting segment 2: /tmp/hls_output/camera-14/segment_000002.ts
[2026-08-10 03:33:40] [INFO] HlsMuxer: wrote segment header with codec=video
[2026-08-10 03:33:40] [INFO] StreamWorker[camera-33] started successfully
[2026-08-10 03:33:40] [INFO] StreamManager started stream 'camera-33'
[2026-08-10 03:33:40] [INFO] StreamWorker[camera-34] starting...
[2026-08-10 03:33:40] [INFO] StreamWorker[camera-34] processing thread started
[2026-08-10 03:33:40] [INFO] RtspSource: opened 'rtsp://rtsp-server:8554/stream' (transport=tcp, timeout_us=5000000)
[2026-08-10 03:33:40] [INFO] RtspSource: stream #0 codec=h264 resolution=1280x720 fps=30.00 time_base=1/90000
[2026-08-10 03:33:40] [INFO] StreamWorker[camera-26] RTSP source opened successfully
[2026-08-10 03:33:40] [INFO] HlsMuxer: opened with config: segment_duration=2s, retention=1h, output_dir='/tmp/hls_output/camera-26/'
[2026-08-10 03:33:40] [INFO] StreamWorker[camera-26] HLS muxer initialized
[2026-08-10 03:33:40] [INFO] PacketClock: Generated synthetic PTS=-2060 (DTS=rescaled) (count=0)
[2026-08-10 03:33:40] [INFO] HlsMuxer: starting segment 1: /tmp/hls_output/camera-26/segment_000001.ts
[2026-08-10 03:33:40] [INFO] HlsMuxer: wrote segment header with codec=v[2026-08-10 03:33:40] [WARN] PacketClock: PTS jitter detected: 6940 <= 12940 (count=1)
[2026-08-10 03:33:40] [WARN] PacketClock: DTS jitter detected: 940 <= 12940 (count=1)
[2026-08-10 03:33:40] [WARN] PacketClock: PTS jitter detected: 9940 <= 12941 (count=2)
[2026-08-10 03:33:40] [WARN] PacketClock: DTS jitter detected: 6940 <= 12941 (count=2)
[2026-08-10 03:33:40] [WARN] PacketClock: DTS jitter detected: 9940 <= 12942 (count=3)
[2026-08-10 03:33:40] [WARN] PacketClock: PTS jitter detected: 18940 <= 24940 (count=3)
[2026-08-10 03:33:40] [WARN] PacketClock: DTS jitter detected: 12940 <= 12943 (count=4)
[2026-08-10 03:33:40] [WARN] PacketClock: PTS jitter detected: 15940 <= 24941 (count=4)
[2026-08-10 03:33:40] [WARN] PacketClock: PTS jitter detected: 21940 <= 24942 (count=5)
[2026-08-10 03:33:40] [WARN] PacketClock: PTS jitter detected: 30940 <= 36940 (count=6)
[2026-08-10 03:33:40] [WARN] PacketClock: PTS jitter detected: 27940 <= 36941 (count=7)
[2026-08-10 03:33:40] [WARN] PacketClock: PTS jitter detected: 33940 <= 36942 (count=8)
[2026-08-10 03:33:40] [WARN] PacketClock: PTS jitter detected: 39940 <= 45940 (count=9)
[2026-08-10 03:33:40] [WARN] PacketClock: PTS jitter detected: 42940 <= 45941 (count=10)
[h264 @ 0x730ac4007c80] co located POCs unavailable
[2026-08-10 03:33:40] [WARN] PacketClock: PTS jitter detected: 9904 <= 15904 (count=1)
[2026-08-10 03:33:40] [WARN] PacketClock: DTS jitter detected: 904 <= 15904 (count=1)
[2026-08-10 03:33:40] [WARN] PacketClock: PTS jitter detected: 6904 <= 15905 (count=2)
[2026-08-10 03:33:40] [WARN] PacketClock: DTS jitter detected: 6904 <= 15905 (count=2)
[2026-08-10 03:33:40] [WARN] PacketClock: PTS jitter detected: 12904 <= 15906 (count=3)
[2026-08-10 03:33:40] [WARN] PacketClock: DTS jitter detected: 9904 <= 15906 (count=3)
[2026-08-10 03:33:40] [WARN] PacketClock: DTS jitter detected: 12904 <= 15907 (count=4)
[2026-08-10 03:33:40] [WARN] PacketClock: PTS jitter detected: 21904 <= 27904 (count=4)
[2026-08-10 03:33:40] [WARN] PacketClock: DTS jitter detected: 15904 <= 15908 (count=5)
[2026-08-10 03:33:40] [WARN] PacketClock: PTS jitter detected: 18904 <= 27905 (count=5)
[2026-08-10 03:33:40] [WARN] PacketClock: PTS jitter detected: 24904 <= 27906 (count=6)
[2026-08-10 03:33:40] [WARN] PacketClock: PTS jitter detected: 30904 <= 36904 (count=7)
[2026-08-10 03:33:40] [WARN] PacketClock: PTS jitter detected: 33904 <= 36905 (count=8)
[2026-08-10 03:33:40] [WARN] PacketClock: PTS jitter detected: 39904 <= 42904 (count=9)
[2026-08-10 03:33:40] [WARN] PacketClock: PTS jitter detected: 45904 <= 51904 (count=10)
[h264 @ 0x730ab8007c80] co located POCs unavailable
[2026-08-10 03:33:40] [WARN] PacketClock: DTS jitter detected: -2097 <= 3903 (count=1)
[2026-08-10 03:33:40] [WARN] PacketClock: PTS jitter detected: 12903 <= 18903 (count=1)
[2026-08-10 03:33:40] [WARN] PacketClock: DTS jitter detected: 3903 <= 3904 (count=2)
[2026-08-10 03:33:40] [WARN] PacketClock: PTS jitter detected: 9903 <= 18904 (count=2)
[2026-08-10 03:33:40] [WARN] PacketClock: PTS jitter detected: 15903 <= 18905 (count=3)
[2026-08-10 03:33:40] [WARN] PacketClock: PTS jitter detected: 21903 <= 27903 (count=4)
[2026-08-10 03:33:40] [WARN] PacketClock: PTS jitter detected: 24903 <= 27904 (count=5)
[2026-08-10 03:33:40] [WARN] PacketClock: PTS jitter detected: 30903 <= 33903 (count=6)
[2026-08-10 03:33:40] [WARN] PacketClock: PTS jitter detected: 36903 <= 42903 (count=7)
[2026-08-10 03:33:40] [WARN] PacketClock: PTS jitter detected: 39903 <= 42904 (count=8)
[2026-08-10 03:33:40] [WARN] PacketClock: PTS jitter detected: 45903 <= 51903 (count=9)
[2026-08-10 03:33:40] [WARN] PacketClock: PTS jitter detected: 48903 <= 51904 (count=10)
[h264 @ 0x730ab0007c80] co located POCs unavailable
ideo
[2026-08-10 03:33:40] [INFO] StreamWorker[camera-1] processed 100 video packets (segments=1)
[2026-08-10 03:33:40] [INFO] HlsMuxer: closed segment 1: duration=1.93s, packets_total=57
[2026-08-10 03:33:40] [INFO] HlsMuxer: starting segment 2: /tmp/hls_output/camera-15/segment_000002.ts
[2026-08-10 03:33:40] [INFO] HlsMuxer: wrote segment header with codec=video
[2026-08-10 03:33:40] [INFO] StreamWorker[camera-34] started successfully
[2026-08-10 03:33:40] [INFO] StreamManager started stream 'camera-34'
[2026-08-10 03:33:40] [INFO] StreamWorker[camera-35] starting...
[2026-08-10 03:33:40] [INFO] StreamWorker[camera-35] processing thread started
[2026-08-10 03:33:40] [INFO] RtspSource: opened 'rtsp://rtsp-server:8554/stream' (transport=tcp, timeout_us=5000000)
[2026-08-10 03:33:40] [INFO] RtspSource: stream #0 codec=h264 resolution=1280x720 fps=30.00 time_base=1/90000
[2026-08-10 03:33:40] [INFO] StreamWorker[camera-27] RTSP source opened successfully
[2026-08-10 03:33:40] [INFO] HlsMuxer: opened with config: segment_duration=2s, retention=1h, output_dir='/tmp/hls_output/camera-27/'
[2026-08-10 03:33:40] [INFO] StreamWorker[camera-27] HLS muxer initialized
[2026-08-10 03:33:40] [INFO] PacketClock: Generated synthetic PTS=-2096 (DTS=rescaled) (count=0)
[2026-08-10 03:33:40] [INFO] HlsMuxer: starting segment 1: /tmp/hls_output/camera-27/segment_000001.ts
[2026-08-10 03:33:40] [INFO] HlsMuxer: wrote segment header with codec=video
[2026-08-10 03:33:40] [INFO] StreamWorker[camera-2] processed 100 video packets (segments=1)
[2026-08-10 03:33:40] [INFO] StreamWorker[camera-35] started successfully
[2026-08-10 03:33:40] [INFO] StreamManager started stream 'camera-35'
[2026-08-10 03:33:40] [INFO] StreamWorker[camera-36] starting...
[2026-08-10 03:33:40] [INFO] StreamWorker[camera-36] processing thread started
[2026-08-10 03:33:40] [INFO] HlsMuxer: closed segment 1: duration=1.97s, packets_total=60
[2026-08-10 03:33:40] [INFO] StreamWorker[camera-3] processed 100 video packets (segments=1)
[2026-08-10 03:33:40] [INFO] HlsMuxer: starting segment 2: /tmp/hls_output/camera-16/segment_000002.ts
[2026-08-10 03:33:40] [INFO] HlsMuxer: wrote segment header with codec=video
[2026-08-10 03:33:40] [INFO] HlsMuxer: closed segment 1: duration=1.90s, packets_total=57
[2026-08-10 03:33:40] [INFO] RtspSource: opened 'rtsp://rtsp-server:8554/stream' (transport=tcp, timeout_us=5000000)
[2026-08-10 03:33:40] [INFO] RtspSource: stream #0 codec=h264 resolution=1280x720 fps=30.00 time_base=1/90000
[2026-08-10 03:33:40] [INFO] StreamWorker[camera-28] RTSP source opened successfully
[2026-08-10 03:33:40] [INFO] HlsMuxer: starting segment 2: /tmp/hls_output/camera-17/segment_000002.ts
[2026-08-10 03:33:40] [INFO] HlsMuxer: opened with config: segment_duration=2s, retention=1h, output_dir='/tmp/hls_output/camera-28/'
[2026-08-10 03:33:40] [INFO] StreamWorker[camera-28] HLS muxer initialized
[2026-08-10 03:33:40] [INFO] PacketClock: Generated synthetic PTS=-5097 (DTS=rescaled) (count=0)
[2026-08-10 03:33:40] [INFO] HlsMuxer: starting segment 1: /tmp/hls_output/camera-28/segment_000001.ts
[2026-08-10 03:33:40] [INFO] HlsMuxer: wrote segment header with codec=video
[2026-08-10 03:33:40] [INFO] HlsMuxer: wrote segment header with codec=video
[2026-08-10 03:33:40] [INFO] StreamWorker[camera-36] started successfully
[2026-08-10 03:33:40] [INFO] StreamManager started stream 'camera-36'
[2026-08-10 03:33:40] [INFO] StreamWorker[camera-37] starting...
[2026-08-10 03:33:40] [INFO] StreamWorker[camera-37] processing thread started
[2026-08-10 03:33:40] [INFO] RtspSource: opened 'rtsp://rtsp-server:8554/stream' (transport=tcp, timeout_us=5000000)
[2026-08-10 03:33:40] [INFO] RtspSource: stream #0 codec=h264 resolution=1280x720 fps=30.00 time_base=1/90000
[2026-08-10 03:33:40] [INFO] StreamWorker[camera-29] RTSP source opened successfully
[2026-08-10 03:33:40] [INFO] HlsMuxer: opened with config: segment_duration=2s, retention=1h, output_dir='/tmp/hls_output/camera-29/'
[2026-08-10 03:33:40] [INFO] StreamWorker[camera-29] HLS muxer initialized
[2026-08-10 03:33:40][2026-08-10 03:33:40] [WARN] PacketClock: PTS jitter detected: 886 <= 3886 (count=1)
[2026-08-10 03:33:40] [WARN] PacketClock: DTS jitter detected: 886 <= 3887 (count=1)
[2026-08-10 03:33:40] [WARN] PacketClock: DTS jitter detected: 3886 <= 3888 (count=2)
[2026-08-10 03:33:40] [WARN] PacketClock: PTS jitter detected: 12886 <= 18886 (count=2)
[2026-08-10 03:33:40] [WARN] PacketClock: PTS jitter detected: 15886 <= 18887 (count=3)
[2026-08-10 03:33:40] [WARN] PacketClock: PTS jitter detected: 21886 <= 24886 (count=4)
[2026-08-10 03:33:40] [WARN] PacketClock: PTS jitter detected: 27886 <= 33886 (count=5)
[2026-08-10 03:33:40] [WARN] PacketClock: PTS jitter detected: 30886 <= 33887 (count=6)
[2026-08-10 03:33:40] [WARN] PacketClock: PTS jitter detected: 36886 <= 42886 (count=7)
[2026-08-10 03:33:40] [WARN] PacketClock: PTS jitter detected: 39886 <= 42887 (count=8)
[2026-08-10 03:33:40] [WARN] PacketClock: PTS jitter detected: 45886 <= 51886 (count=9)
[2026-08-10 03:33:40] [WARN] PacketClock: PTS jitter detected: 48886 <= 51887 (count=10)
[2026-08-10 03:33:41] [WARN] PacketClock: PTS jitter detected: 3847 <= 9847 (count=1)
[2026-08-10 03:33:41] [WARN] PacketClock: DTS jitter detected: -2153 <= 9847 (count=1)
[2026-08-10 03:33:41] [WARN] PacketClock: PTS jitter detected: 6847 <= 9848 (count=2)
[2026-08-10 03:33:41] [WARN] PacketClock: DTS jitter detected: 3847 <= 9848 (count=2)
[2026-08-10 03:33:41] [WARN] PacketClock: DTS jitter detected: 6847 <= 9849 (count=3)
[2026-08-10 03:33:41] [WARN] PacketClock: PTS jitter detected: 12847 <= 15847 (count=3)
[2026-08-10 03:33:41] [WARN] PacketClock: DTS jitter detected: 9847 <= 9850 (count=4)
[2026-08-10 03:33:41] [WARN] PacketClock: PTS jitter detected: 18847 <= 24847 (count=4)
[2026-08-10 03:33:41] [WARN] PacketClock: PTS jitter detected: 21847 <= 24848 (count=5)
[2026-08-10 03:33:41] [WARN] PacketClock: PTS jitter detected: 27847 <= 33847 (count=6)
[2026-08-10 03:33:41] [WARN] PacketClock: PTS jitter detected: 30847 <= 33848 (count=7)
[2026-08-10 03:33:41] [WARN] PacketClock: PTS jitter detected: 36847 <= 42847 (count=8)
[2026-08-10 03:33:41] [WARN] PacketClock: PTS jitter detected: 39847 <= 42848 (count=9)
[2026-08-10 03:33:41] [WARN] PacketClock: PTS jitter detected: 45847 <= 48847 (count=10)
[h264 @ 0x730ab4007c80] co located POCs unavailable
[h264 @ 0x730aa8007c80] mmco: unref short failure
[2026-08-10 03:33:41] [WARN] PacketClock: PTS jitter detected: 3870 <= 6870 (count=1)
[2026-08-10 03:33:41] [WARN] PacketClock: DTS jitter detected: 3870 <= 6871 (count=1)
[2026-08-10 03:33:41] [WARN] PacketClock: PTS jitter detected: 9870 <= 15870 (count=2)
[2026-08-10 03:33:41] [WARN] PacketClock: DTS jitter detected: 6870 <= 6872 (count=2)
[2026-08-10 03:33:41] [WARN] PacketClock: PTS jitter detected: 12870 <= 15871 (count=3)
[2026-08-10 03:33:41] [WARN] PacketClock: PTS jitter detected: 18870 <= 24870 (count=4)
[2026-08-10 03:33:41] [WARN] PacketClock: PTS jitter detected: 21870 <= 24871 (count=5)
[2026-08-10 03:33:41] [WARN] PacketClock: PTS jitter detected: 27870 <= 33870 (count=6)
[2026-08-10 03:33:41] [WARN] PacketClock: PTS jitter detected: 30870 <= 33871 (count=7)
[2026-08-10 03:33:41] [WARN] PacketClock: PTS jitter detected: 36870 <= 39870 (count=8)
[2026-08-10 03:33:41] [WARN] PacketClock: PTS jitter detected: 42870 <= 48870 (count=9)
[2026-08-10 03:33:41] [WARN] PacketClock: PTS jitter detected: 45870 <= 48871 (count=10)
[h264 @ 0x730aac007c80] co located POCs unavailable
 [INFO] PacketClock: Generated synthetic PTS=-2114 (DTS=rescaled) (count=0)
[2026-08-10 03:33:40] [INFO] HlsMuxer: starting segment 1: /tmp/hls_output/camera-29/segment_000001.ts
[2026-08-10 03:33:40] [INFO] HlsMuxer: wrote segment header with codec=video
[2026-08-10 03:33:41] [INFO] StreamWorker[camera-4] processed 100 video packets (segments=1)
[2026-08-10 03:33:41] [INFO] RtspSource: opened 'rtsp://rtsp-server:8554/stream' (transport=tcp, timeout_us=5000000)
[2026-08-10 03:33:41] [INFO] RtspSource: stream #0 codec=h264 resolution=1280x720 fps=30.00 time_base=1/90000
[2026-08-10 03:33:41] [INFO] StreamWorker[camera-30] RTSP source opened successfully
[2026-08-10 03:33:41] [INFO] HlsMuxer: opened with config: segment_duration=2s, retention=1h, output_dir='/tmp/hls_output/camera-30/'
[2026-08-10 03:33:41] [INFO] StreamWorker[camera-30] HLS muxer initialized
[2026-08-10 03:33:41] [INFO] PacketClock: Generated synthetic PTS=-5153 (DTS=rescaled) (count=0)
[2026-08-10 03:33:41] [INFO] HlsMuxer: starting segment 1: /tmp/hls_output/camera-30/segment_000001.ts
[2026-08-10 03:33:41] [INFO] HlsMuxer: wrote segment header with codec=video
[2026-08-10 03:33:41] [INFO] StreamWorker[camera-37] started successfully
[2026-08-10 03:33:41] [INFO] StreamManager started stream 'camera-37'
[2026-08-10 03:33:41] [INFO] StreamWorker[camera-38] starting...
[2026-08-10 03:33:41] [INFO] StreamWorker[camera-38] processing thread started
[2026-08-10 03:33:41] [INFO] HlsMuxer: closed segment 1: duration=1.97s, packets_total=59
[2026-08-10 03:33:41] [INFO] HlsMuxer: starting segment 2: /tmp/hls_output/camera-18/segment_000002.ts
[2026-08-10 03:33:41] [INFO] HlsMuxer: wrote segment header with codec=video
[2026-08-10 03:33:41] [INFO] StreamWorker[camera-5] processed 100 video packets (segments=1)
[2026-08-10 03:33:41] [INFO] StreamWorker[camera-38] started successfully
[2026-08-10 03:33:41] [INFO] StreamManager started stream 'camera-38'
[2026-08-10 03:33:41] [INFO] StreamWorker[camera-39] starting...
[2026-08-10 03:33:41] [INFO] StreamWorker[camera-39] processing thread started
[2026-08-10 03:33:41] [INFO] HlsMuxer: closed segment 1: duration=1.97s, packets_total=59
[2026-08-10 03:33:41] [INFO] RtspSource: opened 'rtsp://rtsp-server:8554/stream' (transport=tcp, timeout_us=5000000)
[2026-08-10 03:33:41] [INFO] RtspSource: stream #0 codec=h264 resolution=1280x720 fps=30.00 time_base=1/90000
[2026-08-10 03:33:41] [INFO] StreamWorker[camera-6] processed 100 video packets (segments=1)
[2026-08-10 03:33:41] [INFO] StreamWorker[camera-31] RTSP source opened successfully
[2026-08-10 03:33:41] [INFO] HlsMuxer: starting segment 2: /tmp/hls_output/camera-19/segment_000002.ts
[2026-08-10 03:33:41] [INFO] HlsMuxer: opened with config: segment_duration=2s, retention=1h, output_dir='/tmp/hls_output/camera-31/'
[2026-08-10 03:33:41] [INFO] StreamWorker[camera-31] HLS muxer initialized
[2026-08-10 03:33:41] [INFO] PacketClock: Generated synthetic PTS=870 (DTS=rescaled) (count=0)
[2026-08-10 03:33:41] [INFO] HlsMuxer: starting segment 1: /tmp/hls_output/camera-31/segment_000001.ts
[2026-08-10 03:33:41] [INFO] HlsMuxer: wrote segment header with codec=video
[2026-08-10 03:33:41] [INFO] HlsMuxer: wrote segment header with codec=video
[2026-08-10 03:33:41] [INFO] StreamWorker[camera-39] started successfully
[2026-08-10 03:33:41] [INFO] StreamManager started stream 'camera-39'
[2026-08-10 03:33:41] [INFO] StreamWorker[camera-40] starting...
[2026-08-10 03:33:41] [INFO] StreamWorker[camera-40] processing thread started
[2026-08-10 03:33:41] [INFO] RtspSource: opened 'rtsp://rtsp-server:8554/stream' (transport=tcp, timeout_us=5000000)
[2026-08-10 03:33:41] [INFO] RtspSource: stream #0 codec=h264 resolution=1280x720 fps=30.00 time_base=1/90000
[2026-08-10 03:33:41] [INFO] StreamWorker[camera-32] RTSP source opened successfully
[2026-08-10 03:33:41] [INFO] HlsMuxer: opened with config: segment_duration=2s, retention=1h, output_dir='/tmp/hls_output/camera-32/'
[2026-08-10 03:33:41] [INFO] StreamWorker[camera-32] HLS muxer initialized
[2026-08-10 03:33:41] [INFO] PacketClock: [2026-08-10 03:33:41] [WARN] PacketClock: PTS jitter detected: 790 <= 6790 (count=1)
[2026-08-10 03:33:41] [WARN] PacketClock: PTS jitter detected: 3790 <= 6791 (count=2)
[2026-08-10 03:33:41] [WARN] PacketClock: DTS jitter detected: 790 <= 6791 (count=1)
[2026-08-10 03:33:41] [WARN] PacketClock: DTS jitter detected: 3790 <= 6792 (count=2)
[2026-08-10 03:33:41] [WARN] PacketClock: PTS jitter detected: 9790 <= 15790 (count=3)
[2026-08-10 03:33:41] [WARN] PacketClock: DTS jitter detected: 6790 <= 6793 (count=3)
[2026-08-10 03:33:41] [WARN] PacketClock: PTS jitter detected: 12790 <= 15791 (count=4)
[2026-08-10 03:33:41] [WARN] PacketClock: PTS jitter detected: 18790 <= 24790 (count=5)
[2026-08-10 03:33:41] [WARN] PacketClock: PTS jitter detected: 21790 <= 24791 (count=6)
[2026-08-10 03:33:41] [WARN] PacketClock: PTS jitter detected: 27790 <= 30790 (count=7)
[2026-08-10 03:33:41] [WARN] PacketClock: PTS jitter detected: 33790 <= 39790 (count=8)
[2026-08-10 03:33:41] [WARN] PacketClock: PTS jitter detected: 36790 <= 39791 (count=9)
[2026-08-10 03:33:41] [WARN] PacketClock: PTS jitter detected: 42790 <= 48790 (count=10)
[h264 @ 0x730aa0007c80] co located POCs unavailable
[2026-08-10 03:33:41] [WARN] PacketClock: DTS jitter detected: 809 <= 3809 (count=1)
[2026-08-10 03:33:41] [WARN] PacketClock: PTS jitter detected: 9809 <= 15809 (count=1)
[2026-08-10 03:33:41] [WARN] PacketClock: DTS jitter detected: 3809 <= 3810 (count=2)
[2026-08-10 03:33:41] [WARN] PacketClock: PTS jitter detected: 12809 <= 15810 (count=2)
[2026-08-10 03:33:41] [WARN] PacketClock: PTS jitter detected: 18809 <= 21809 (count=3)
[2026-08-10 03:33:41] [WARN] PacketClock: PTS jitter detected: 24809 <= 30809 (count=4)
[2026-08-10 03:33:41] [WARN] PacketClock: PTS jitter detected: 27809 <= 30810 (count=5)
[2026-08-10 03:33:41] [WARN] PacketClock: PTS jitter detected: 33809 <= 39809 (count=6)
[2026-08-10 03:33:41] [WARN] PacketClock: PTS jitter detected: 36809 <= 39810 (count=7)
[2026-08-10 03:33:41] [WARN] PacketClock: PTS jitter detected: 45809 <= 48809 (count=8)
[2026-08-10 03:33:41] [WARN] PacketClock: PTS jitter detected: 51809 <= 54809 (count=9)
[2026-08-10 03:33:41] [WARN] PacketClock: PTS jitter detected: 57809 <= 60809 (count=10)
[h264 @ 0x730aa4007c80] co located POCs unavailable
[2026-08-10 03:33:41] [WARN] PacketClock: PTS jitter detected: 800 <= 6800 (count=1)
[2026-08-10 03:33:41] [WARN] PacketClock: PTS jitter detected: 3800 <= 6801 (count=2)
[2026-08-10 03:33:41] [WARN] PacketClock: DTS jitter detected: 800 <= 6801 (count=1)
[2026-08-10 03:33:41] [WARN] PacketClock: DTS jitter detected: 3800 <= 6802 (count=2)
[2026-08-10 03:33:41] [WARN] PacketClock: PTS jitter detected: 9800 <= 12800 (count=3)
[2026-08-10 03:33:41] [WARN] PacketClock: DTS jitter detected: 6800 <= 6803 (count=3)
[2026-08-10 03:33:41] [WARN] PacketClock: PTS jitter detected: 15800 <= 21800 (count=4)
[2026-08-10 03:33:41] [WARN] PacketClock: PTS jitter detected: 18800 <= 21801 (count=5)
[2026-08-10 03:33:41] [WARN] PacketClock: PTS jitter detected: 24800 <= 30800 (count=6)
[2026-08-10 03:33:41] [WARN] PacketClock: PTS jitter detected: 27800 <= 30801 (count=7)
[2026-08-10 03:33:41] [WARN] PacketClock: PTS jitter detected: 36800 <= 39800 (count=8)
[2026-08-10 03:33:41] [WARN] PacketClock: PTS jitter detected: 42800 <= 45800 (count=9)
[2026-08-10 03:33:41] [WARN] PacketClock: PTS jitter detected: 48800 <= 51800 (count=10)
[h264 @ 0x730a98007c80] co located POCs unavailable
Generated synthetic PTS=-2210 (DTS=rescaled) (count=0)
[2026-08-10 03:33:41] [INFO] HlsMuxer: starting segment 1: /tmp/hls_output/camera-32/segment_000001.ts
[2026-08-10 03:33:41] [INFO] HlsMuxer: closed segment 1: duration=1.97s, packets_total=58
[2026-08-10 03:33:41] [INFO] HlsMuxer: wrote segment header with codec=video
[2026-08-10 03:33:41] [INFO] HlsMuxer: starting segment 2: /tmp/hls_output/camera-20/segment_000002.ts
[2026-08-10 03:33:41] [INFO] HlsMuxer: wrote segment header with codec=video
[2026-08-10 03:33:41] [INFO] StreamWorker[camera-7] processed 100 video packets (segments=1)
[2026-08-10 03:33:41] [INFO] StreamWorker[camera-40] started successfully
[2026-08-10 03:33:41] [INFO] StreamManager started stream 'camera-40'
[2026-08-10 03:33:41] [INFO] StreamWorker[camera-41] starting...
[2026-08-10 03:33:41] [INFO] StreamWorker[camera-41] processing thread started
[2026-08-10 03:33:41] [INFO] HlsMuxer: closed segment 57: duration=1.93s, packets_total=119
[2026-08-10 03:33:41] [INFO] StreamWorker[camera-8] processed 100 video packets (segments=1)
[2026-08-10 03:33:41] [INFO] HlsMuxer: starting segment 58: /tmp/hls_output/camera-1/segment_000058.ts
[2026-08-10 03:33:41] [INFO] RtspSource: opened 'rtsp://rtsp-server:8554/stream' (transport=tcp, timeout_us=5000000)
[2026-08-10 03:33:41] [INFO] RtspSource: stream #0 codec=h264 resolution=1280x720 fps=30.00 time_base=1/90000
[2026-08-10 03:33:41] [INFO] StreamWorker[camera-33] RTSP source opened successfully
[2026-08-10 03:33:41] [INFO] HlsMuxer: wrote segment header with codec=video
[2026-08-10 03:33:41] [INFO] HlsMuxer: closed segment 1: duration=1.97s, packets_total=60
[2026-08-10 03:33:41] [INFO] HlsMuxer: starting segment 2: /tmp/hls_output/camera-21/segment_000002.ts
[2026-08-10 03:33:41] [INFO] HlsMuxer: opened with config: segment_duration=2s, retention=1h, output_dir='/tmp/hls_output/camera-33/'
[2026-08-10 03:33:41] [INFO] StreamWorker[camera-33] HLS muxer initialized
[2026-08-10 03:33:41] [INFO] PacketClock: Generated synthetic PTS=-2191 (DTS=rescaled) (count=0)
[2026-08-10 03:33:41] [INFO] HlsMuxer: starting segment 1: /tmp/hls_output/camera-33/segment_000001.ts
[2026-08-10 03:33:41] [INFO] HlsMuxer: wrote segment header with codec=video
[2026-08-10 03:33:41] [INFO] HlsMuxer: wrote segment header with codec=video
[2026-08-10 03:33:41] [INFO] RtspSource: opened 'rtsp://rtsp-server:8554/stream' (transport=tcp, timeout_us=5000000)
[2026-08-10 03:33:41] [INFO] RtspSource: stream #0 codec=h264 resolution=1280x720 fps=30.00 time_base=1/90000
[2026-08-10 03:33:41] [INFO] StreamWorker[camera-34] RTSP source opened successfully
[2026-08-10 03:33:41] [INFO] HlsMuxer: opened with config: segment_duration=2s, retention=1h, output_dir='/tmp/hls_output/camera-34/'
[2026-08-10 03:33:41] [INFO] StreamWorker[camera-34] HLS muxer initialized
[2026-08-10 03:33:41] [INFO] PacketClock: Generated synthetic PTS=-2200 (DTS=rescaled) (count=0)
[2026-08-10 03:33:41] [INFO] HlsMuxer: starting segment 1: /tmp/hls_output/camera-34/segment_000001.ts
[2026-08-10 03:33:41] [INFO] HlsMuxer: wrote segment header with codec=video
[2026-08-10 03:33:41] [INFO] StreamWorker[camera-41] started successfully
[2026-08-10 03:33:41] [INFO] StreamManager started stream 'camera-41'
[2026-08-10 03:33:41] [INFO] StreamWorker[camera-42] starting...
[2026-08-10 03:33:41] [INFO] StreamWorker[camera-42] processing thread started
[2026-08-10 03:33:41] [INFO] StreamWorker[camera-9] processed 100 video packets (segments=1)
[2026-08-10 03:33:41] [INFO] HlsMuxer: closed segment 1: duration=1.97s, packets_total=59
[2026-08-10 03:33:41] [INFO] HlsMuxer: starting segment 2: /tmp/hls_output/camera-22/segment_000002.ts
[2026-08-10 03:33:41] [INFO] HlsMuxer: wrote segment header with codec=video
[2026-08-10 03:33:41] [INFO] StreamWorker[camera-42] started successfully
[2026-08-10 03:33:41] [INFO] StreamManager started stream 'camera-42'
[2026-08-10 03:33:41] [INFO] StreamWorker[camera-43] starting...
[2026-08-10 03:33:41] [INFO] StreamWorker[camera-43] processing thread started
[2026-08-10 03:33:41] [INFO] HlsMuxer: c[2026-08-10 03:33:41] [WARN] PacketClock: PTS jitter detected: 782 <= 3782 (count=1)
[2026-08-10 03:33:41] [WARN] PacketClock: DTS jitter detected: 782 <= 3783 (count=1)
[2026-08-10 03:33:41] [WARN] PacketClock: PTS jitter detected: 6782 <= 12782 (count=2)
[2026-08-10 03:33:41] [WARN] PacketClock: DTS jitter detected: 3782 <= 3784 (count=2)
[2026-08-10 03:33:41] [WARN] PacketClock: PTS jitter detected: 9782 <= 12783 (count=3)
[2026-08-10 03:33:41] [WARN] PacketClock: PTS jitter detected: 15782 <= 21782 (count=4)
[2026-08-10 03:33:41] [WARN] PacketClock: PTS jitter detected: 18782 <= 21783 (count=5)
[2026-08-10 03:33:41] [WARN] PacketClock: PTS jitter detected: 27782 <= 30782 (count=6)
[2026-08-10 03:33:41] [WARN] PacketClock: PTS jitter detected: 33782 <= 36782 (count=7)
[2026-08-10 03:33:41] [WARN] PacketClock: PTS jitter detected: 39782 <= 42782 (count=8)
[2026-08-10 03:33:41] [WARN] PacketClock: PTS jitter detected: 45782 <= 48782 (count=9)
[2026-08-10 03:33:41] [WARN] PacketClock: PTS jitter detected: 51782 <= 54782 (count=10)
[h264 @ 0x730a90007c80] co located POCs unavailable
[2026-08-10 03:33:41] [WARN] PacketClock: PTS jitter detected: 6748 <= 12748 (count=1)
[2026-08-10 03:33:41] [WARN] PacketClock: DTS jitter detected: 748 <= 12748 (count=1)
[2026-08-10 03:33:41] [WARN] PacketClock: PTS jitter detected: 9748 <= 12749 (count=2)
[2026-08-10 03:33:41] [WARN] PacketClock: DTS jitter detected: 6748 <= 12749 (count=2)
[2026-08-10 03:33:41] [WARN] PacketClock: DTS jitter detected: 9748 <= 12750 (count=3)
[2026-08-10 03:33:41] [WARN] PacketClock: DTS jitter detected: 12748 <= 12751 (count=4)
[2026-08-10 03:33:41] [WARN] PacketClock: PTS jitter detected: 18748 <= 21748 (count=3)
[2026-08-10 03:33:41] [WARN] PacketClock: PTS jitter detected: 24748 <= 27748 (count=4)
[2026-08-10 03:33:41] [WARN] PacketClock: PTS jitter detected: 30748 <= 33748 (count=5)
[2026-08-10 03:33:41] [WARN] PacketClock: PTS jitter detected: 36748 <= 39748 (count=6)
[2026-08-10 03:33:41] [WARN] PacketClock: PTS jitter detected: 42748 <= 45748 (count=7)
[2026-08-10 03:33:41] [WARN] PacketClock: PTS jitter detected: 51748 <= 54748 (count=8)
[2026-08-10 03:33:41] [WARN] PacketClock: PTS jitter detected: 57748 <= 60748 (count=9)
[2026-08-10 03:33:41] [WARN] PacketClock: PTS jitter detected: 72748 <= 75748 (count=10)
losed segment 39: duration=1.97s, packets_total=121
[2026-08-10 03:33:41] [INFO] HlsMuxer: closed segment 1: duration=1.97s, packets_total=58
[2026-08-10 03:33:41] [INFO] HlsMuxer: starting segment 2: /tmp/hls_output/camera-23/segment_000002.ts
[2026-08-10 03:33:41] [INFO] HlsMuxer: starting segment 40: /tmp/hls_output/camera-2/segment_000040.ts
[2026-08-10 03:33:41] [INFO] HlsMuxer: wrote segment header with codec=video
[2026-08-10 03:33:41] [INFO] HlsMuxer: wrote segment header with codec=video
[2026-08-10 03:33:41] [INFO] RtspSource: opened 'rtsp://rtsp-server:8554/stream' (transport=tcp, timeout_us=5000000)
[2026-08-10 03:33:41] [INFO] RtspSource: stream #0 codec=h264 resolution=1280x720 fps=30.00 time_base=1/90000
[2026-08-10 03:33:41] [INFO] StreamWorker[camera-35] RTSP source opened successfully
[2026-08-10 03:33:41] [INFO] HlsMuxer: opened with config: segment_duration=2s, retention=1h, output_dir='/tmp/hls_output/camera-35/'
[2026-08-10 03:33:41] [INFO] StreamWorker[camera-35] HLS muxer initialized
[2026-08-10 03:33:41] [INFO] PacketClock: Generated synthetic PTS=-2218 (DTS=rescaled) (count=0)
[2026-08-10 03:33:41] [INFO] HlsMuxer: starting segment 1: /tmp/hls_output/camera-35/segment_000001.ts
[2026-08-10 03:33:41] [INFO] HlsMuxer: wrote segment header with codec=video
[2026-08-10 03:33:41] [INFO] StreamWorker[camera-10] processed 100 video packets (segments=1)
[2026-08-10 03:33:41] [INFO] StreamWorker[camera-43] started successfully
[2026-08-10 03:33:41] [INFO] StreamManager started stream 'camera-43'
[2026-08-10 03:33:41] [INFO] StreamWorker[camera-44] starting...
[2026-08-10 03:33:41] [INFO] StreamWorker[camera-44] processing thread started
[2026-08-10 03:33:41] [INFO] RtspSource: opened 'rtsp://rtsp-server:8554/stream' (transport=tcp, timeout_us=5000000)
[2026-08-10 03:33:41] [INFO] RtspSource: stream #0 codec=h264 resolution=1280x720 fps=30.00 time_base=1/90000
[2026-08-10 03:33:41] [INFO] StreamWorker[camera-36] RTSP source opened successfully
[2026-08-10 03:33:41] [INFO] HlsMuxer: closed segment 39: duration=1.97s, packets_total=123
[2026-08-10 03:33:41] [INFO] HlsMuxer: closed segment 1: duration=1.97s, packets_total=60
[2026-08-10 03:33:41] [INFO] HlsMuxer: opened with config: segment_duration=2s, retention=1h, output_dir='/tmp/hls_output/camera-36/'
[2026-08-10 03:33:41] [INFO] StreamWorker[camera-36] HLS muxer initialized
[2026-08-10 03:33:41] [INFO] PacketClock: Generated synthetic PTS=-2252 (DTS=rescaled) (count=0)
[2026-08-10 03:33:41] [INFO] HlsMuxer: starting segment 1: /tmp/hls_output/camera-36/segment_000001.ts
[2026-08-10 03:33:41] [INFO] HlsMuxer: starting segment 2: /tmp/hls_output/camera-24/segment_000002.ts
[2026-08-10 03:33:41] [INFO] HlsMuxer: wrote segment header with codec=video
[2026-08-10 03:33:41] [INFO] HlsMuxer: wrote segment header with codec=video
[2026-08-10 03:33:41] [INFO] HlsMuxer: starting segment 40: /tmp/hls_output/camera-3/segment_000040.ts
[2026-08-10 03:33:41] [INFO] StreamWorker[camera-11] processed 100 video packets (segments=1)
[2026-08-10 03:33:41] [INFO] HlsMuxer: wrote segment header with codec=video
[2026-08-10 03:33:41] [INFO] HlsMuxer: closed segment 39: duration=1.93s, packets_total=120
[2026-08-10 03:33:41] [INFO] HlsMuxer: starting segment 40: /tmp/hls_output/camera-4/segment_000040.ts
[2026-08-10 03:33:41] [INFO] HlsMuxer: wrote segment header with codec=video
[2026-08-10 03:33:41] [INFO] StreamWorker[camera-44] started successfully
[2026-08-10 03:33:41] [INFO] StreamManager started stream 'camera-44'
[2026-08-10 03:33:41] [INFO] StreamWorker[camera-45] starting...
[2026-08-10 03:33:41] [INFO] StreamWorker[camera-45] processing thread started
[2026-08-10 03:33:41] [INFO] HlsMuxer: closed segment 1: duration=1.97s, packets_total=59
[2026-08-10 03:33:41] [INFO] HlsMuxer: starting segment 2: /tmp/hls_output/camera-25/segment_000002.ts
[2026-08-10 03:33:41] [INFO] RtspSource: opened 'rtsp://rtsp-server:8554/stream' (transport=tcp, timeout_us=5000000)
[2026-08-10 03:33:41] [INFO] RtspSource: stream #0 codec=h264 resolution=1280x720 fps=30.00 time_base=1/90000
[2026-08-10 03:33:41] [WARN] PacketClock: DTS jitter detected: 738 <= 6738 (count=1)
[2026-08-10 03:33:41] [WARN] PacketClock: PTS jitter detected: 9738 <= 12738 (count=1)
[2026-08-10 03:33:41] [WARN] PacketClock: DTS jitter detected: 6738 <= 6739 (count=2)
[2026-08-10 03:33:41] [WARN] PacketClock: PTS jitter detected: 15738 <= 18738 (count=2)
[2026-08-10 03:33:41] [WARN] PacketClock: PTS jitter detected: 21738 <= 24738 (count=3)
[2026-08-10 03:33:41] [WARN] PacketClock: PTS jitter detected: 27738 <= 30738 (count=4)
[2026-08-10 03:33:41] [WARN] PacketClock: PTS jitter detected: 33738 <= 36738 (count=5)
[2026-08-10 03:33:41] [WARN] PacketClock: PTS jitter detected: 42738 <= 45738 (count=6)
[2026-08-10 03:33:41] [WARN] PacketClock: PTS jitter detected: 48738 <= 51738 (count=7)
[2026-08-10 03:33:41] [WARN] PacketClock: PTS jitter detected: 63738 <= 66738 (count=8)
[2026-08-10 03:33:41] [WARN] PacketClock: PTS jitter detected: 69738 <= 72738 (count=9)
[h264 @ 0x730a88007c80] co located POCs unavailable
[2026-08-10 03:33:41] [WARN] PacketClock: PTS jitter detected: 75738 <= 78738 (count=10)
[2026-08-10 03:33:41] [WARN] PacketClock: PTS jitter detected: 6723 <= 9723 (count=1)
[2026-08-10 03:33:41] [WARN] PacketClock: DTS jitter detected: 723 <= 9723 (count=1)
[2026-08-10 03:33:41] [WARN] PacketClock: DTS jitter detected: 6723 <= 9724 (count=2)
[2026-08-10 03:33:41] [WARN] PacketClock: PTS jitter detected: 12723 <= 15723 (count=2)
[2026-08-10 03:33:41] [WARN] PacketClock: DTS jitter detected: 9723 <= 9725 (count=3)
[2026-08-10 03:33:41] [WARN] PacketClock: PTS jitter detected: 18723 <= 21723 (count=3)
[2026-08-10 03:33:41] [WARN] PacketClock: PTS jitter detected: 24723 <= 27723 (count=4)
[2026-08-10 03:33:41] [WARN] PacketClock: PTS jitter detected: 33723 <= 36723 (count=5)
[2026-08-10 03:33:41] [WARN] PacketClock: PTS jitter detected: 39723 <= 42723 (count=6)
[2026-08-10 03:33:41] [WARN] PacketClock: PTS jitter detected: 54723 <= 57723 (count=7)
[2026-08-10 03:33:41] [WARN] PacketClock: PTS jitter detected: 60723 <= 63723 (count=8)
[2026-08-10 03:33:41] [WARN] PacketClock: PTS jitter detected: 66723 <= 69723 (count=9)
[h264 @ 0x730a8c007c80] co located POCs unavailable
[2026-08-10 03:33:41] [WARN] PacketClock: PTS jitter detected: 72723 <= 75723 (count=10)
[2026-08-10 03:33:41] [INFO] StreamWorker[camera-37] RTSP source opened successfully
[2026-08-10 03:33:41] [INFO] HlsMuxer: wrote segment header with codec=video
[2026-08-10 03:33:41] [INFO] HlsMuxer: opened with config: segment_duration=2s, retention=1h, output_dir='/tmp/hls_output/camera-37/'
[2026-08-10 03:33:41] [INFO] StreamWorker[camera-37] HLS muxer initialized
[2026-08-10 03:33:41] [INFO] PacketClock: Generated synthetic PTS=-2262 (DTS=rescaled) (count=0)
[2026-08-10 03:33:41] [INFO] HlsMuxer: starting segment 1: /tmp/hls_output/camera-37/segment_000001.ts
[2026-08-10 03:33:41] [INFO] HlsMuxer: wrote segment header with codec=video
[2026-08-10 03:33:41] [INFO] StreamWorker[camera-12] processed 100 video packets (segments=1)
[2026-08-10 03:33:41] [INFO] StreamWorker[camera-45] started successfully
[2026-08-10 03:33:41] [INFO] StreamManager started stream 'camera-45'
[2026-08-10 03:33:41] [INFO] StreamWorker[camera-46] starting...
[2026-08-10 03:33:41] [INFO] StreamWorker[camera-46] processing thread started
[2026-08-10 03:33:41] [INFO] HlsMuxer: closed segment 1: duration=1.93s, packets_total=58
[2026-08-10 03:33:41] [INFO] HlsMuxer: starting segment 2: /tmp/hls_output/camera-26/segment_000002.ts
[2026-08-10 03:33:41] [INFO] HlsMuxer: wrote segment header with codec=video
[2026-08-10 03:33:41] [INFO] RtspSource: opened 'rtsp://rtsp-server:8554/stream' (transport=tcp, timeout_us=5000000)
[2026-08-10 03:33:41] [INFO] RtspSource: stream #0 codec=h264 resolution=1280x720 fps=30.00 time_base=1/90000
[2026-08-10 03:33:41] [INFO] StreamWorker[camera-38] RTSP source opened successfully
[2026-08-10 03:33:41] [INFO] StreamWorker[camera-13] processed 100 video packets (segments=1)
[2026-08-10 03:33:41] [INFO] HlsMuxer: opened with config: segment_duration=2s, retention=1h, output_dir='/tmp/hls_output/camera-38/'
[2026-08-10 03:33:41] [INFO] StreamWorker[camera-38] HLS muxer initialized
[2026-08-10 03:33:41] [INFO] PacketClock: Generated synthetic PTS=-2277 (DTS=rescaled) (count=0)
[2026-08-10 03:33:41] [INFO] HlsMuxer: starting segment 1: /tmp/hls_output/camera-38/segment_000001.ts
[2026-08-10 03:33:41] [INFO] HlsMuxer: wrote segment header with codec=video
[2026-08-10 03:33:41] [INFO] HlsMuxer: closed segment 39: duration=1.97s, packets_total=121
[2026-08-10 03:33:41] [INFO] HlsMuxer: starting segment 40: /tmp/hls_output/camera-5/segment_000040.ts
[2026-08-10 03:33:41] [INFO] HlsMuxer: wrote segment header with codec=video
[2026-08-10 03:33:41] [INFO] HlsMuxer: closed segment 21: duration=1.93s, packets_total=120
[2026-08-10 03:33:41] [INFO] HlsMuxer: starting segment 22: /tmp/hls_output/camera-6/segment_000022.ts
[2026-08-10 03:33:41] [INFO] HlsMuxer: wrote segment header with codec=video
[2026-08-10 03:33:41] [INFO] StreamWorker[camera-46] started successfully
[2026-08-10 03:33:41] [INFO] StreamManager started stream 'camera-46'
[2026-08-10 03:33:41] [INFO] StreamWorker[camera-47] starting...
[2026-08-10 03:33:41] [INFO] StreamWorker[camera-47] processing thread started
[2026-08-10 03:33:41] [INFO] StreamWorker[camera-14] processed 100 video packets (segments=1)
[2026-08-10 03:33:41] [INFO] HlsMuxer: closed segment 1: duration=1.97s, packets_total=59
[2026-08-10 03:33:41] [INFO] HlsMuxer: starting segment 2: /tmp/hls_output/camera-27/segment_000002.ts
[2026-08-10 03:33:41] [INFO] HlsMuxer: wrote segment header with codec=video
[2026-08-10 03:33:41] [INFO] RtspSource: opened 'rtsp://rtsp-server:8554/stream' (transport=tcp, timeout_us=5000000)
[2026-08-10 03:33:41] [INFO] RtspSource: stream #0 codec=h264 resolution=1280x720 fps=30.00 time_base=1/90000
[2026-08-10 03:33:41] [INFO] StreamWorker[camera-39] RTSP source opened successfully
[2026-08-10 03:33:41] [INFO] HlsMuxer: opened with config: segment_duration=2s, retention=1h, output_dir='/tmp/hls_output/camera-39/'
[2026-08-10 03:33:41] [INFO] StreamWorker[camera-39] HLS muxer initialized
[2026-08-10 03:33:41] [INFO] PacketClock: Generated synthetic PTS=681 (DTS=rescaled) (count=0)
[2026-08-10 03:33:41] [INFO] HlsMuxer: starting segment 1: /tmp/hls_output/camera-39/segment[2026-08-10 03:33:41] [WARN] PacketClock: PTS jitter detected: 3681 <= 6681 (count=1)
[2026-08-10 03:33:41] [WARN] PacketClock: DTS jitter detected: 3681 <= 6682 (count=1)
[2026-08-10 03:33:41] [WARN] PacketClock: PTS jitter detected: 9681 <= 12681 (count=2)
[2026-08-10 03:33:41] [WARN] PacketClock: DTS jitter detected: 6681 <= 6683 (count=2)
[2026-08-10 03:33:41] [WARN] PacketClock: PTS jitter detected: 15681 <= 18681 (count=3)
[2026-08-10 03:33:41] [WARN] PacketClock: PTS jitter detected: 24681 <= 27681 (count=4)
[2026-08-10 03:33:41] [WARN] PacketClock: PTS jitter detected: 30681 <= 33681 (count=5)
[2026-08-10 03:33:41] [WARN] PacketClock: PTS jitter detected: 45681 <= 48681 (count=6)
[2026-08-10 03:33:41] [WARN] PacketClock: PTS jitter detected: 51681 <= 54681 (count=7)
[2026-08-10 03:33:41] [WARN] PacketClock: PTS jitter detected: 57681 <= 60681 (count=8)
[2026-08-10 03:33:41] [WARN] PacketClock: PTS jitter detected: 63681 <= 66681 (count=9)
[2026-08-10 03:33:41] [WARN] PacketClock: PTS jitter detected: 69681 <= 72681 (count=10)
[h264 @ 0x730a80007c80] co located POCs unavailable
[2026-08-10 03:33:42] [WARN] PacketClock: PTS jitter detected: 683 <= 3683 (count=1)
[2026-08-10 03:33:42] [WARN] PacketClock: DTS jitter detected: 683 <= 3684 (count=1)
[2026-08-10 03:33:42] [WARN] PacketClock: PTS jitter detected: 6683 <= 9683 (count=2)
[2026-08-10 03:33:42] [WARN] PacketClock: DTS jitter detected: 3683 <= 3685 (count=2)
[2026-08-10 03:33:42] [WARN] PacketClock: PTS jitter detected: 15683 <= 18683 (count=3)
[2026-08-10 03:33:42] [WARN] PacketClock: PTS jitter detected: 21683 <= 24683 (count=4)
[2026-08-10 03:33:42] [WARN] PacketClock: PTS jitter detected: 36683 <= 39683 (count=5)
[2026-08-10 03:33:42] [WARN] PacketClock: PTS jitter detected: 42683 <= 45683 (count=6)
[2026-08-10 03:33:42] [WARN] PacketClock: PTS jitter detected: 48683 <= 51683 (count=7)
[2026-08-10 03:33:42] [WARN] PacketClock: PTS jitter detected: 54683 <= 57683 (count=8)
[2026-08-10 03:33:42] [WARN] PacketClock: PTS jitter detected: 60683 <= 63683 (count=9)
[2026-08-10 03:33:42] [WARN] PacketClock: PTS jitter detected: 69683 <= 75683 (count=10)
[h264 @ 0x730a84007c80] co located POCs unavailable
[2026-08-10 03:33:42] [WARN] PacketClock: PTS jitter detected: 6666 <= 9666 (count=1)
[2026-08-10 03:33:42] [WARN] PacketClock: DTS jitter detected: 3666 <= 9666 (count=1)
[2026-08-10 03:33:42] [WARN] PacketClock: DTS jitter detected: 6666 <= 9667 (count=2)
[2026-08-10 03:33:42] [WARN] PacketClock: PTS jitter detected: 12666 <= 15666 (count=2)
[2026-08-10 03:33:42] [WARN] PacketClock: DTS jitter detected: 9666 <= 9668 (count=3)
[2026-08-10 03:33:42] [WARN] PacketClock: PTS jitter detected: 27666 <= 30666 (count=3)
[2026-08-10 03:33:42] [WARN] PacketClock: PTS jitter detected: 33666 <= 36666 (count=4)
[2026-08-10 03:33:42] [WARN] PacketClock: PTS jitter detected: 39666 <= 42666 (count=5)
[2026-08-10 03:33:42] [WARN] PacketClock: PTS jitter detected: 45666 <= 48666 (count=6)
[2026-08-10 03:33:42] [WARN] PacketClock: PTS jitter detected: 51666 <= 54666 (count=7)
[2026-08-10 03:33:42] [WARN] PacketClock: PTS jitter detected: 60666 <= 66666 (count=8)
[2026-08-10 03:33:42] [WARN] PacketClock: PTS jitter detected: 57666 <= 66667 (count=9)
[2026-08-10 03:33:42] [WARN] PacketClock: PTS jitter detected: 63666 <= 66668 (count=10)
[h264 @ 0x730a78007c80] co located POCs unavailable
_000001.ts
[2026-08-10 03:33:41] [INFO] HlsMuxer: wrote segment header with codec=video
[2026-08-10 03:33:42] [INFO] RtspSource: opened 'rtsp://rtsp-server:8554/stream' (transport=tcp, timeout_us=5000000)
[2026-08-10 03:33:42] [INFO] RtspSource: stream #0 codec=h264 resolution=1280x720 fps=30.00 time_base=1/90000
[2026-08-10 03:33:42] [INFO] StreamWorker[camera-40] RTSP source opened successfully
[2026-08-10 03:33:42] [INFO] HlsMuxer: opened with config: segment_duration=2s, retention=1h, output_dir='/tmp/hls_output/camera-40/'
[2026-08-10 03:33:42] [INFO] StreamWorker[camera-40] HLS muxer initialized
[2026-08-10 03:33:42] [INFO] PacketClock: Generated synthetic PTS=-2317 (DTS=rescaled) (count=0)
[2026-08-10 03:33:42] [INFO] HlsMuxer: starting segment 1: /tmp/hls_output/camera-40/segment_000001.ts
[2026-08-10 03:33:42] [INFO] HlsMuxer: closed segment 1: duration=1.97s, packets_total=58
[2026-08-10 03:33:42] [INFO] HlsMuxer: wrote segment header with codec=video
[2026-08-10 03:33:42] [INFO] HlsMuxer: closed segment 21: duration=1.97s, packets_total=121
[2026-08-10 03:33:42] [INFO] HlsMuxer: starting segment 2: /tmp/hls_output/camera-28/segment_000002.ts
[2026-08-10 03:33:42] [INFO] HlsMuxer: wrote segment header with codec=video
[2026-08-10 03:33:42] [INFO] HlsMuxer: starting segment 22: /tmp/hls_output/camera-7/segment_000022.ts
[2026-08-10 03:33:42] [INFO] HlsMuxer: wrote segment header with codec=video
[2026-08-10 03:33:42] [INFO] StreamWorker[camera-47] started successfully
[2026-08-10 03:33:42] [INFO] StreamManager started stream 'camera-47'
[2026-08-10 03:33:42] [INFO] StreamWorker[camera-48] starting...
[2026-08-10 03:33:42] [INFO] StreamWorker[camera-48] processing thread started
[2026-08-10 03:33:42] [INFO] StreamWorker[camera-15] processed 100 video packets (segments=1)
[2026-08-10 03:33:42] [INFO] StreamWorker[camera-48] started successfully
[2026-08-10 03:33:42] [INFO] StreamManager started stream 'camera-48'
[2026-08-10 03:33:42] [INFO] StreamWorker[camera-49] starting...
[2026-08-10 03:33:42] [INFO] StreamWorker[camera-49] processing thread started
[2026-08-10 03:33:42] [INFO] StreamWorker[camera-16] processed 100 video packets (segments=1)
[2026-08-10 03:33:42] [INFO] HlsMuxer: closed segment 1: duration=1.97s, packets_total=59
[2026-08-10 03:33:42] [INFO] HlsMuxer: starting segment 2: /tmp/hls_output/camera-29/segment_000002.ts
[2026-08-10 03:33:42] [INFO] HlsMuxer: wrote segment header with codec=video
[2026-08-10 03:33:42] [INFO] HlsMuxer: closed segment 21: duration=1.97s, packets_total=123
[2026-08-10 03:33:42] [INFO] RtspSource: opened 'rtsp://rtsp-server:8554/stream' (transport=tcp, timeout_us=5000000)
[2026-08-10 03:33:42] [INFO] RtspSource: stream #0 codec=h264 resolution=1280x720 fps=30.00 time_base=1/90000
[2026-08-10 03:33:42] [INFO] StreamWorker[camera-41] RTSP source opened successfully
[2026-08-10 03:33:42] [INFO] HlsMuxer: opened with config: segment_duration=2s, retention=1h, output_dir='/tmp/hls_output/camera-41/'
[2026-08-10 03:33:42] [INFO] StreamWorker[camera-41] HLS muxer initialized
[2026-08-10 03:33:42] [INFO] PacketClock: Generated synthetic PTS=666 (DTS=rescaled) (count=0)
[2026-08-10 03:33:42] [INFO] HlsMuxer: starting segment 1: /tmp/hls_output/camera-41/segment_000001.ts
[2026-08-10 03:33:42] [INFO] HlsMuxer: starting segment 22: /tmp/hls_output/camera-8/segment_000022.ts
[2026-08-10 03:33:42] [INFO] HlsMuxer: wrote segment header with codec=video
[2026-08-10 03:33:42] [INFO] HlsMuxer: wrote segment header with codec=video
[2026-08-10 03:33:42] [INFO] StreamWorker[camera-49] started successfully
[2026-08-10 03:33:42] [INFO] StreamManager started stream 'camera-49'
[2026-08-10 03:33:42] [INFO] StreamWorker[camera-50] starting...
[2026-08-10 03:33:42] [INFO] StreamWorker[camera-50] processing thread started
[2026-08-10 03:33:42] [INFO] HlsMuxer: closed segment 1: duration=1.97s, packets_total=59
[2026-08-10 03:33:42] [INFO] HlsMuxer: starting segment 2: /tmp/hls_output/camera-30/segment_000002.ts
[2026-08-10 03:33:42] [INFO] RtspSource: opened 'rtsp://rtsp-server:8554/stream' (tra[2026-08-10 03:33:42] [WARN] PacketClock: PTS jitter detected: 3667 <= 6667 (count=1)
[2026-08-10 03:33:42] [WARN] PacketClock: DTS jitter detected: 3667 <= 6668 (count=1)
[2026-08-10 03:33:42] [WARN] PacketClock: DTS jitter detected: 6667 <= 6669 (count=2)
[2026-08-10 03:33:42] [WARN] PacketClock: PTS jitter detected: 18667 <= 21667 (count=2)
[2026-08-10 03:33:42] [WARN] PacketClock: PTS jitter detected: 24667 <= 27667 (count=3)
[2026-08-10 03:33:42] [WARN] PacketClock: PTS jitter detected: 30667 <= 33667 (count=4)
[2026-08-10 03:33:42] [WARN] PacketClock: PTS jitter detected: 36667 <= 39667 (count=5)
[2026-08-10 03:33:42] [WARN] PacketClock: PTS jitter detected: 42667 <= 45667 (count=6)
[2026-08-10 03:33:42] [WARN] PacketClock: PTS jitter detected: 51667 <= 57667 (count=7)
[2026-08-10 03:33:42] [WARN] PacketClock: PTS jitter detected: 48667 <= 57668 (count=8)
[2026-08-10 03:33:42] [WARN] PacketClock: PTS jitter detected: 54667 <= 57669 (count=9)
[2026-08-10 03:33:42] [WARN] PacketClock: PTS jitter detected: 60667 <= 63667 (count=10)
[h264 @ 0x730a70007c80] co located POCs unavailable
[2026-08-10 03:33:42] [WARN] PacketClock: DTS jitter detected: 612 <= 3612 (count=1)
[2026-08-10 03:33:42] [WARN] PacketClock: DTS jitter detected: 3612 <= 3613 (count=2)
[2026-08-10 03:33:42] [WARN] PacketClock: PTS jitter detected: 9612 <= 12612 (count=1)
[2026-08-10 03:33:42] [WARN] PacketClock: PTS jitter detected: 15612 <= 18612 (count=2)
[2026-08-10 03:33:42] [WARN] PacketClock: PTS jitter detected: 21612 <= 24612 (count=3)
[2026-08-10 03:33:42] [WARN] PacketClock: PTS jitter detected: 27612 <= 30612 (count=4)
[2026-08-10 03:33:42] [WARN] PacketClock: PTS jitter detected: 33612 <= 36612 (count=5)
[2026-08-10 03:33:42] [WARN] PacketClock: PTS jitter detected: 42612 <= 48612 (count=6)
[2026-08-10 03:33:42] [WARN] PacketClock: PTS jitter detected: 39612 <= 48613 (count=7)
[2026-08-10 03:33:42] [WARN] PacketClock: PTS jitter detected: 45612 <= 48614 (count=8)
[2026-08-10 03:33:42] [WARN] PacketClock: PTS jitter detected: 51612 <= 54612 (count=9)
[2026-08-10 03:33:42] [WARN] PacketClock: PTS jitter detected: 57612 <= 60612 (count=10)
nsport=tcp, timeout_us=5000000)
[2026-08-10 03:33:42] [INFO] RtspSource: stream #0 codec=h264 resolution=1280x720 fps=30.00 time_base=1/90000
[2026-08-10 03:33:42] [INFO] StreamWorker[camera-42] RTSP source opened successfully
[2026-08-10 03:33:42] [INFO] StreamWorker[camera-17] processed 100 video packets (segments=1)
[2026-08-10 03:33:42] [INFO] HlsMuxer: wrote segment header with codec=video
[2026-08-10 03:33:42] [INFO] HlsMuxer: opened with config: segment_duration=2s, retention=1h, output_dir='/tmp/hls_output/camera-42/'
[2026-08-10 03:33:42] [INFO] StreamWorker[camera-42] HLS muxer initialized
[2026-08-10 03:33:42] [INFO] PacketClock: Generated synthetic PTS=667 (DTS=rescaled) (count=0)
[2026-08-10 03:33:42] [INFO] HlsMuxer: starting segment 1: /tmp/hls_output/camera-42/segment_000001.ts
[2026-08-10 03:33:42] [INFO] HlsMuxer: wrote segment header with codec=video
[2026-08-10 03:33:42] [INFO] HlsMuxer: closed segment 21: duration=1.97s, packets_total=123
[2026-08-10 03:33:42] [INFO] HlsMuxer: closed segment 21: duration=1.97s, packets_total=120
[2026-08-10 03:33:42] [INFO] HlsMuxer: starting segment 22: /tmp/hls_output/camera-9/segment_000022.ts
[2026-08-10 03:33:42] [INFO] RtspSource: opened 'rtsp://rtsp-server:8554/stream' (transport=tcp, timeout_us=5000000)
[2026-08-10 03:33:42] [INFO] RtspSource: stream #0 codec=h264 resolution=1280x720 fps=30.00 time_base=1/90000
[2026-08-10 03:33:42] [INFO] StreamWorker[camera-43] RTSP source opened successfully
[2026-08-10 03:33:42] [INFO] HlsMuxer: wrote segment header with codec=video
[2026-08-10 03:33:42] [INFO] HlsMuxer: opened with config: segment_duration=2s, retention=1h, output_dir='/tmp/hls_output/camera-43/'
[2026-08-10 03:33:42] [INFO] StreamWorker[camera-43] HLS muxer initialized
[2026-08-10 03:33:42] [INFO] HlsMuxer: starting segment 22: /tmp/hls_output/camera-10/segment_000022.ts
[2026-08-10 03:33:42] [INFO] PacketClock: Generated synthetic PTS=-2388 (DTS=rescaled) (count=0)
[2026-08-10 03:33:42] [INFO] HlsMuxer: starting segment 1: /tmp/hls_output/camera-43/segment_000001.ts
[2026-08-10 03:33:42] [INFO] HlsMuxer: wrote segment header with codec=video
[2026-08-10 03:33:42] [INFO] HlsMuxer: wrote segment header with codec=video
[2026-08-10 03:33:42] [INFO] StreamWorker[camera-50] started successfully
[2026-08-10 03:33:42] [INFO] StreamManager started stream 'camera-50'
[2026-08-10 03:33:42] [INFO] StreamManager started 50 stream(s), 0 failed
[2026-08-10 03:33:42] [INFO] Started 50 stream(s); waiting for shutdown signal...
[2026-08-10 03:33:42] [INFO] HttpServer: Started on 0.0.0.0:8080
[2026-08-10 03:33:42] [INFO] HTTP server started on 0.0.0.0:8080
[2026-08-10 03:33:42] [INFO] HttpServer: Listener loop started
[2026-08-10 03:33:42] [INFO] HttpServer: GET /api/health
[2026-08-10 03:33:42] [INFO] HlsMuxer: closed segment 1: duration=1.87s, packets_total=57
[2026-08-10 03:33:42] [INFO] HlsMuxer: closed segment 1: duration=1.93s, packets_total=59
[2026-08-10 03:33:42] [INFO] HlsMuxer: closed segment 2: duration=1.93s, packets_total=120
[2026-08-10 03:33:42] [INFO] HlsMuxer: starting segment 2: /tmp/hls_output/camera-32/segment_000002.ts
[2026-08-10 03:33:42] [INFO] HlsMuxer: starting segment 2: /tmp/hls_output/camera-31/segment_000002.ts
[2026-08-10 03:33:42] [INFO] HlsMuxer: wrote segment header with codec=video
[2026-08-10 03:33:42] [INFO] HlsMuxer: wrote segment header with codec=video
[2026-08-10 03:33:42] [INFO] HlsMuxer: starting segment 3: /tmp/hls_output/camera-11/segment_000003.ts
[2026-08-10 03:33:42] [INFO] HlsMuxer: wrote segment header with codec=video
[2026-08-10 03:33:42] [INFO] HttpServer: GET /api/health
[2026-08-10 03:33:42] [INFO] StreamWorker[camera-18] processed 100 video packets (segments=1)
[2026-08-10 03:33:42] [INFO] RtspSource: opened 'rtsp://rtsp-server:8554/stream' (transport=tcp, timeout_us=5000000)
[2026-08-10 03:33:42] [INFO] RtspSource: stream #0 codec=h264 resolution=1280x720 fps=30.00 time_base=1/90000
[2026-08-10 03:33:42] [INFO] StreamWorker[camera-44] RTSP source opened successfully
[2026-08-10 03:33:42] [INFO] HlsMuxer: opened w[2026-08-10 03:33:42] [WARN] PacketClock: PTS jitter detected: 6614 <= 9614 (count=1)
[2026-08-10 03:33:42] [WARN] PacketClock: DTS jitter detected: 614 <= 9614 (count=1)
[2026-08-10 03:33:42] [WARN] PacketClock: DTS jitter detected: 6614 <= 9615 (count=2)
[2026-08-10 03:33:42] [WARN] PacketClock: PTS jitter detected: 12614 <= 15614 (count=2)
[2026-08-10 03:33:42] [WARN] PacketClock: DTS jitter detected: 9614 <= 9616 (count=3)
[2026-08-10 03:33:42] [WARN] PacketClock: PTS jitter detected: 18614 <= 21614 (count=3)
[2026-08-10 03:33:42] [WARN] PacketClock: PTS jitter detected: 24614 <= 27614 (count=4)
[2026-08-10 03:33:42] [WARN] PacketClock: PTS jitter detected: 33614 <= 39614 (count=5)
[2026-08-10 03:33:42] [WARN] PacketClock: PTS jitter detected: 30614 <= 39615 (count=6)
[2026-08-10 03:33:42] [WARN] PacketClock: PTS jitter detected: 36614 <= 39616 (count=7)
[2026-08-10 03:33:42] [WARN] PacketClock: PTS jitter detected: 42614 <= 45614 (count=8)
[2026-08-10 03:33:42] [WARN] PacketClock: PTS jitter detected: 48614 <= 51614 (count=9)
[2026-08-10 03:33:42] [WARN] PacketClock: PTS jitter detected: 54614 <= 57614 (count=10)
[2026-08-10 03:33:42] [WARN] PacketClock: PTS jitter detected: 3607 <= 6607 (count=1)
[2026-08-10 03:33:42] [WARN] PacketClock: DTS jitter detected: 3607 <= 6608 (count=1)
[2026-08-10 03:33:42] [WARN] PacketClock: PTS jitter detected: 9607 <= 12607 (count=2)
[2026-08-10 03:33:42] [WARN] PacketClock: DTS jitter detected: 6607 <= 6609 (count=2)
[2026-08-10 03:33:42] [WARN] PacketClock: PTS jitter detected: 15607 <= 18607 (count=3)
[2026-08-10 03:33:42] [WARN] PacketClock: PTS jitter detected: 24607 <= 30607 (count=4)
[2026-08-10 03:33:42] [WARN] PacketClock: PTS jitter detected: 21607 <= 30608 (count=5)
[2026-08-10 03:33:42] [WARN] PacketClock: PTS jitter detected: 27607 <= 30609 (count=6)
[2026-08-10 03:33:42] [WARN] PacketClock: PTS jitter detected: 33607 <= 36607 (count=7)
[2026-08-10 03:33:42] [WARN] PacketClock: PTS jitter detected: 39607 <= 42607 (count=8)
[2026-08-10 03:33:42] [WARN] PacketClock: PTS jitter detected: 45607 <= 48607 (count=9)
[2026-08-10 03:33:42] [WARN] PacketClock: PTS jitter detected: 54607 <= 60607 (count=10)
[2026-08-10 03:33:42] [WARN] PacketClock: PTS jitter detected: 563 <= 3563 (count=1)
[2026-08-10 03:33:42] [WARN] PacketClock: DTS jitter detected: 563 <= 3564 (count=1)
[2026-08-10 03:33:42] [WARN] PacketClock: PTS jitter detected: 6563 <= 9563 (count=2)
[2026-08-10 03:33:42] [WARN] PacketClock: DTS jitter detected: 3563 <= 3565 (count=2)
[2026-08-10 03:33:42] [WARN] PacketClock: PTS jitter detected: 15563 <= 21563 (count=3)
[2026-08-10 03:33:42] [WARN] PacketClock: PTS jitter detected: 12563 <= 21564 (count=4)
[2026-08-10 03:33:42] [WARN] PacketClock: PTS jitter detected: 18563 <= 21565 (count=5)
[2026-08-10 03:33:42] [WARN] PacketClock: PTS jitter detected: 24563 <= 27563 (count=6)
[2026-08-10 03:33:42] [WARN] PacketClock: PTS jitter detected: 30563 <= 33563 (count=7)
[2026-08-10 03:33:42] [WARN] PacketClock: PTS jitter detected: 36563 <= 39563 (count=8)
[2026-08-10 03:33:42] [WARN] PacketClock: PTS jitter detected: 45563 <= 51563 (count=9)
[2026-08-10 03:33:42] [WARN] PacketClock: PTS jitter detected: 42563 <= 51564 (count=10)
ith config: segment_duration=2s, retention=1h, output_dir='/tmp/hls_output/camera-44/'
[2026-08-10 03:33:42] [INFO] StreamWorker[camera-44] HLS muxer initialized
[2026-08-10 03:33:42] [INFO] PacketClock: Generated synthetic PTS=-2386 (DTS=rescaled) (count=0)
[2026-08-10 03:33:42] [INFO] HlsMuxer: starting segment 1: /tmp/hls_output/camera-44/segment_000001.ts
[2026-08-10 03:33:42] [INFO] HlsMuxer: wrote segment header with codec=video
[2026-08-10 03:33:42] [INFO] HttpServer: GET /api/health
[2026-08-10 03:33:42] [INFO] StreamWorker[camera-19] processed 100 video packets (segments=1)
[2026-08-10 03:33:42] [INFO] StreamWorker[camera-20] processed 100 video packets (segments=1)
[2026-08-10 03:33:42] [INFO] HlsMuxer: closed segment 2: duration=1.97s, packets_total=120
[2026-08-10 03:33:42] [INFO] HlsMuxer: closed segment 2: duration=1.97s, packets_total=122
[2026-08-10 03:33:42] [INFO] HlsMuxer: starting segment 3: /tmp/hls_output/camera-13/segment_000003.ts
[2026-08-10 03:33:42] [INFO] HlsMuxer: closed segment 1: duration=1.97s, packets_total=59
[2026-08-10 03:33:42] [INFO] HlsMuxer: starting segment 3: /tmp/hls_output/camera-12/segment_000003.ts
[2026-08-10 03:33:42] [INFO] HlsMuxer: starting segment 2: /tmp/hls_output/camera-33/segment_000002.ts
[2026-08-10 03:33:42] [INFO] HlsMuxer: wrote segment header with codec=video
[2026-08-10 03:33:42] [INFO] HlsMuxer: wrote segment header with codec=video
[2026-08-10 03:33:42] [INFO] HlsMuxer: wrote segment header with codec=video
[2026-08-10 03:33:42] [INFO] RtspSource: opened 'rtsp://rtsp-server:8554/stream' (transport=tcp, timeout_us=5000000)
[2026-08-10 03:33:42] [INFO] RtspSource: stream #0 codec=h264 resolution=1280x720 fps=30.00 time_base=1/90000
[2026-08-10 03:33:42] [INFO] StreamWorker[camera-45] RTSP source opened successfully
[2026-08-10 03:33:42] [INFO] HlsMuxer: opened with config: segment_duration=2s, retention=1h, output_dir='/tmp/hls_output/camera-45/'
[2026-08-10 03:33:42] [INFO] StreamWorker[camera-45] HLS muxer initialized
[2026-08-10 03:33:42] [INFO] PacketClock: Generated synthetic PTS=607 (DTS=rescaled) (count=0)
[2026-08-10 03:33:42] [INFO] HlsMuxer: starting segment 1: /tmp/hls_output/camera-45/segment_000001.ts
[2026-08-10 03:33:42] [INFO] HlsMuxer: wrote segment header with codec=video
[2026-08-10 03:33:42] [INFO] HttpServer: GET /api/health
[2026-08-10 03:33:42] [INFO] HlsMuxer: closed segment 1: duration=1.93s, packets_total=59
[2026-08-10 03:33:42] [INFO] RtspSource: opened 'rtsp://rtsp-server:8554/stream' (transport=tcp, timeout_us=5000000)
[2026-08-10 03:33:42] [INFO] RtspSource: stream #0 codec=h264 resolution=1280x720 fps=30.00 time_base=1/90000
[2026-08-10 03:33:42] [INFO] StreamWorker[camera-46] RTSP source opened successfully
[2026-08-10 03:33:42] [INFO] HlsMuxer: starting segment 2: /tmp/hls_output/camera-34/segment_000002.ts
[2026-08-10 03:33:42] [INFO] HlsMuxer: wrote segment header with codec=video
[2026-08-10 03:33:42] [INFO] HlsMuxer: opened with config: segment_duration=2s, retention=1h, output_dir='/tmp/hls_output/camera-46/'
[2026-08-10 03:33:42] [INFO] HlsMuxer: closed segment 2: duration=1.93s, packets_total=119
[2026-08-10 03:33:42] [INFO] StreamWorker[camera-46] HLS muxer initialized
[2026-08-10 03:33:42] [INFO] PacketClock: Generated synthetic PTS=-2437 (DTS=rescaled) (count=0)
[2026-08-10 03:33:42] [INFO] HlsMuxer: starting segment 1: /tmp/hls_output/camera-46/segment_000001.ts
[2026-08-10 03:33:42] [INFO] HlsMuxer: wrote segment header with codec=video
[2026-08-10 03:33:42] [INFO] HlsMuxer: starting segment 3: /tmp/hls_output/camera-14/segment_000003.ts
[2026-08-10 03:33:42] [INFO] HlsMuxer: wrote segment header with codec=video
[2026-08-10 03:33:42] [INFO] StreamWorker[camera-21] processed 100 video packets (segments=1)
[2026-08-10 03:33:42] [INFO] HttpServer: GET /api/health
[2026-08-10 03:33:42] [INFO] HlsMuxer: closed segment 1: duration=1.93s, packets_total=59
[2026-08-10 03:33:42] [INFO] RtspSource: opened 'rtsp://rtsp-server:8554/stream' (transport=tcp, timeout_us=5000000)
[2026-08-10 03:33:42] [INFO] RtspSource: stream #0[2026-08-10 03:33:42] [WARN] PacketClock: PTS jitter detected: 6543 <= 12543 (count=1)
[2026-08-10 03:33:42] [WARN] PacketClock: PTS jitter detected: 3543 <= 12544 (count=2)
[2026-08-10 03:33:42] [WARN] PacketClock: DTS jitter detected: 3543 <= 12544 (count=1)
[2026-08-10 03:33:42] [WARN] PacketClock: PTS jitter detected: 9543 <= 12545 (count=3)
[2026-08-10 03:33:42] [WARN] PacketClock: DTS jitter detected: 6543 <= 12545 (count=2)
[2026-08-10 03:33:42] [WARN] PacketClock: DTS jitter detected: 9543 <= 12546 (count=3)
[2026-08-10 03:33:42] [WARN] PacketClock: PTS jitter detected: 15543 <= 18543 (count=4)
[2026-08-10 03:33:42] [WARN] PacketClock: DTS jitter detected: 12543 <= 12547 (count=4)
[2026-08-10 03:33:42] [WARN] PacketClock: PTS jitter detected: 21543 <= 24543 (count=5)
[2026-08-10 03:33:42] [WARN] PacketClock: PTS jitter detected: 27543 <= 30543 (count=6)
[2026-08-10 03:33:42] [WARN] PacketClock: PTS jitter detected: 36543 <= 42543 (count=7)
[2026-08-10 03:33:42] [WARN] PacketClock: PTS jitter detected: 33543 <= 42544 (count=8)
[2026-08-10 03:33:42] [WARN] PacketClock: PTS jitter detected: 39543 <= 42545 (count=9)
[2026-08-10 03:33:42] [WARN] PacketClock: PTS jitter detected: 45543 <= 48543 (count=10)
[2026-08-10 03:33:42] [WARN] PacketClock: PTS jitter detected: 6526 <= 9526 (count=1)
[2026-08-10 03:33:42] [WARN] PacketClock: DTS jitter detected: 526 <= 9526 (count=1)
[2026-08-10 03:33:42] [WARN] PacketClock: DTS jitter detected: 6526 <= 9527 (count=2)
[2026-08-10 03:33:42] [WARN] PacketClock: PTS jitter detected: 12526 <= 15526 (count=2)
[2026-08-10 03:33:42] [WARN] PacketClock: DTS jitter detected: 9526 <= 9528 (count=3)
[2026-08-10 03:33:42] [WARN] PacketClock: PTS jitter detected: 18526 <= 21526 (count=3)
[2026-08-10 03:33:42] [WARN] PacketClock: PTS jitter detected: 27526 <= 33526 (count=4)
[2026-08-10 03:33:42] [WARN] PacketClock: PTS jitter detected: 24526 <= 33527 (count=5)
[2026-08-10 03:33:42] [WARN] PacketClock: PTS jitter detected: 30526 <= 33528 (count=6)
[2026-08-10 03:33:42] [WARN] PacketClock: PTS jitter detected: 36526 <= 39526 (count=7)
[2026-08-10 03:33:42] [WARN] PacketClock: PTS jitter detected: 42526 <= 45526 (count=8)
[2026-08-10 03:33:42] [WARN] PacketClock: PTS jitter detected: 48526 <= 51526 (count=9)
[2026-08-10 03:33:42] [WARN] PacketClock: PTS jitter detected: 60526 <= 66526 (count=10)
 codec=h264 resolution=1280x720 fps=30.00 time_base=1/90000
[2026-08-10 03:33:42] [INFO] StreamWorker[camera-47] RTSP source opened successfully
[2026-08-10 03:33:42] [INFO] HlsMuxer: starting segment 2: /tmp/hls_output/camera-35/segment_000002.ts
[2026-08-10 03:33:42] [INFO] HlsMuxer: opened with config: segment_duration=2s, retention=1h, output_dir='/tmp/hls_output/camera-47/'
[2026-08-10 03:33:42] [INFO] StreamWorker[camera-47] HLS muxer initialized
[2026-08-10 03:33:42] [INFO] PacketClock: Generated synthetic PTS=543 (DTS=rescaled) (count=0)
[2026-08-10 03:33:42] [INFO] HlsMuxer: starting segment 1: /tmp/hls_output/camera-47/segment_000001.ts
[2026-08-10 03:33:42] [INFO] HlsMuxer: wrote segment header with codec=video
[2026-08-10 03:33:42] [INFO] HlsMuxer: closed segment 2: duration=1.93s, packets_total=118
[2026-08-10 03:33:42] [INFO] HlsMuxer: wrote segment header with codec=video
[2026-08-10 03:33:42] [INFO] HlsMuxer: starting segment 3: /tmp/hls_output/camera-15/segment_000003.ts
[2026-08-10 03:33:42] [INFO] HlsMuxer: wrote segment header with codec=video
[2026-08-10 03:33:42] [INFO] StreamWorker[camera-22] processed 100 video packets (segments=1)
[2026-08-10 03:33:42] [INFO] HttpServer: GET /api/health
[2026-08-10 03:33:42] [INFO] Multi-stream status: 50 active, 0 error, total_reconnects=0, packets_written=4481
[2026-08-10 03:33:42] [INFO] RtspSource: opened 'rtsp://rtsp-server:8554/stream' (transport=tcp, timeout_us=5000000)
[2026-08-10 03:33:42] [INFO] RtspSource: stream #0 codec=h264 resolution=1280x720 fps=30.00 time_base=1/90000
[2026-08-10 03:33:42] [INFO] StreamWorker[camera-48] RTSP source opened successfully
[2026-08-10 03:33:42] [INFO] HlsMuxer: closed segment 1: duration=1.97s, packets_total=59
[2026-08-10 03:33:42] [INFO] HlsMuxer: opened with config: segment_duration=2s, retention=1h, output_dir='/tmp/hls_output/camera-48/'
[2026-08-10 03:33:42] [INFO] StreamWorker[camera-48] HLS muxer initialized
[2026-08-10 03:33:42] [INFO] PacketClock: Generated synthetic PTS=-2474 (DTS=rescaled) (count=0)
[2026-08-10 03:33:42] [INFO] HlsMuxer: starting segment 1: /tmp/hls_output/camera-48/segment_000001.ts
[2026-08-10 03:33:42] [INFO] HlsMuxer: closed segment 2: duration=1.90s, packets_total=117
[2026-08-10 03:33:42] [INFO] HlsMuxer: starting segment 2: /tmp/hls_output/camera-36/segment_000002.ts
[2026-08-10 03:33:42] [INFO] HlsMuxer: closed segment 1: duration=1.87s, packets_total=56
[2026-08-10 03:33:42] [INFO] HlsMuxer: wrote segment header with codec=video
[2026-08-10 03:33:42] [INFO] HlsMuxer: starting segment 2: /tmp/hls_output/camera-37/segment_000002.ts
[2026-08-10 03:33:42] [INFO] HlsMuxer: wrote segment header with codec=video
[2026-08-10 03:33:42] [INFO] HlsMuxer: wrote segment header with codec=video
[2026-08-10 03:33:42] [INFO] HlsMuxer: starting segment 3: /tmp/hls_output/camera-17/segment_000003.ts
[2026-08-10 03:33:42] [INFO] HlsMuxer: wrote segment header with codec=video
[2026-08-10 03:33:42] [INFO] HlsMuxer: closed segment 2: duration=1.90s, packets_total=120
[2026-08-10 03:33:42] [INFO] HlsMuxer: starting segment 3: /tmp/hls_output/camera-16/segment_000003.ts
[2026-08-10 03:33:42] [INFO] HlsMuxer: wrote segment header with codec=video
[2026-08-10 03:33:42] [INFO] StreamWorker[camera-23] processed 100 video packets (segments=1)
[2026-08-10 03:33:42] [INFO] StreamWorker[camera-24] processed 100 video packets (segments=1)
[2026-08-10 03:33:42] [INFO] RtspSource: opened 'rtsp://rtsp-server:8554/stream' (transport=tcp, timeout_us=5000000)
[2026-08-10 03:33:42] [INFO] RtspSource: stream #0 codec=h264 resolution=1280x720 fps=30.00 time_base=1/90000
[2026-08-10 03:33:42] [INFO] StreamWorker[camera-49] RTSP source opened successfully
[2026-08-10 03:33:42] [INFO] HlsMuxer: opened with config: segment_duration=2s, retention=1h, output_dir='/tmp/hls_output/camera-49/'
[2026-08-10 03:33:42] [INFO] StreamWorker[camera-49] HLS muxer initialized
[2026-08-10 03:33:42] [INFO] PacketClock: Generated synthetic PTS=511 (DTS=rescaled) (count=0)
[2026-08-10 03:33:42] [INFO] HlsMuxer: starting segment 1: /tmp/hls_ou[2026-08-10 03:33:42] [WARN] PacketClock: PTS jitter detected: 3511 <= 6511 (count=1)
[2026-08-10 03:33:42] [WARN] PacketClock: DTS jitter detected: 3511 <= 6512 (count=1)
[2026-08-10 03:33:42] [WARN] PacketClock: PTS jitter detected: 9511 <= 12511 (count=2)
[2026-08-10 03:33:42] [WARN] PacketClock: DTS jitter detected: 6511 <= 6513 (count=2)
[2026-08-10 03:33:42] [WARN] PacketClock: PTS jitter detected: 18511 <= 24511 (count=3)
[2026-08-10 03:33:42] [WARN] PacketClock: PTS jitter detected: 15511 <= 24512 (count=4)
[2026-08-10 03:33:42] [WARN] PacketClock: PTS jitter detected: 21511 <= 24513 (count=5)
[2026-08-10 03:33:42] [WARN] PacketClock: PTS jitter detected: 27511 <= 30511 (count=6)
[2026-08-10 03:33:42] [WARN] PacketClock: PTS jitter detected: 33511 <= 36511 (count=7)
[2026-08-10 03:33:42] [WARN] PacketClock: PTS jitter detected: 39511 <= 42511 (count=8)
[2026-08-10 03:33:42] [WARN] PacketClock: PTS jitter detected: 51511 <= 57511 (count=9)
[2026-08-10 03:33:42] [WARN] PacketClock: PTS jitter detected: 48511 <= 57512 (count=10)
[2026-08-10 03:33:43] [WARN] PacketClock: PTS jitter detected: 502 <= 3502 (count=1)
[2026-08-10 03:33:43] [WARN] PacketClock: DTS jitter detected: 502 <= 3503 (count=1)
[2026-08-10 03:33:43] [WARN] PacketClock: PTS jitter detected: 9502 <= 15502 (count=2)
[2026-08-10 03:33:43] [WARN] PacketClock: DTS jitter detected: 3502 <= 3504 (count=2)
[2026-08-10 03:33:43] [WARN] PacketClock: PTS jitter detected: 6502 <= 15503 (count=3)
[2026-08-10 03:33:43] [WARN] PacketClock: PTS jitter detected: 12502 <= 15504 (count=4)
[2026-08-10 03:33:43] [WARN] PacketClock: PTS jitter detected: 18502 <= 21502 (count=5)
[2026-08-10 03:33:43] [WARN] PacketClock: PTS jitter detected: 24502 <= 27502 (count=6)
[2026-08-10 03:33:43] [WARN] PacketClock: PTS jitter detected: 30502 <= 33502 (count=7)
[2026-08-10 03:33:43] [WARN] PacketClock: PTS jitter detected: 42502 <= 48502 (count=8)
[2026-08-10 03:33:43] [WARN] PacketClock: PTS jitter detected: 39502 <= 48503 (count=9)
[2026-08-10 03:33:43] [WARN] PacketClock: PTS jitter detected: 45502 <= 48504 (count=10)
tput/camera-49/segment_000001.ts
[2026-08-10 03:33:42] [INFO] HlsMuxer: wrote segment header with codec=video
[2026-08-10 03:33:42] [INFO] HttpServer: GET /api/health
[2026-08-10 03:33:42] [INFO] HlsMuxer: closed segment 1: duration=1.90s, packets_total=57
[2026-08-10 03:33:42] [INFO] HlsMuxer: starting segment 2: /tmp/hls_output/camera-38/segment_000002.ts
[2026-08-10 03:33:42] [INFO] HlsMuxer: wrote segment header with codec=video
[2026-08-10 03:33:42] [INFO] HlsMuxer: closed segment 2: duration=1.90s, packets_total=117
[2026-08-10 03:33:42] [INFO] HlsMuxer: starting segment 3: /tmp/hls_output/camera-18/segment_000003.ts
[2026-08-10 03:33:42] [INFO] HlsMuxer: wrote segment header with codec=video
[2026-08-10 03:33:43] [INFO] RtspSource: opened 'rtsp://rtsp-server:8554/stream' (transport=tcp, timeout_us=5000000)
[2026-08-10 03:33:43] [INFO] RtspSource: stream #0 codec=h264 resolution=1280x720 fps=30.00 time_base=1/90000
[2026-08-10 03:33:43] [INFO] StreamWorker[camera-50] RTSP source opened successfully
[2026-08-10 03:33:43] [INFO] HlsMuxer: opened with config: segment_duration=2s, retention=1h, output_dir='/tmp/hls_output/camera-50/'
[2026-08-10 03:33:43] [INFO] StreamWorker[camera-50] HLS muxer initialized
[2026-08-10 03:33:43] [INFO] PacketClock: Generated synthetic PTS=-2498 (DTS=rescaled) (count=0)
[2026-08-10 03:33:43] [INFO] HlsMuxer: starting segment 1: /tmp/hls_output/camera-50/segment_000001.ts
[2026-08-10 03:33:43] [INFO] HlsMuxer: wrote segment header with codec=video
[2026-08-10 03:33:43] [INFO] HttpServer: GET /api/health
[2026-08-10 03:33:43] [INFO] StreamWorker[camera-25] processed 100 video packets (segments=1)
[2026-08-10 03:33:43] [INFO] HlsMuxer: closed segment 1: duration=1.90s, packets_total=58
[2026-08-10 03:33:43] [INFO] HlsMuxer: closed segment 2: duration=1.90s, packets_total=118
[2026-08-10 03:33:43] [INFO] HlsMuxer: starting segment 2: /tmp/hls_output/camera-39/segment_000002.ts
[2026-08-10 03:33:43] [INFO] HlsMuxer: wrote segment header with codec=video
[2026-08-10 03:33:43] [INFO] HlsMuxer: starting segment 3: /tmp/hls_output/camera-19/segment_000003.ts
[2026-08-10 03:33:43] [INFO] HlsMuxer: wrote segment header with codec=video
[2026-08-10 03:33:43] [INFO] StreamWorker[camera-26] processed 100 video packets (segments=1)
[2026-08-10 03:33:43] [INFO] HttpServer: GET /api/health
[2026-08-10 03:33:43] [INFO] HlsMuxer: closed segment 2: duration=1.97s, packets_total=119
[2026-08-10 03:33:43] [INFO] HlsMuxer: closed segment 1: duration=1.97s, packets_total=60
[2026-08-10 03:33:43] [INFO] HlsMuxer: starting segment 2: /tmp/hls_output/camera-40/segment_000002.ts
[2026-08-10 03:33:43] [INFO] HlsMuxer: starting segment 3: /tmp/hls_output/camera-20/segment_000003.ts
[2026-08-10 03:33:43] [INFO] HlsMuxer: wrote segment header with codec=video
[2026-08-10 03:33:43] [INFO] HlsMuxer: wrote segment header with codec=video
[2026-08-10 03:33:43] [INFO] StreamWorker[camera-27] processed 100 video packets (segments=1)
[2026-08-10 03:33:43] [INFO] HttpServer: GET /api/health
[2026-08-10 03:33:43] [INFO] Multi-stream status: 50 active, 0 error, total_reconnects=0, packets_written=5242
[2026-08-10 03:33:43] [INFO] StreamWorker[camera-28] processed 100 video packets (segments=1)
[2026-08-10 03:33:43] [INFO] HlsMuxer: closed segment 2: duration=1.97s, packets_total=121
[2026-08-10 03:33:43] [INFO] HlsMuxer: starting segment 3: /tmp/hls_output/camera-21/segment_000003.ts
[2026-08-10 03:33:43] [INFO] HlsMuxer: wrote segment header with codec=video
[2026-08-10 03:33:43] [INFO] HlsMuxer: closed segment 58: duration=1.97s, packets_total=180
[2026-08-10 03:33:43] [INFO] HlsMuxer: closed segment 1: duration=1.97s, packets_total=60
[2026-08-10 03:33:43] [INFO] HlsMuxer: starting segment 2: /tmp/hls_output/camera-41/segment_000002.ts
[2026-08-10 03:33:43] [INFO] HlsMuxer: wrote segment header with codec=video
[2026-08-10 03:33:43] [INFO] HlsMuxer: starting segment 59: /tmp/hls_output/camera-1/segment_000059.ts
[2026-08-10 03:33:43] [INFO] HlsMuxer: wrote segment header with codec=video
[2026-08-10 03:33:43] [INFO] HttpServer: GET /api/health
[2026-08-10 03:33:43] [INFO] HlsMuxer: closed segment 1: duration=1.93s, packets_total=59
[2026-08-10 03:33:43] [INFO] HlsMuxer: closed segment 2: duration=1.93s, packets_total=119
[2026-08-10 03:33:43] [INFO] HlsMuxer: starting segment 2: /tmp/hls_output/camera-42/segment_000002.ts
[2026-08-10 03:33:43] [INFO] HlsMuxer: wrote segment header with codec=video
[2026-08-10 03:33:43] [INFO] HlsMuxer: starting segment 3: /tmp/hls_output/camera-22/segment_000003.ts
[2026-08-10 03:33:43] [INFO] HlsMuxer: wrote segment header with codec=video
[2026-08-10 03:33:43] [INFO] StreamWorker[camera-29] processed 100 video packets (segments=1)
[2026-08-10 03:33:43] [INFO] HttpServer: GET /api/health
[2026-08-10 03:33:43] [INFO] StreamWorker[camera-30] processed 100 video packets (segments=1)
[2026-08-10 03:33:43] [INFO] HlsMuxer: closed segment 1: duration=1.97s, packets_total=60
[2026-08-10 03:33:43] [INFO] HlsMuxer: closed segment 40: duration=1.97s, packets_total=182
[2026-08-10 03:33:43] [INFO] HlsMuxer: starting segment 2: /tmp/hls_output/camera-43/segment_000002.ts
[2026-08-10 03:33:43] [INFO] HlsMuxer: starting segment 41: /tmp/hls_output/camera-2/segment_000041.ts
[2026-08-10 03:33:43] [INFO] HlsMuxer: wrote segment header with codec=video
[2026-08-10 03:33:43] [INFO] HlsMuxer: wrote segment header with codec=video
[2026-08-10 03:33:43] [INFO] HlsMuxer: closed segment 2: duration=1.97s, packets_total=119
[2026-08-10 03:33:43] [INFO] HlsMuxer: starting segment 3: /tmp/hls_output/camera-23/segment_000003.ts
[2026-08-10 03:33:43] [INFO] HlsMuxer: wrote segment header with codec=video
[2026-08-10 03:33:43] [INFO] HttpServer: GET /api/health
[2026-08-10 03:33:43] [INFO] HlsMuxer: closed segment 40: duration=1.97s, packets_total=183
[2026-08-10 03:33:43] [INFO] HlsMuxer: closed segment 2: duration=1.97s, packets_total=120
[2026-08-10 03:33:43] [INFO] HlsMuxer: closed segment 1: duration=1.97s, packets_total=59
[2026-08-10 03:33:43] [INFO] HlsMuxer: starting segment 2: /tmp/hls_output/camera-44/segment_000002.ts
[2026-08-10 03:33:43] [INFO] HlsMuxer: starting segment 3: /tmp/hls_output/camera-24/segment_000003.ts
[2026-08-10 03:33:43] [INFO] HlsMuxer: closed segment 40: duration=1.90s, packets_total=179
[2026-08-10 03:33:43] [INFO] HlsMuxer: wrote segment header with codec=video
[2026-08-10 03:33:43] [INFO] HlsMuxer: wrote segment header with codec=video
[2026-08-10 03:33:43] [INFO] HlsMuxer: starting segment 41: /tmp/hls_output/camera-3/segment_000041.ts
[2026-08-10 03:33:43] [INFO] HlsMuxer: wrote segment header with codec=video
[2026-08-10 03:33:43] [INFO] HlsMuxer: starting segment 41: /tmp/hls_output/camera-4/segment_000041.ts
[2026-08-10 03:33:43] [INFO] HlsMuxer: wrote segment header with codec=video
[2026-08-10 03:33:43] [INFO] StreamWorker[camera-31] processed 100 video packets (segments=1)
[2026-08-10 03:33:43] [INFO] HlsMuxer: closed segment 2: duration=1.93s, packets_total=119
[2026-08-10 03:33:43] [INFO] HlsMuxer: closed segment 1: duration=1.93s, packets_total=59
[2026-08-10 03:33:43] [INFO] HlsMuxer: starting segment 2: /tmp/hls_output/camera-45/segment_000002.ts
[2026-08-10 03:33:43] [INFO] StreamWorker[camera-32] processed 100 video packets (segments=1)
[2026-08-10 03:33:43] [INFO] HlsMuxer: wrote segment header with codec=video
[2026-08-10 03:33:43] [INFO] HlsMuxer: starting segment 3: /tmp/hls_output/camera-25/segment_000003.ts
[2026-08-10 03:33:43] [INFO] HlsMuxer: wrote segment header with codec=video
[2026-08-10 03:33:43] [INFO] HttpServer: GET /api/health
[2026-08-10 03:33:43] [INFO] Multi-stream status: 50 active, 0 error, total_reconnects=0, packets_written=6042
[2026-08-10 03:33:43] [INFO] HlsMuxer: closed segment 40: duration=1.97s, packets_total=182
[2026-08-10 03:33:43] [INFO] HlsMuxer: closed segment 22: duration=1.90s, packets_total=179
[2026-08-10 03:33:43] [INFO] HlsMuxer: closed segment 2: duration=1.97s, packets_total=119
[2026-08-10 03:33:43] [INFO] HlsMuxer: closed segment 1: duration=1.97s, packets_total=60
[2026-08-10 03:33:43] [INFO] HlsMuxer: starting segment 41: /tmp/hls_output/camera-5/segment_000041.ts
[2026-08-10 03:33:43] [INFO] HlsMuxer: starting segment 2: /tmp/hls_output/camera-46/segment_000002.ts
[2026-08-10 03:33:43] [INFO] HlsMuxer: wrote segment header with codec=video
[2026-08-10 03:33:43] [INFO] HlsMuxer: starting segment 3: /tmp/hls_output/camera-26/segment_000003.ts
[2026-08-10 03:33:43] [INFO] HlsMuxer: wrote segment header with codec=video
[2026-08-10 03:33:43] [INFO] HlsMuxer: wrote segment header with codec=video
[2026-08-10 03:33:43] [INFO] HlsMuxer: starting segment 23: /tmp/hls_output/camera-6/segment_000023.ts
[2026-08-10 03:33:43] [INFO] HlsMuxer: wrote segment header with codec=video
[2026-08-10 03:33:43] [INFO] HttpServer: GET /api/health
[2026-08-10 03:33:43] [INFO] StreamWorker[camera-33] processed 100 video packets (segments=1)
[2026-08-10 03:33:43] [INFO] HlsMuxer: closed segment 2: duration=1.93s, packets_total=119
[2026-08-10 03:33:43] [INFO] HlsMuxer: closed segment 1: duration=1.93s, packets_total=59
[2026-08-10 03:33:43] [INFO] StreamWorker[camera-34] processed 100 video packets (segments=1)
[2026-08-10 03:33:43] [INFO] HlsMuxer: starting segment 2: /tmp/hls_output/camera-47/segment_000002.ts
[2026-08-10 03:33:43] [INFO] HlsMuxer: wrote segment header with codec=video
[2026-08-10 03:33:43] [INFO] HlsMuxer: starting segment 3: /tmp/hls_output/camera-27/segment_000003.ts
[2026-08-10 03:33:43] [INFO] HlsMuxer: wrote segment header with codec=video
[2026-08-10 03:33:44] [INFO] StreamWorker[camera-1] processed 200 video packets (segments=3)
[2026-08-10 03:33:44] [INFO] HttpServer: GET /api/health
[2026-08-10 03:33:44] [INFO] HlsMuxer: closed segment 2: duration=1.90s, packets_total=119
[2026-08-10 03:33:44] [INFO] StreamWorker[camera-35] processed 100 video packets (segments=1)
[2026-08-10 03:33:44] [INFO] HlsMuxer: closed segment 1: duration=1.97s, packets_total=59
[2026-08-10 03:33:44] [INFO] HlsMuxer: starting segment 2: /tmp/hls_output/camera-48/segment_000002.ts
[2026-08-10 03:33:44] [INFO] HlsMuxer: wrote segment header with codec=video
[2026-08-10 03:33:44] [INFO] HlsMuxer: closed segment 22: duration=1.90s, packets_total=182
[2026-08-10 03:33:44] [INFO] HlsMuxer: starting segment 3: /tmp/hls_output/camera-28/segment_000003.ts
[2026-08-10 03:33:44] [INFO] HlsMuxer: wrote segment header with codec=video
[2026-08-10 03:33:44] [INFO] HlsMuxer: starting segment 23: /tmp/hls_output/camera-7/segment_000023.ts
[2026-08-10 03:33:44] [INFO] HlsMuxer: wrote segment header with codec=video
[2026-08-10 03:33:44] [INFO] HttpServer: GET /api/health
[2026-08-10 03:33:44] [INFO] StreamWorker[camera-2] processed 200 video packets (segments=3)
[2026-08-10 03:33:44] [INFO] HlsMuxer: closed segment 2: duration=1.90s, packets_total=118
[2026-08-10 03:33:44] [INFO] StreamWorker[camera-36] processed 100 video packets (segments=1)
[2026-08-10 03:33:44] [INFO] HlsMuxer: closed segment 1: duration=1.97s, packets_total=60
[2026-08-10 03:33:44] [INFO] HlsMuxer: starting segment 2: /tmp/hls_output/camera-49/segment_000002.ts
[2026-08-10 03:33:44] [INFO] HlsMuxer: wrote segment header with codec=video
[2026-08-10 03:33:44] [INFO] HlsMuxer: closed segment 22: duration=1.97s, packets_total=184
[2026-08-10 03:33:44] [INFO] HlsMuxer: starting segment 3: /tmp/hls_output/camera-30/segment_000003.ts
[2026-08-10 03:33:44] [INFO] StreamWorker[camera-3] processed 200 video packets (segments=3)
[2026-08-10 03:33:44] [INFO] HlsMuxer: closed segment 2: duration=1.97s, packets_total=120
[2026-08-10 03:33:44] [INFO] HlsMuxer: closed segment 1: duration=1.90s, packets_total=58
[2026-08-10 03:33:44] [INFO] HlsMuxer: wrote segment header with codec=video
[2026-08-10 03:33:44] [INFO] HlsMuxer: starting segment 2: /tmp/hls_output/camera-50/segment_000002.ts
[2026-08-10 03:33:44] [INFO] HlsMuxer: wrote segment header with codec=video
[2026-08-10 03:33:44] [INFO] HlsMuxer: starting segment 3: /tmp/hls_output/camera-29/segment_000003.ts
[2026-08-10 03:33:44] [INFO] HlsMuxer: starting segment 23: /tmp/hls_output/camera-8/segment_000023.ts
[2026-08-10 03:33:44] [INFO] HlsMuxer: wrote segment header with codec=video
[2026-08-10 03:33:44] [INFO] HlsMuxer: wrote segment header with codec=video
[2026-08-10 03:33:44] [INFO] HttpServer: GET /api/health
[2026-08-10 03:33:44] [INFO] HlsMuxer: closed segment 22: duration=1.93s, packets_total=180
[2026-08-10 03:33:44] [INFO] HlsMuxer: closed segment 22: duration=1.93s, packets_total=183
[2026-08-10 03:33:44] [INFO] HlsMuxer: starting segment 23: /tmp/hls_output/camera-10/segment_000023.ts
[2026-08-10 03:33:44] [INFO] HlsMuxer: wrote segment header with codec=video
[2026-08-10 03:33:44] [INFO] HlsMuxer: starting segment 23: /tmp/hls_output/camera-9/segment_000023.ts
[2026-08-10 03:33:44] [INFO] HlsMuxer: wrote segment header with codec=video
[2026-08-10 03:33:44] [INFO] StreamWorker[camera-37] processed 100 video packets (segments=1)
[2026-08-10 03:33:44] [INFO] Multi-stream status: 50 active, 0 error, total_reconnects=0, packets_written=6742
[2026-08-10 03:33:44] [INFO] StreamWorker[camera-4] processed 200 video packets (segments=3)
[2026-08-10 03:33:44] [INFO] HttpServer: GET /api/health
[2026-08-10 03:33:44] [INFO] StreamWorker[camera-38] processed 100 video packets (segments=1)
[2026-08-10 03:33:44] [INFO] HlsMuxer: closed segment 3: duration=1.90s, packets_total=181
[2026-08-10 03:33:44] [INFO] HlsMuxer: closed segment 2: duration=1.90s, packets_total=118
[2026-08-10 03:33:44] [INFO] HlsMuxer: closed segment 2: duration=1.90s, packets_total=120
[2026-08-10 03:33:44] [INFO] HlsMuxer: starting segment 3: /tmp/hls_output/camera-32/segment_000003.ts
[2026-08-10 03:33:44] [INFO] HlsMuxer: starting segment 3: /tmp/hls_output/camera-31/segment_000003.ts
[2026-08-10 03:33:44] [INFO] HlsMuxer: wrote segment header with codec=video
[2026-08-10 03:33:44] [INFO] HlsMuxer: wrote segment header with codec=video
[2026-08-10 03:33:44] [INFO] HlsMuxer: starting segment 4: /tmp/hls_output/camera-11/segment_000004.ts
[2026-08-10 03:33:44] [INFO] HlsMuxer: wrote segment header with codec=video
[2026-08-10 03:33:44] [INFO] StreamWorker[camera-5] processed 200 video packets (segments=3)
[2026-08-10 03:33:44] [INFO] StreamWorker[camera-39] processed 100 video packets (segments=1)
[2026-08-10 03:33:44] [INFO] HttpServer: GET /api/health
[2026-08-10 03:33:44] [INFO] StreamWorker[camera-6] processed 200 video packets (segments=3)
[2026-08-10 03:33:44] [INFO] StreamWorker[camera-40] processed 100 video packets (segments=1)
[2026-08-10 03:33:44] [INFO] HlsMuxer: closed segment 3: duration=1.97s, packets_total=181
[2026-08-10 03:33:44] [INFO] HlsMuxer: closed segment 2: duration=1.90s, packets_total=118
[2026-08-10 03:33:44] [INFO] HlsMuxer: closed segment 3: duration=1.90s, packets_total=178
[2026-08-10 03:33:44] [INFO] HlsMuxer: closed segment 3: duration=1.97s, packets_total=183
[2026-08-10 03:33:44] [INFO] HlsMuxer: starting segment 4: /tmp/hls_output/camera-14/segment_000004.ts
[2026-08-10 03:33:44] [INFO] HlsMuxer: wrote segment header with codec=video
[2026-08-10 03:33:44] [INFO] HlsMuxer: starting segment 4: /tmp/hls_output/camera-12/segment_000004.ts
[2026-08-10 03:33:44] [INFO] HlsMuxer: starting segment 4: /tmp/hls_output/camera-13/segment_000004.ts
[2026-08-10 03:33:44] [INFO] HlsMuxer: wrote segment header with codec=video
[2026-08-10 03:33:44] [INFO] HlsMuxer: wrote segment header with codec=video
[2026-08-10 03:33:44] [INFO] HlsMuxer: closed segment 2: duration=1.97s, packets_total=120
[2026-08-10 03:33:44] [INFO] HlsMuxer: starting segment 3: /tmp/hls_output/camera-34/segment_000003.ts
[2026-08-10 03:33:44] [INFO] HlsMuxer: wrote segment header with codec=video
[2026-08-10 03:33:44] [INFO] HlsMuxer: starting segment 3: /tmp/hls_output/camera-33/segment_000003.ts
[2026-08-10 03:33:44] [INFO] HlsMuxer: wrote segment header with codec=video
[2026-08-10 03:33:44] [INFO] HttpServer: GET /api/health
[2026-08-10 03:33:44] [INFO] StreamWorker[camera-7] processed 200 video packets (segments=3)
[2026-08-10 03:33:44] [INFO] StreamWorker[camera-41] processed 100 video packets (segments=1)
[2026-08-10 03:33:44] [INFO] StreamWorker[camera-8] processed 200 video packets (segments=3)
[2026-08-10 03:33:44] [INFO] HttpServer: GET /api/health
[2026-08-10 03:33:44] [INFO] StreamWorker[camera-42] processed 100 video packets (segments=1)
[2026-08-10 03:33:44] [INFO] HlsMuxer: closed segment 3: duration=1.90s, packets_total=179
[2026-08-10 03:33:44] [INFO] HlsMuxer: closed segment 2: duration=1.90s, packets_total=120
[2026-08-10 03:33:44] [INFO] HlsMuxer: starting segment 4: /tmp/hls_output/camera-15/segment_000004.ts
[2026-08-10 03:33:44] [INFO] HlsMuxer: starting segment 3: /tmp/hls_output/camera-35/segment_000003.ts
[2026-08-10 03:33:44] [INFO] HlsMuxer: wrote segment header with codec=video
[2026-08-10 03:33:44] [INFO] HlsMuxer: wrote segment header with codec=video
[2026-08-10 03:33:44] [INFO] StreamWorker[camera-9] processed 200 video packets (segments=3)
[2026-08-10 03:33:44] [INFO] Multi-stream status: 50 active, 0 error, total_reconnects=0, packets_written=7542
[2026-08-10 03:33:44] [INFO] StreamWorker[camera-43] processed 100 video packets (segments=1)
[2026-08-10 03:33:44] [INFO] HttpServer: GET /api/health
[2026-08-10 03:33:44] [INFO] StreamWorker[camera-10] processed 200 video packets (segments=3)
[2026-08-10 03:33:44] [INFO] HlsMuxer: closed segment 2: duration=1.97s, packets_total=122
[2026-08-10 03:33:44] [INFO] HlsMuxer: closed segment 2: duration=1.97s, packets_total=119
[2026-08-10 03:33:44] [INFO] HlsMuxer: closed segment 3: duration=1.97s, packets_total=180
[2026-08-10 03:33:44] [INFO] HlsMuxer: closed segment 3: duration=1.97s, packets_total=183
[2026-08-10 03:33:44] [INFO] HlsMuxer: starting segment 3: /tmp/hls_output/camera-36/segment_000003.ts
[2026-08-10 03:33:44] [INFO] HlsMuxer: starting segment 4: /tmp/hls_output/camera-16/segment_000004.ts
[2026-08-10 03:33:44] [INFO] HlsMuxer: starting segment 4: /tmp/hls_output/camera-17/segment_000004.ts
[2026-08-10 03:33:44] [INFO] HlsMuxer: starting segment 3: /tmp/hls_output/camera-37/segment_000003.ts
[2026-08-10 03:33:44] [INFO] HlsMuxer: wrote segment header with codec=video
[2026-08-10 03:33:44] [INFO] HlsMuxer: wrote segment header with codec=video
[2026-08-10 03:33:44] [INFO] HlsMuxer: wrote segment header with codec=video
[2026-08-10 03:33:44] [INFO] HlsMuxer: wrote segment header with codec=video
[2026-08-10 03:33:44] [INFO] HttpServer: GET /api/health
[2026-08-10 03:33:45] [INFO] StreamWorker[camera-44] processed 100 video packets (segments=1)
[2026-08-10 03:33:45] [INFO] StreamWorker[camera-11] processed 200 video packets (segments=3)
[2026-08-10 03:33:45] [INFO] StreamWorker[camera-45] processed 100 video packets (segments=1)
[2026-08-10 03:33:45] [INFO] HlsMuxer: closed segment 3: duration=1.93s, packets_total=179
[2026-08-10 03:33:45] [INFO] HlsMuxer: closed segment 2: duration=1.93s, packets_total=119
[2026-08-10 03:33:45] [INFO] HlsMuxer: starting segment 4: /tmp/hls_output/camera-18/segment_000004.ts
[2026-08-10 03:33:45] [INFO] HlsMuxer: wrote segment header with codec=video
[2026-08-10 03:33:45] [INFO] HlsMuxer: starting segment 3: /tmp/hls_output/camera-38/segment_000003.ts
[2026-08-10 03:33:45] [INFO] HlsMuxer: wrote segment header with codec=video
[2026-08-10 03:33:45] [INFO] HttpServer: GET /api/health
[2026-08-10 03:33:45] [INFO] StreamWorker[camera-12] processed 200 video packets (segments=3)
[2026-08-10 03:33:45] [INFO] StreamWorker[camera-46] processed 100 video packets (segments=1)
[2026-08-10 03:33:45] [INFO] StreamWorker[camera-13] processed 200 video packets (segments=3)
[2026-08-10 03:33:45] [INFO] HttpServer: GET /api/health
[2026-08-10 03:33:45] [INFO] HlsMuxer: closed segment 2: duration=1.97s, packets_total=121
[2026-08-10 03:33:45] [INFO] HlsMuxer: closed segment 3: duration=1.97s, packets_total=181
[2026-08-10 03:33:45] [INFO] HlsMuxer: starting segment 3: /tmp/hls_output/camera-39/segment_000003.ts
[2026-08-10 03:33:45] [INFO] HlsMuxer: wrote segment header with codec=video
[2026-08-10 03:33:45] [INFO] HlsMuxer: starting segment 4: /tmp/hls_output/camera-19/segment_000004.ts
[2026-08-10 03:33:45] [INFO] HlsMuxer: wrote segment header with codec=video
[2026-08-10 03:33:45] [INFO] StreamWorker[camera-47] processed 100 video packets (segments=1)
[2026-08-10 03:33:45] [INFO] StreamWorker[camera-14] processed 200 video packets (segments=3)
[2026-08-10 03:33:45] [INFO] HttpServer: GET /api/health
[2026-08-10 03:33:45] [INFO] Multi-stream status: 50 active, 0 error, total_reconnects=0, packets_written=8292
[2026-08-10 03:33:45] [INFO] HlsMuxer: closed segment 3: duration=1.93s, packets_total=180
[2026-08-10 03:33:45] [INFO] HlsMuxer: starting segment 4: /tmp/hls_output/camera-21/segment_000004.ts
[2026-08-10 03:33:45] [INFO] HlsMuxer: closed segment 59: duration=1.93s, packets_total=239
[2026-08-10 03:33:45] [INFO] HlsMuxer: closed segment 2: duration=1.97s, packets_total=123
[2026-08-10 03:33:45] [INFO] HlsMuxer: wrote segment header with codec=video
[2026-08-10 03:33:45] [INFO] HlsMuxer: closed segment 2: duration=1.93s, packets_total=119
[2026-08-10 03:33:45] [INFO] HlsMuxer: starting segment 60: /tmp/hls_output/camera-1/segment_000060.ts
[2026-08-10 03:33:45] [INFO] HlsMuxer: wrote segment header with codec=video
[2026-08-10 03:33:45] [INFO] HlsMuxer: starting segment 3: /tmp/hls_output/camera-41/segment_000003.ts
[2026-08-10 03:33:45] [INFO] HlsMuxer: closed segment 3: duration=1.97s, packets_total=182
[2026-08-10 03:33:45] [INFO] HlsMuxer: wrote segment header with codec=video
[2026-08-10 03:33:45] [INFO] HlsMuxer: starting segment 4: /tmp/hls_output/camera-20/segment_000004.ts
[2026-08-10 03:33:45] [INFO] HlsMuxer: wrote segment header with codec=video
[2026-08-10 03:33:45] [INFO] HlsMuxer: starting segment 3: /tmp/hls_output/camera-40/segment_000003.ts
[2026-08-10 03:33:45] [INFO] HlsMuxer: wrote segment header with codec=video
[2026-08-10 03:33:45] [INFO] StreamWorker[camera-48] processed 100 video packets (segments=1)
[2026-08-10 03:33:45] [INFO] StreamWorker[camera-15] processed 200 video packets (segments=3)
[2026-08-10 03:33:45] [INFO] HttpServer: GET /api/health
[2026-08-10 03:33:45] [INFO] StreamWorker[camera-49] processed 100 video packets (segments=1)
[2026-08-10 03:33:45] [INFO] StreamWorker[camera-16] processed 200 video packets (segments=3)
[2026-08-10 03:33:45] [INFO] HlsMuxer: closed segment 3: duration=1.97s, packets_total=181
[2026-08-10 03:33:45] [INFO] HlsMuxer: starting segment 4: /tmp/hls_output/camera-22/segment_000004.ts
[2026-08-10 03:33:45] [INFO] HlsMuxer: closed segment 2: duration=1.97s, packets_total=121
[2026-08-10 03:33:45] [INFO] HlsMuxer: wrote segment header with codec=video
[2026-08-10 03:33:45] [INFO] StreamWorker[camera-50] processed 100 video packets (segments=1)
[2026-08-10 03:33:45] [INFO] HlsMuxer: starting segment 3: /tmp/hls_output/camera-42/segment_000003.ts
[2026-08-10 03:33:45] [INFO] HlsMuxer: wrote segment header with codec=video
[2026-08-10 03:33:45] [INFO] HttpServer: GET /api/health
[2026-08-10 03:33:45] [INFO] HlsMuxer: closed segment 41: duration=1.93s, packets_total=243
[2026-08-10 03:33:45] [INFO] HlsMuxer: closed segment 3: duration=1.93s, packets_total=180
[2026-08-10 03:33:45] [INFO] HlsMuxer: starting segment 42: /tmp/hls_output/camera-2/segment_000042.ts
[2026-08-10 03:33:45] [INFO] HlsMuxer: wrote segment header with codec=video
[2026-08-10 03:33:45] [INFO] StreamWorker[camera-17] processed 200 video packets (segments=3)
[2026-08-10 03:33:45] [INFO] HlsMuxer: closed segment 2: duration=1.93s, packets_total=121
[2026-08-10 03:33:45] [INFO] HlsMuxer: starting segment 4: /tmp/hls_output/camera-23/segment_000004.ts
[2026-08-10 03:33:45] [INFO] HlsMuxer: wrote segment header with codec=video
[2026-08-10 03:33:45] [INFO] HlsMuxer: starting segment 3: /tmp/hls_output/camera-43/segment_000003.ts
[2026-08-10 03:33:45] [INFO] HlsMuxer: wrote segment header with codec=video
[2026-08-10 03:33:45] [INFO] HttpServer: GET /api/health
[2026-08-10 03:33:45] [INFO] HlsMuxer: closed segment 2: duration=1.97s, packets_total=121
[2026-08-10 03:33:45] [INFO] HlsMuxer: closed segment 3: duration=1.97s, packets_total=182
[2026-08-10 03:33:45] [INFO] StreamWorker[camera-18] processed 200 video packets (segments=3)
[2026-08-10 03:33:45] [INFO] HlsMuxer: starting segment 3: /tmp/hls_output/camera-44/segment_000003.ts
[2026-08-10 03:33:45] [INFO] HlsMuxer: starting segment 4: /tmp/hls_output/camera-24/segment_000004.ts
[2026-08-10 03:33:45] [INFO] HlsMuxer: wrote segment header with codec=video
[2026-08-10 03:33:45] [INFO] HlsMuxer: wrote segment header with codec=video
[2026-08-10 03:33:45] [INFO] HlsMuxer: closed segment 41: duration=1.97s, packets_total=241
[2026-08-10 03:33:45] [INFO] HlsMuxer: starting segment 42: /tmp/hls_output/camera-4/segment_000042.ts
[2026-08-10 03:33:45] [INFO] HlsMuxer: wrote segment header with codec=video
[2026-08-10 03:33:45] [INFO] HlsMuxer: closed segment 41: duration=1.97s, packets_total=245
[2026-08-10 03:33:45] [INFO] HlsMuxer: starting segment 42: /tmp/hls_output/camera-3/segment_000042.ts
[2026-08-10 03:33:45] [INFO] HlsMuxer: wrote segment header with codec=video
[2026-08-10 03:33:45] [INFO] HttpServer: GET /api/health
[2026-08-10 03:33:45] [INFO] HlsMuxer: closed segment 3: duration=1.93s, packets_total=180
[2026-08-10 03:33:45] [INFO] HlsMuxer: starting segment 4: /tmp/hls_output/camera-25/segment_000004.ts
[2026-08-10 03:33:45] [INFO] HlsMuxer: wrote segment header with codec=video
[2026-08-10 03:33:45] [INFO] HlsMuxer: closed segment 2: duration=1.93s, packets_total=120
[2026-08-10 03:33:45] [INFO] StreamWorker[camera-19] processed 200 video packets (segments=3)
[2026-08-10 03:33:45] [INFO] HlsMuxer: starting segment 3: /tmp/hls_output/camera-45/segment_000003.ts
[2026-08-10 03:33:45] [INFO] HlsMuxer: wrote segment header with codec=video
[2026-08-10 03:33:45] [INFO] Multi-stream status: 50 active, 0 error, total_reconnects=0, packets_written=9042
[2026-08-10 03:33:45] [INFO] HlsMuxer: closed segment 2: duration=1.90s, packets_total=120
[2026-08-10 03:33:45] [INFO] HlsMuxer: closed segment 23: duration=1.90s, packets_total=239
[2026-08-10 03:33:45] [INFO] HlsMuxer: closed segment 3: duration=1.90s, packets_total=179
[2026-08-10 03:33:45] [INFO] HlsMuxer: starting segment 3: /tmp/hls_output/camera-46/segment_000003.ts
[2026-08-10 03:33:45] [INFO] HlsMuxer: starting segment 24: /tmp/hls_output/camera-6/segment_000024.ts
[2026-08-10 03:33:45] [INFO] HlsMuxer: wrote segment header with codec=video
[2026-08-10 03:33:45] [INFO] HlsMuxer: wrote segment header with codec=video
[2026-08-10 03:33:45] [INFO] HlsMuxer: starting segment 4: /tmp/hls_output/camera-26/segment_000004.ts
[2026-08-10 03:33:45] [INFO] HlsMuxer: closed segment 41: duration=1.90s, packets_total=242
[2026-08-10 03:33:45] [INFO] HlsMuxer: wrote segment header with codec=video
[2026-08-10 03:33:45] [INFO] HlsMuxer: starting segment 42: /tmp/hls_output/camera-5/segment_000042.ts
[2026-08-10 03:33:45] [INFO] HlsMuxer: wrote segment header with codec=video
[2026-08-10 03:33:45] [INFO] StreamWorker[camera-20] processed 200 video packets (segments=3)
[2026-08-10 03:33:45] [INFO] HttpServer: GET /api/health
[2026-08-10 03:33:45] [INFO] StreamWorker[camera-21] processed 200 video packets (segments=3)
[2026-08-10 03:33:46] [INFO] HttpServer: GET /api/health
[2026-08-10 03:33:46] [INFO] HlsMuxer: closed segment 3: duration=1.97s, packets_total=181
[2026-08-10 03:33:46] [INFO] HlsMuxer: closed segment 2: duration=1.97s, packets_total=121
[2026-08-10 03:33:46] [INFO] HlsMuxer: starting segment 3: /tmp/hls_output/camera-47/segment_000003.ts
[2026-08-10 03:33:46] [INFO] HlsMuxer: starting segment 4: /tmp/hls_output/camera-27/segment_000004.ts
[2026-08-10 03:33:46] [INFO] HlsMuxer: wrote segment header with codec=video
[2026-08-10 03:33:46] [INFO] HlsMuxer: wrote segment header with codec=video
[2026-08-10 03:33:46] [INFO] StreamWorker[camera-22] processed 200 video packets (segments=3)
[2026-08-10 03:33:46] [INFO] HttpServer: GET /api/health
[2026-08-10 03:33:46] [INFO] HlsMuxer: closed segment 23: duration=1.97s, packets_total=245
[2026-08-10 03:33:46] [INFO] HlsMuxer: closed segment 3: duration=1.97s, packets_total=182
[2026-08-10 03:33:46] [INFO] HlsMuxer: starting segment 24: /tmp/hls_output/camera-7/segment_000024.ts
[2026-08-10 03:33:46] [INFO] HlsMuxer: starting segment 4: /tmp/hls_output/camera-28/segment_000004.ts
[2026-08-10 03:33:46] [INFO] HlsMuxer: wrote segment header with codec=video
[2026-08-10 03:33:46] [INFO] HlsMuxer: closed segment 2: duration=1.97s, packets_total=122
[2026-08-10 03:33:46] [INFO] HlsMuxer: starting segment 3: /tmp/hls_output/camera-48/segment_000003.ts
[2026-08-10 03:33:46] [INFO] HlsMuxer: wrote segment header with codec=video
[2026-08-10 03:33:46] [INFO] HlsMuxer: wrote segment header with codec=video
[2026-08-10 03:33:46] [INFO] HlsMuxer: closed segment 2: duration=1.93s, packets_total=119
[2026-08-10 03:33:46] [INFO] StreamWorker[camera-23] processed 200 video packets (segments=3)
[2026-08-10 03:33:46] [INFO] HlsMuxer: closed segment 2: duration=1.93s, packets_total=121
[2026-08-10 03:33:46] [INFO] HlsMuxer: starting segment 3: /tmp/hls_output/camera-50/segment_000003.ts
[2026-08-10 03:33:46] [INFO] HlsMuxer: closed segment 3: duration=1.93s, packets_total=179
[2026-08-10 03:33:46] [INFO] HlsMuxer: wrote segment header with codec=video
[2026-08-10 03:33:46] [INFO] HlsMuxer: closed segment 23: duration=1.93s, packets_total=245
[2026-08-10 03:33:46] [INFO] HlsMuxer: starting segment 4: /tmp/hls_output/camera-30/segment_000004.ts
[2026-08-10 03:33:46] [INFO] HlsMuxer: wrote segment header with codec=video
[2026-08-10 03:33:46] [INFO] HlsMuxer: closed segment 3: duration=1.93s, packets_total=181
[2026-08-10 03:33:46] [INFO] HlsMuxer: starting segment 4: /tmp/hls_output/camera-29/segment_000004.ts
[2026-08-10 03:33:46] [INFO] HlsMuxer: starting segment 24: /tmp/hls_output/camera-8/segment_000024.ts
[2026-08-10 03:33:46] [INFO] HlsMuxer: wrote segment header with codec=video
[2026-08-10 03:33:46] [INFO] HlsMuxer: starting segment 3: /tmp/hls_output/camera-49/segment_000003.ts
[2026-08-10 03:33:46] [INFO] HlsMuxer: wrote segment header with codec=video
[2026-08-10 03:33:46] [INFO] HlsMuxer: wrote segment header with codec=video
[2026-08-10 03:33:46] [INFO] HttpServer: GET /api/health
[2026-08-10 03:33:46] [INFO] StreamWorker[camera-24] processed 200 video packets (segments=3)
[2026-08-10 03:33:46] [INFO] HlsMuxer: closed segment 23: duration=1.93s, packets_total=241
[2026-08-10 03:33:46] [INFO] HlsMuxer: closed segment 23: duration=1.93s, packets_total=244
[2026-08-10 03:33:46] [INFO] HlsMuxer: starting segment 24: /tmp/hls_output/camera-10/segment_000024.ts
[2026-08-10 03:33:46] [INFO] HlsMuxer: wrote segment header with codec=video
[2026-08-10 03:33:46] [INFO] HlsMuxer: starting segment 24: /tmp/hls_output/camera-9/segment_000024.ts
[2026-08-10 03:33:46] [INFO] HlsMuxer: wrote segment header with codec=video
[2026-08-10 03:33:46] [INFO] Multi-stream status: 50 active, 0 error, total_reconnects=0, packets_written=9792
[2026-08-10 03:33:46] [INFO] HttpServer: GET /api/health
[2026-08-10 03:33:46] [INFO] HlsMuxer: closed segment 3: duration=1.93s, packets_total=181
[2026-08-10 03:33:46] [INFO] StreamWorker[camera-25] processed 200 video packets (segments=3)
[2026-08-10 03:33:46] [INFO] HlsMuxer: closed segment 3: duration=1.93s, packets_total=179
[2026-08-10 03:33:46] [INFO] HlsMuxer: starting segment 4: /tmp/hls_output/camera-32/segment_000004.ts
[2026-08-10 03:33:46] [INFO] HlsMuxer: starting segment 4: /tmp/hls_output/camera-31/segment_000004.ts
[2026-08-10 03:33:46] [INFO] HlsMuxer: wrote segment header with codec=video
[2026-08-10 03:33:46] [INFO] HlsMuxer: wrote segment header with codec=video
[2026-08-10 03:33:46] [INFO] HlsMuxer: closed segment 4: duration=1.93s, packets_total=242
[2026-08-10 03:33:46] [INFO] HlsMuxer: starting segment 5: /tmp/hls_output/camera-11/segment_000005.ts
[2026-08-10 03:33:46] [INFO] HlsMuxer: wrote segment header with codec=video
[2026-08-10 03:33:46] [INFO] StreamWorker[camera-26] processed 200 video packets (segments=3)
[2026-08-10 03:33:46] [INFO] HttpServer: GET /api/health
[2026-08-10 03:33:46] [INFO] HttpServer: GET /api/health
[2026-08-10 03:33:46] [INFO] HlsMuxer: closed segment 4: duration=1.93s, packets_total=242
[2026-08-10 03:33:46] [INFO] StreamWorker[camera-27] processed 200 video packets (segments=3)
[2026-08-10 03:33:46] [INFO] HlsMuxer: closed segment 4: duration=1.93s, packets_total=239
[2026-08-10 03:33:46] [INFO] HlsMuxer: closed segment 3: duration=1.93s, packets_total=179
[2026-08-10 03:33:46] [INFO] HlsMuxer: starting segment 5: /tmp/hls_output/camera-14/segment_000005.ts
[2026-08-10 03:33:46] [INFO] HlsMuxer: starting segment 4: /tmp/hls_output/camera-34/segment_000004.ts
[2026-08-10 03:33:46] [INFO] HlsMuxer: closed segment 4: duration=1.93s, packets_total=244
[2026-08-10 03:33:46] [INFO] HlsMuxer: wrote segment header with codec=video
[2026-08-10 03:33:46] [INFO] HlsMuxer: wrote segment header with codec=video
[2026-08-10 03:33:46] [INFO] HlsMuxer: starting segment 5: /tmp/hls_output/camera-13/segment_000005.ts
[2026-08-10 03:33:46] [INFO] HlsMuxer: starting segment 5: /tmp/hls_output/camera-12/segment_000005.ts
[2026-08-10 03:33:46] [INFO] HlsMuxer: wrote segment header with codec=video
[2026-08-10 03:33:46] [INFO] HlsMuxer: wrote segment header with codec=video
[2026-08-10 03:33:46] [INFO] HlsMuxer: closed segment 3: duration=1.93s, packets_total=181
[2026-08-10 03:33:46] [INFO] HlsMuxer: starting segment 4: /tmp/hls_output/camera-33/segment_000004.ts
[2026-08-10 03:33:46] [INFO] HlsMuxer: wrote segment header with codec=video
[2026-08-10 03:33:46] [INFO] StreamWorker[camera-28] processed 200 video packets (segments=3)
[2026-08-10 03:33:46] [INFO] HttpServer: GET /api/health
[2026-08-10 03:33:46] [INFO] StreamWorker[camera-29] processed 200 video packets (segments=3)
[2026-08-10 03:33:46] [INFO] HlsMuxer: closed segment 4: duration=1.97s, packets_total=241
[2026-08-10 03:33:46] [INFO] HlsMuxer: closed segment 3: duration=1.97s, packets_total=182
[2026-08-10 03:33:46] [INFO] HlsMuxer: starting segment 4: /tmp/hls_output/camera-35/segment_000004.ts
[2026-08-10 03:33:46] [INFO] HlsMuxer: starting segment 5: /tmp/hls_output/camera-15/segment_000005.ts
[2026-08-10 03:33:46] [INFO] HlsMuxer: wrote segment header with codec=video
[2026-08-10 03:33:46] [INFO] HlsMuxer: wrote segment header with codec=video
[2026-08-10 03:33:46] [INFO] Multi-stream status: 50 active, 0 error, total_reconnects=0, packets_written=10591
[2026-08-10 03:33:46] [INFO] HttpServer: GET /api/health
[2026-08-10 03:33:46] [INFO] StreamWorker[camera-30] processed 200 video packets (segments=3)
[2026-08-10 03:33:46] [INFO] HttpServer: GET /api/health
[2026-08-10 03:33:47] [INFO] HlsMuxer: closed segment 4: duration=1.97s, packets_total=242
[2026-08-10 03:33:47] [INFO] HlsMuxer: closed segment 3: duration=1.97s, packets_total=181
[2026-08-10 03:33:47] [INFO] StreamWorker[camera-31] processed 200 video packets (segments=3)
[2026-08-10 03:33:47] [INFO] HlsMuxer: closed segment 3: duration=1.97s, packets_total=184
[2026-08-10 03:33:47] [INFO] HlsMuxer: closed segment 3: duration=1.90s, packets_total=178
[2026-08-10 03:33:47] [INFO] HlsMuxer: closed segment 4: duration=1.97s, packets_total=245
[2026-08-10 03:33:47] [INFO] HlsMuxer: closed segment 4: duration=1.90s, packets_total=238
[2026-08-10 03:33:47] [INFO] HlsMuxer: starting segment 5: /tmp/hls_output/camera-17/segment_000005.ts
[2026-08-10 03:33:47] [INFO] HlsMuxer: starting segment 5: /tmp/hls_output/camera-16/segment_000005.ts
[2026-08-10 03:33:47] [INFO] HlsMuxer: starting segment 5: /tmp/hls_output/camera-18/segment_000005.ts
[2026-08-10 03:33:47] [INFO] HlsMuxer: starting segment 4: /tmp/hls_output/camera-36/segment_000004.ts
[2026-08-10 03:33:47] [INFO] HlsMuxer: starting segment 4: /tmp/hls_output/camera-37/segment_000004.ts
[2026-08-10 03:33:47] [INFO] HlsMuxer: wrote segment header with codec=video
[2026-08-10 03:33:47] [INFO] HlsMuxer: wrote segment header with codec=video
[2026-08-10 03:33:47] [INFO] HlsMuxer: wrote segment header with codec=video
[2026-08-10 03:33:47] [INFO] HlsMuxer: wrote segment header with codec=video
[2026-08-10 03:33:47] [INFO] HlsMuxer: wrote segment header with codec=video
[2026-08-10 03:33:47] [INFO] HlsMuxer: starting segment 4: /tmp/hls_output/camera-38/segment_000004.ts
[2026-08-10 03:33:47] [INFO] HlsMuxer: wrote segment header with codec=video
[2026-08-10 03:33:47] [INFO] StreamWorker[camera-32] processed 200 video packets (segments=3)
[2026-08-10 03:33:47] [INFO] HttpServer: GET /api/health
[2026-08-10 03:33:47] [INFO] StreamWorker[camera-33] processed 200 video packets (segments=3)
[2026-08-10 03:33:47] [INFO] HttpServer: GET /api/health
[2026-08-10 03:33:47] [INFO] HlsMuxer: closed segment 4: duration=1.97s, packets_total=242
[2026-08-10 03:33:47] [INFO] HlsMuxer: closed segment 3: duration=1.97s, packets_total=182
[2026-08-10 03:33:47] [INFO] HlsMuxer: starting segment 5: /tmp/hls_output/camera-19/segment_000005.ts
[2026-08-10 03:33:47] [INFO] HlsMuxer: wrote segment header with codec=video
[2026-08-10 03:33:47] [INFO] HlsMuxer: starting segment 4: /tmp/hls_output/camera-39/segment_000004.ts
[2026-08-10 03:33:47] [INFO] HlsMuxer: wrote segment header with codec=video
[2026-08-10 03:33:47] [INFO] StreamWorker[camera-34] processed 200 video packets (segments=3)
[2026-08-10 03:33:47] [INFO] StreamWorker[camera-1] processed 300 video packets (segments=4)
[2026-08-10 03:33:47] [INFO] HttpServer: GET /api/health
[2026-08-10 03:33:47] [INFO] Multi-stream status: 50 active, 0 error, total_reconnects=0, packets_written=11342
[2026-08-10 03:33:47] [INFO] HlsMuxer: closed segment 60: duration=1.97s, packets_total=300
[2026-08-10 03:33:47] [INFO] HlsMuxer: starting segment 61: /tmp/hls_output/camera-1/segment_000061.ts
[2026-08-10 03:33:47] [INFO] StreamWorker[camera-35] processed 200 video packets (segments=3)
[2026-08-10 03:33:47] [INFO] HlsMuxer: closed segment 4: duration=1.97s, packets_total=241
[2026-08-10 03:33:47] [INFO] HlsMuxer: wrote segment header with codec=video
[2026-08-10 03:33:47] [INFO] HlsMuxer: closed segment 4: duration=1.97s, packets_total=243
[2026-08-10 03:33:47] [INFO] HlsMuxer: closed segment 3: duration=1.97s, packets_total=180
[2026-08-10 03:33:47] [INFO] HlsMuxer: starting segment 5: /tmp/hls_output/camera-20/segment_000005.ts
[2026-08-10 03:33:47] [INFO] HlsMuxer: closed segment 3: duration=1.97s, packets_total=184
[2026-08-10 03:33:47] [INFO] HlsMuxer: wrote segment header with codec=video
[2026-08-10 03:33:47] [INFO] HlsMuxer: starting segment 4: /tmp/hls_output/camera-41/segment_000004.ts
[2026-08-10 03:33:47] [INFO] HlsMuxer: starting segment 4: /tmp/hls_output/camera-40/segment_000004.ts
[2026-08-10 03:33:47] [INFO] HlsMuxer: wrote segment header with codec=video
[2026-08-10 03:33:47] [INFO] HlsMuxer: wrote segment header with codec=video
[2026-08-10 03:33:47] [INFO] HlsMuxer: starting segment 5: /tmp/hls_output/camera-21/segment_000005.ts
[2026-08-10 03:33:47] [INFO] HlsMuxer: wrote segment header with codec=video
[2026-08-10 03:33:47] [INFO] StreamWorker[camera-2] processed 300 video packets (segments=4)
[2026-08-10 03:33:47] [INFO] HttpServer: GET /api/health
[2026-08-10 03:33:47] [INFO] StreamWorker[camera-36] processed 200 video packets (segments=3)
[2026-08-10 03:33:47] [INFO] StreamWorker[camera-3] processed 300 video packets (segments=4)
[2026-08-10 03:33:47] [INFO] HttpServer: GET /api/health
[2026-08-10 03:33:47] [INFO] StreamWorker[camera-37] processed 200 video packets (segments=3)
[2026-08-10 03:33:47] [INFO] HlsMuxer: closed segment 42: duration=1.90s, packets_total=302
[2026-08-10 03:33:47] [INFO] HlsMuxer: closed segment 4: duration=1.90s, packets_total=239
[2026-08-10 03:33:47] [INFO] HlsMuxer: closed segment 3: duration=1.90s, packets_total=180
[2026-08-10 03:33:47] [INFO] HlsMuxer: starting segment 43: /tmp/hls_output/camera-2/segment_000043.ts
[2026-08-10 03:33:47] [INFO] HlsMuxer: starting segment 5: /tmp/hls_output/camera-23/segment_000005.ts
[2026-08-10 03:33:47] [INFO] HlsMuxer: wrote segment header with codec=video
[2026-08-10 03:33:47] [INFO] HlsMuxer: wrote segment header with codec=video
[2026-08-10 03:33:47] [INFO] HlsMuxer: starting segment 4: /tmp/hls_output/camera-43/segment_000004.ts
[2026-08-10 03:33:47] [INFO] HlsMuxer: wrote segment header with codec=video
[2026-08-10 03:33:47] [INFO] StreamWorker[camera-4] processed 300 video packets (segments=4)
[2026-08-10 03:33:47] [INFO] HlsMuxer: closed segment 3: duration=1.97s, packets_total=182
[2026-08-10 03:33:47] [INFO] HlsMuxer: closed segment 4: duration=1.97s, packets_total=242
[2026-08-10 03:33:47] [INFO] HlsMuxer: starting segment 4: /tmp/hls_output/camera-42/segment_000004.ts
[2026-08-10 03:33:47] [INFO] HlsMuxer: wrote segment header with codec=video
[2026-08-10 03:33:47] [INFO] HlsMuxer: starting segment 5: /tmp/hls_output/camera-22/segment_000005.ts
[2026-08-10 03:33:47] [INFO] HlsMuxer: wrote segment header with codec=video
[2026-08-10 03:33:47] [INFO] HttpServer: GET /api/health
[2026-08-10 03:33:47] [INFO] StreamWorker[camera-38] processed 200 video packets (segments=3)
[2026-08-10 03:33:47] [INFO] StreamWorker[camera-5] processed 300 video packets (segments=4)
[2026-08-10 03:33:47] [INFO] HlsMuxer: closed segment 4: duration=1.90s, packets_total=239
[2026-08-10 03:33:47] [INFO] HlsMuxer: closed segment 3: duration=1.90s, packets_total=179
[2026-08-10 03:33:47] [INFO] HlsMuxer: closed segment 3: duration=1.97s, packets_total=182
[2026-08-10 03:33:47] [INFO] HlsMuxer: closed segment 4: duration=1.97s, packets_total=243
[2026-08-10 03:33:47] [INFO] HlsMuxer: closed segment 42: duration=1.97s, packets_total=306
[2026-08-10 03:33:47] [INFO] HlsMuxer: closed segment 42: duration=1.97s, packets_total=302
[2026-08-10 03:33:47] [INFO] HlsMuxer: starting segment 4: /tmp/hls_output/camera-45/segment_000004.ts
[2026-08-10 03:33:47] [INFO] HlsMuxer: starting segment 5: /tmp/hls_output/camera-25/segment_000005.ts
[2026-08-10 03:33:47] [INFO] HlsMuxer: wrote segment header with codec=video
[2026-08-10 03:33:47] [INFO] HlsMuxer: wrote segment header with codec=video
[2026-08-10 03:33:47] [INFO] HlsMuxer: starting segment 5: /tmp/hls_output/camera-24/segment_000005.ts
[2026-08-10 03:33:47] [INFO] HlsMuxer: starting segment 4: /tmp/hls_output/camera-44/segment_000004.ts
[2026-08-10 03:33:47] [INFO] HlsMuxer: starting segment 43: /tmp/hls_output/camera-4/segment_000043.ts
[2026-08-10 03:33:47] [INFO] HlsMuxer: wrote segment header with codec=video
[2026-08-10 03:33:47] [INFO] HlsMuxer: wrote segment header with codec=video
[2026-08-10 03:33:47] [INFO] HlsMuxer: wrote segment header with codec=video
[2026-08-10 03:33:47] [INFO] HlsMuxer: starting segment 43: /tmp/hls_output/camera-3/segment_000043.ts
[2026-08-10 03:33:47] [INFO] HlsMuxer: wrote segment header with codec=video
[2026-08-10 03:33:47] [INFO] StreamWorker[camera-39] processed 200 video packets (segments=3)
[2026-08-10 03:33:47] [INFO] HttpServer: GET /api/health
[2026-08-10 03:33:47] [INFO] Multi-stream status: 50 active, 0 error, total_reconnects=0, packets_written=12088
[2026-08-10 03:33:47] [INFO] HlsMuxer: closed segment 24: duration=1.90s, packets_total=299
[2026-08-10 03:33:47] [INFO] HlsMuxer: closed segment 4: duration=1.90s, packets_total=239
[2026-08-10 03:33:47] [INFO] HlsMuxer: closed segment 3: duration=1.90s, packets_total=180
[2026-08-10 03:33:47] [INFO] HlsMuxer: closed segment 42: duration=1.90s, packets_total=302
[2026-08-10 03:33:47] [INFO] HlsMuxer: starting segment 25: /tmp/hls_output/camera-6/segment_000025.ts
[2026-08-10 03:33:47] [INFO] HlsMuxer: wrote segment header with codec=video
[2026-08-10 03:33:47] [INFO] StreamWorker[camera-6] processed 300 video packets (segments=5)
[2026-08-10 03:33:47] [INFO] HlsMuxer: starting segment 5: /tmp/hls_output/camera-26/segment_000005.ts
[2026-08-10 03:33:47] [INFO] HlsMuxer: starting segment 43: /tmp/hls_output/camera-5/segment_000043.ts
[2026-08-10 03:33:47] [INFO] HlsMuxer: wrote segment header with codec=video
[2026-08-10 03:33:47] [INFO] HlsMuxer: wrote segment header with codec=video
[2026-08-10 03:33:47] [INFO] HlsMuxer: starting segment 4: /tmp/hls_output/camera-46/segment_000004.ts
[2026-08-10 03:33:47] [INFO] HlsMuxer: wrote segment header with codec=video
[2026-08-10 03:33:47] [INFO] StreamWorker[camera-40] processed 200 video packets (segments=3)
[2026-08-10 03:33:47] [INFO] HttpServer: GET /api/health
[2026-08-10 03:33:47] [INFO] StreamWorker[camera-7] processed 300 video packets (segments=4)
[2026-08-10 03:33:48] [INFO] StreamWorker[camera-41] processed 200 video packets (segments=3)
[2026-08-10 03:33:48] [INFO] StreamWorker[camera-8] processed 300 video packets (segments=4)
[2026-08-10 03:33:48] [INFO] HttpServer: GET /api/health
[2026-08-10 03:33:48] [INFO] HlsMuxer: closed segment 3: duration=1.97s, packets_total=182
[2026-08-10 03:33:48] [INFO] HlsMuxer: closed segment 4: duration=1.97s, packets_total=242
[2026-08-10 03:33:48] [INFO] HlsMuxer: starting segment 4: /tmp/hls_output/camera-47/segment_000004.ts
[2026-08-10 03:33:48] [INFO] HlsMuxer: wrote segment header with codec=video
[2026-08-10 03:33:48] [INFO] HlsMuxer: starting segment 5: /tmp/hls_output/camera-27/segment_000005.ts
[2026-08-10 03:33:48] [INFO] HlsMuxer: wrote segment header with codec=video
[2026-08-10 03:33:48] [INFO] StreamWorker[camera-42] processed 200 video packets (segments=3)
[2026-08-10 03:33:48] [INFO] HlsMuxer: closed segment 4: duration=1.90s, packets_total=241
[2026-08-10 03:33:48] [INFO] HlsMuxer: closed segment 24: duration=1.90s, packets_total=304
[2026-08-10 03:33:48] [INFO] HlsMuxer: closed segment 3: duration=1.90s, packets_total=181
[2026-08-10 03:33:48] [INFO] HlsMuxer: starting segment 5: /tmp/hls_output/camera-28/segment_000005.ts
[2026-08-10 03:33:48] [INFO] HlsMuxer: wrote segment header with codec=video
[2026-08-10 03:33:48] [INFO] HlsMuxer: starting segment 25: /tmp/hls_output/camera-7/segment_000025.ts
[2026-08-10 03:33:48] [INFO] HlsMuxer: wrote segment header with codec=video
[2026-08-10 03:33:48] [INFO] HlsMuxer: starting segment 4: /tmp/hls_output/camera-48/segment_000004.ts
[2026-08-10 03:33:48] [INFO] HlsMuxer: wrote segment header with codec=video
[2026-08-10 03:33:48] [INFO] StreamWorker[camera-43] processed 200 video packets (segments=3)
[2026-08-10 03:33:48] [INFO] StreamWorker[camera-9] processed 300 video packets (segments=4)
[2026-08-10 03:33:48] [INFO] HttpServer: GET /api/health
[2026-08-10 03:33:48] [INFO] StreamWorker[camera-10] processed 300 video packets (segments=4)
[2026-08-10 03:33:48] [INFO] HlsMuxer: closed segment 24: duration=1.93s, packets_total=305
[2026-08-10 03:33:48] [INFO] HlsMuxer: closed segment 3: duration=1.93s, packets_total=179
[2026-08-10 03:33:48] [INFO] HlsMuxer: closed segment 3: duration=1.93s, packets_total=181
[2026-08-10 03:33:48] [INFO] HlsMuxer: closed segment 4: duration=1.93s, packets_total=239
[2026-08-10 03:33:48] [INFO] HlsMuxer: closed segment 4: duration=1.93s, packets_total=241
[2026-08-10 03:33:48] [INFO] HlsMuxer: starting segment 4: /tmp/hls_output/camera-50/segment_000004.ts
[2026-08-10 03:33:48] [INFO] HlsMuxer: wrote segment header with codec=video
[2026-08-10 03:33:48] [INFO] HlsMuxer: starting segment 25: /tmp/hls_output/camera-8/segment_000025.ts
[2026-08-10 03:33:48] [INFO] HlsMuxer: wrote segment header with codec=video
[2026-08-10 03:33:48] [INFO] HlsMuxer: starting segment 4: /tmp/hls_output/camera-49/segment_000004.ts
[2026-08-10 03:33:48] [INFO] HlsMuxer: wrote segment header with codec=video
[2026-08-10 03:33:48] [INFO] HlsMuxer: starting segment 5: /tmp/hls_output/camera-29/segment_000005.ts
[2026-08-10 03:33:48] [INFO] HlsMuxer: starting segment 5: /tmp/hls_output/camera-30/segment_000005.ts
[2026-08-10 03:33:48] [INFO] HlsMuxer: wrote segment header with codec=video
[2026-08-10 03:33:48] [INFO] HlsMuxer: wrote segment header with codec=video
[2026-08-10 03:33:48] [INFO] StreamWorker[camera-44] processed 200 video packets (segments=3)
[2026-08-10 03:33:48] [INFO] StreamWorker[camera-11] processed 300 video packets (segments=4)
[2026-08-10 03:33:48] [INFO] HttpServer: GET /api/health
[2026-08-10 03:33:48] [INFO] HlsMuxer: closed segment 24: duration=1.90s, packets_total=304
[2026-08-10 03:33:48] [INFO] HlsMuxer: starting segment 25: /tmp/hls_output/camera-9/segment_000025.ts
[2026-08-10 03:33:48] [INFO] HlsMuxer: wrote segment header with codec=video
[2026-08-10 03:33:48] [INFO] Multi-stream status: 50 active, 0 error, total_reconnects=0, packets_written=12791
[2026-08-10 03:33:48] [INFO] HlsMuxer: closed segment 24: duration=1.90s, packets_total=301
[2026-08-10 03:33:48] [INFO] HlsMuxer: starting segment 25: /tmp/hls_output/camera-10/segment_000025.ts
[2026-08-10 03:33:48] [INFO] HlsMuxer: wrote segment header with codec=video
[2026-08-10 03:33:48] [INFO] StreamWorker[camera-45] processed 200 video packets (segments=3)
[2026-08-10 03:33:48] [INFO] StreamWorker[camera-12] processed 300 video packets (segments=4)
[2026-08-10 03:33:48] [INFO] HlsMuxer: closed segment 4: duration=1.97s, packets_total=242
[2026-08-10 03:33:48] [INFO] HlsMuxer: closed segment 4: duration=1.97s, packets_total=240
[2026-08-10 03:33:48] [INFO] HlsMuxer: closed segment 5: duration=1.97s, packets_total=303
[2026-08-10 03:33:48] [INFO] HlsMuxer: starting segment 5: /tmp/hls_output/camera-32/segment_000005.ts
[2026-08-10 03:33:48] [INFO] HlsMuxer: starting segment 5: /tmp/hls_output/camera-31/segment_000005.ts
[2026-08-10 03:33:48] [INFO] HlsMuxer: wrote segment header with codec=video
[2026-08-10 03:33:48] [INFO] HlsMuxer: wrote segment header with codec=video
[2026-08-10 03:33:48] [INFO] HttpServer: GET /api/health
[2026-08-10 03:33:48] [INFO] HlsMuxer: starting segment 6: /tmp/hls_output/camera-11/segment_000006.ts
[2026-08-10 03:33:48] [INFO] HlsMuxer: wrote segment header with codec=video
[2026-08-10 03:33:48] [INFO] StreamWorker[camera-46] processed 200 video packets (segments=3)
[2026-08-10 03:33:48] [INFO] StreamWorker[camera-13] processed 300 video packets (segments=4)
[2026-08-10 03:33:48] [INFO] HttpServer: GET /api/health
[2026-08-10 03:33:48] [INFO] StreamWorker[camera-47] processed 200 video packets (segments=3)
[2026-08-10 03:33:48] [INFO] HlsMuxer: closed segment 5: duration=1.93s, packets_total=299
[2026-08-10 03:33:48] [INFO] HlsMuxer: closed segment 4: duration=1.93s, packets_total=239
[2026-08-10 03:33:48] [INFO] HlsMuxer: closed segment 5: duration=1.93s, packets_total=302
[2026-08-10 03:33:48] [INFO] HlsMuxer: closed segment 5: duration=1.93s, packets_total=304
[2026-08-10 03:33:48] [INFO] HlsMuxer: starting segment 6: /tmp/hls_output/camera-14/segment_000006.ts
[2026-08-10 03:33:48] [INFO] HlsMuxer: wrote segment header with codec=video
[2026-08-10 03:33:48] [INFO] StreamWorker[camera-14] processed 300 video packets (segments=5)
[2026-08-10 03:33:48] [INFO] HlsMuxer: closed segment 4: duration=1.93s, packets_total=241
[2026-08-10 03:33:48] [INFO] HlsMuxer: starting segment 5: /tmp/hls_output/camera-34/segment_000005.ts
[2026-08-10 03:33:48] [INFO] HlsMuxer: wrote segment header with codec=video
[2026-08-10 03:33:48] [INFO] HlsMuxer: starting segment 6: /tmp/hls_output/camera-13/segment_000006.ts
[2026-08-10 03:33:48] [INFO] HlsMuxer: starting segment 6: /tmp/hls_output/camera-12/segment_000006.ts
[2026-08-10 03:33:48] [INFO] HlsMuxer: wrote segment header with codec=video
[2026-08-10 03:33:48] [INFO] HlsMuxer: wrote segment header with codec=video
[2026-08-10 03:33:48] [INFO] HlsMuxer: starting segment 5: /tmp/hls_output/camera-33/segment_000005.ts
[2026-08-10 03:33:48] [INFO] HlsMuxer: wrote segment header with codec=video
[2026-08-10 03:33:48] [INFO] HttpServer: GET /api/health
[2026-08-10 03:33:48] [INFO] StreamWorker[camera-48] processed 200 video packets (segments=3)
[2026-08-10 03:33:48] [INFO] StreamWorker[camera-15] processed 300 video packets (segments=4)
[2026-08-10 03:33:48] [INFO] HttpServer: GET /api/health
[2026-08-10 03:33:48] [INFO] StreamWorker[camera-16] processed 300 video packets (segments=4)
[2026-08-10 03:33:48] [INFO] StreamWorker[camera-49] processed 200 video packets (segments=3)
[2026-08-10 03:33:48] [INFO] Multi-stream status: 50 active, 0 error, total_reconnects=0, packets_written=13588
[2026-08-10 03:33:48] [INFO] HlsMuxer: closed segment 5: duration=1.93s, packets_total=301
[2026-08-10 03:33:48] [INFO] HlsMuxer: closed segment 4: duration=1.93s, packets_total=242
[2026-08-10 03:33:48] [INFO] HlsMuxer: starting segment 6: /tmp/hls_output/camera-15/segment_000006.ts
[2026-08-10 03:33:48] [INFO] HlsMuxer: wrote segment header with codec=video
[2026-08-10 03:33:48] [INFO] HlsMuxer: starting segment 5: /tmp/hls_output/camera-35/segment_000005.ts
[2026-08-10 03:33:48] [INFO] HlsMuxer: wrote segment header with codec=video
[2026-08-10 03:33:48] [INFO] StreamWorker[camera-50] processed 200 video packets (segments=3)
[2026-08-10 03:33:48] [INFO] StreamWorker[camera-17] processed 300 video packets (segments=4)
[2026-08-10 03:33:48] [INFO] HttpServer: GET /api/health
[2026-08-10 03:33:49] [INFO] StreamWorker[camera-18] processed 300 video packets (segments=4)
[2026-08-10 03:33:49] [INFO] HttpServer: GET /api/health
[2026-08-10 03:33:49] [INFO] HlsMuxer: closed segment 5: duration=1.93s, packets_total=300
[2026-08-10 03:33:49] [INFO] HlsMuxer: closed segment 4: duration=1.93s, packets_total=246
[2026-08-10 03:33:49] [INFO] HlsMuxer: closed segment 4: duration=1.93s, packets_total=243
[2026-08-10 03:33:49] [INFO] HlsMuxer: closed segment 4: duration=1.93s, packets_total=240
[2026-08-10 03:33:49] [INFO] HlsMuxer: starting segment 5: /tmp/hls_output/camera-36/segment_000005.ts
[2026-08-10 03:33:49] [INFO] HlsMuxer: closed segment 5: duration=1.93s, packets_total=304
[2026-08-10 03:33:49] [INFO] HlsMuxer: wrote segment header with codec=video
[2026-08-10 03:33:49] [INFO] HlsMuxer: starting segment 5: /tmp/hls_output/camera-37/segment_000005.ts
[2026-08-10 03:33:49] [INFO] HlsMuxer: closed segment 5: duration=1.93s, packets_total=307
[2026-08-10 03:33:49] [INFO] HlsMuxer: wrote segment header with codec=video
[2026-08-10 03:33:49] [INFO] HlsMuxer: starting segment 5: /tmp/hls_output/camera-38/segment_000005.ts
[2026-08-10 03:33:49] [INFO] HlsMuxer: starting segment 6: /tmp/hls_output/camera-16/segment_000006.ts
[2026-08-10 03:33:49] [INFO] HlsMuxer: wrote segment header with codec=video
[2026-08-10 03:33:49] [INFO] HlsMuxer: wrote segment header with codec=video
[2026-08-10 03:33:49] [INFO] HlsMuxer: starting segment 6: /tmp/hls_output/camera-18/segment_000006.ts
[2026-08-10 03:33:49] [INFO] HlsMuxer: wrote segment header with codec=video
[2026-08-10 03:33:49] [INFO] HlsMuxer: starting segment 6: /tmp/hls_output/camera-17/segment_000006.ts
[2026-08-10 03:33:49] [INFO] HlsMuxer: wrote segment header with codec=video
[2026-08-10 03:33:49] [INFO] StreamWorker[camera-19] processed 300 video packets (segments=4)
[2026-08-10 03:33:49] [INFO] HttpServer: GET /api/health
[2026-08-10 03:33:49] [INFO] StreamWorker[camera-20] processed 300 video packets (segments=4)
[2026-08-10 03:33:49] [INFO] HttpServer: GET /api/health
[2026-08-10 03:33:49] [INFO] StreamWorker[camera-21] processed 300 video packets (segments=4)
[2026-08-10 03:33:49] [INFO] HlsMuxer: closed segment 4: duration=1.93s, packets_total=244
[2026-08-10 03:33:49] [INFO] HlsMuxer: closed segment 5: duration=1.93s, packets_total=304
[2026-08-10 03:33:49] [INFO] HlsMuxer: starting segment 5: /tmp/hls_output/camera-39/segment_000005.ts
[2026-08-10 03:33:49] [INFO] HlsMuxer: starting segment 6: /tmp/hls_output/camera-19/segment_000006.ts
[2026-08-10 03:33:49] [INFO] HlsMuxer: wrote segment header with codec=video
[2026-08-10 03:33:49] [INFO] HlsMuxer: wrote segment header with codec=video
[2026-08-10 03:33:49] [INFO] Multi-stream status: 50 active, 0 error, total_reconnects=0, packets_written=14342
[2026-08-10 03:33:49] [INFO] HlsMuxer: closed segment 4: duration=1.97s, packets_total=240
[2026-08-10 03:33:49] [INFO] HlsMuxer: closed segment 4: duration=1.97s, packets_total=244
[2026-08-10 03:33:49] [INFO] HlsMuxer: closed segment 61: duration=1.97s, packets_total=360
[2026-08-10 03:33:49] [INFO] HlsMuxer: closed segment 5: duration=1.97s, packets_total=301
[2026-08-10 03:33:49] [INFO] HlsMuxer: starting segment 5: /tmp/hls_output/camera-41/segment_000005.ts
[2026-08-10 03:33:49] [INFO] HlsMuxer: starting segment 62: /tmp/hls_output/camera-1/segment_000062.ts
[2026-08-10 03:33:49] [INFO] HlsMuxer: starting segment 6: /tmp/hls_output/camera-21/segment_000006.ts
[2026-08-10 03:33:49] [INFO] HlsMuxer: wrote segment header with codec=video
[2026-08-10 03:33:49] [INFO] HlsMuxer: wrote segment header with codec=video
[2026-08-10 03:33:49] [INFO] HlsMuxer: wrote segment header with codec=video
[2026-08-10 03:33:49] [INFO] HlsMuxer: starting segment 5: /tmp/hls_output/camera-40/segment_000005.ts
[2026-08-10 03:33:49] [INFO] HlsMuxer: wrote segment header with codec=video
[2026-08-10 03:33:49] [INFO] HttpServer: GET /api/health
[2026-08-10 03:33:49] [INFO] HlsMuxer: closed segment 5: duration=2.00s, packets_total=304
[2026-08-10 03:33:49] [INFO] HlsMuxer: starting segment 6: /tmp/hls_output/camera-20/segment_000006.ts
[2026-08-10 03:33:49] [INFO] HlsMuxer: wrote segment header with codec=video
[2026-08-10 03:33:49] [INFO] StreamWorker[camera-22] processed 300 video packets (segments=4)
[2026-08-10 03:33:49] [INFO] HttpServer: GET /api/health
[2026-08-10 03:33:49] [INFO] StreamWorker[camera-23] processed 300 video packets (segments=4)
[2026-08-10 03:33:49] [INFO] HlsMuxer: closed segment 5: duration=1.93s, packets_total=303
[2026-08-10 03:33:49] [INFO] StreamWorker[camera-24] processed 300 video packets (segments=4)
[2026-08-10 03:33:49] [INFO] HlsMuxer: starting segment 6: /tmp/hls_output/camera-22/segment_000006.ts
[2026-08-10 03:33:49] [INFO] HlsMuxer: wrote segment header with codec=video
[2026-08-10 03:33:49] [INFO] HlsMuxer: closed segment 4: duration=1.93s, packets_total=243
[2026-08-10 03:33:49] [INFO] HlsMuxer: closed segment 4: duration=1.93s, packets_total=241
[2026-08-10 03:33:49] [INFO] HlsMuxer: starting segment 5: /tmp/hls_output/camera-42/segment_000005.ts
[2026-08-10 03:33:49] [INFO] HlsMuxer: closed segment 5: duration=1.93s, packets_total=300
[2026-08-10 03:33:49] [INFO] HlsMuxer: wrote segment header with codec=video
[2026-08-10 03:33:49] [INFO] HlsMuxer: starting segment 5: /tmp/hls_output/camera-43/segment_000005.ts
[2026-08-10 03:33:49] [INFO] HlsMuxer: starting segment 6: /tmp/hls_output/camera-23/segment_000006.ts
[2026-08-10 03:33:49] [INFO] HlsMuxer: wrote segment header with codec=video
[2026-08-10 03:33:49] [INFO] HlsMuxer: wrote segment header with codec=video
[2026-08-10 03:33:49] [INFO] HlsMuxer: closed segment 43: duration=1.93s, packets_total=363
[2026-08-10 03:33:49] [INFO] HlsMuxer: starting segment 44: /tmp/hls_output/camera-2/segment_000044.ts
[2026-08-10 03:33:49] [INFO] HlsMuxer: wrote segment header with codec=video
[2026-08-10 03:33:49] [INFO] HttpServer: GET /api/health
[2026-08-10 03:33:49] [INFO] StreamWorker[camera-25] processed 300 video packets (segments=4)
[2026-08-10 03:33:49] [INFO] HttpServer: GET /api/health
[2026-08-10 03:33:49] [INFO] HlsMuxer: closed segment 4: duration=1.93s, packets_total=243
[2026-08-10 03:33:49] [INFO] HlsMuxer: closed segment 5: duration=1.93s, packets_total=300
[2026-08-10 03:33:49] [INFO] HlsMuxer: closed segment 43: duration=1.93s, packets_total=367
[2026-08-10 03:33:49] [INFO] HlsMuxer: closed segment 4: duration=1.93s, packets_total=240
[2026-08-10 03:33:49] [INFO] HlsMuxer: starting segment 5: /tmp/hls_output/camera-44/segment_000005.ts
[2026-08-10 03:33:49] [INFO] HlsMuxer: starting segment 44: /tmp/hls_output/camera-3/segment_000044.ts
[2026-08-10 03:33:49] [INFO] HlsMuxer: wrote segment header with codec=video
[2026-08-10 03:33:49] [INFO] HlsMuxer: closed segment 43: duration=1.93s, packets_total=363
[2026-08-10 03:33:49] [INFO] HlsMuxer: starting segment 5: /tmp/hls_output/camera-45/segment_000005.ts
[2026-08-10 03:33:49] [INFO] HlsMuxer: wrote segment header with codec=video
[2026-08-10 03:33:49] [INFO] HlsMuxer: wrote segment header with codec=video
[2026-08-10 03:33:49] [INFO] HlsMuxer: closed segment 5: duration=1.93s, packets_total=304
[2026-08-10 03:33:49] [INFO] HlsMuxer: starting segment 44: /tmp/hls_output/camera-4/segment_000044.ts
[2026-08-10 03:33:49] [INFO] HlsMuxer: wrote segment header with codec=video
[2026-08-10 03:33:49] [INFO] HlsMuxer: starting segment 6: /tmp/hls_output/camera-25/segment_000006.ts
[2026-08-10 03:33:49] [INFO] HlsMuxer: starting segment 6: /tmp/hls_output/camera-24/segment_000006.ts
[2026-08-10 03:33:49] [INFO] HlsMuxer: wrote segment header with codec=video
[2026-08-10 03:33:49] [INFO] HlsMuxer: wrote segment header with codec=video
[2026-08-10 03:33:49] [INFO] Multi-stream status: 50 active, 0 error, total_reconnects=0, packets_written=15042
[2026-08-10 03:33:49] [INFO] StreamWorker[camera-26] processed 300 video packets (segments=4)
[2026-08-10 03:33:49] [INFO] HttpServer: GET /api/health
[2026-08-10 03:33:49] [INFO] HlsMuxer: closed segment 43: duration=1.97s, packets_total=364
[2026-08-10 03:33:49] [INFO] HlsMuxer: closed segment 25: duration=1.97s, packets_total=361
[2026-08-10 03:33:49] [INFO] HlsMuxer: closed segment 4: duration=1.97s, packets_total=242
[2026-08-10 03:33:49] [INFO] HlsMuxer: closed segment 5: duration=1.97s, packets_total=301
[2026-08-10 03:33:49] [INFO] HlsMuxer: starting segment 5: /tmp/hls_output/camera-46/segment_000005.ts
[2026-08-10 03:33:49] [INFO] HlsMuxer: starting segment 26: /tmp/hls_output/camera-6/segment_000026.ts
[2026-08-10 03:33:49] [INFO] HlsMuxer: starting segment 44: /tmp/hls_output/camera-5/segment_000044.ts
[2026-08-10 03:33:49] [INFO] HlsMuxer: starting segment 6: /tmp/hls_output/camera-26/segment_000006.ts
[2026-08-10 03:33:49] [INFO] HlsMuxer: wrote segment header with codec=video
[2026-08-10 03:33:49] [INFO] HlsMuxer: wrote segment header with codec=video
[2026-08-10 03:33:49] [INFO] HlsMuxer: wrote segment header with codec=video
[2026-08-10 03:33:49] [INFO] HlsMuxer: wrote segment header with codec=video
[2026-08-10 03:33:49] [INFO] StreamWorker[camera-27] processed 300 video packets (segments=4)
[2026-08-10 03:33:50] [INFO] HttpServer: GET /api/health
[2026-08-10 03:33:50] [INFO] StreamWorker[camera-28] processed 300 video packets (segments=4)
[2026-08-10 03:33:50] [INFO] HlsMuxer: closed segment 4: duration=1.97s, packets_total=243
[2026-08-10 03:33:50] [INFO] HlsMuxer: closed segment 5: duration=1.97s, packets_total=303
[2026-08-10 03:33:50] [INFO] HlsMuxer: starting segment 6: /tmp/hls_output/camera-27/segment_000006.ts
[2026-08-10 03:33:50] [INFO] HlsMuxer: starting segment 5: /tmp/hls_output/camera-47/segment_000005.ts
[2026-08-10 03:33:50] [INFO] HlsMuxer: wrote segment header with codec=video
[2026-08-10 03:33:50] [INFO] HlsMuxer: wrote segment header with codec=video
[2026-08-10 03:33:50] [INFO] HttpServer: GET /api/health
[2026-08-10 03:33:50] [INFO] HlsMuxer: closed segment 4: duration=1.93s, packets_total=242
[2026-08-10 03:33:50] [INFO] StreamWorker[camera-29] processed 300 video packets (segments=4)
[2026-08-10 03:33:50] [INFO] HlsMuxer: closed segment 5: duration=1.93s, packets_total=302
[2026-08-10 03:33:50] [INFO] HlsMuxer: starting segment 5: /tmp/hls_output/camera-48/segment_000005.ts
[2026-08-10 03:33:50] [INFO] HlsMuxer: closed segment 25: duration=1.93s, packets_total=365
[2026-08-10 03:33:50] [INFO] HlsMuxer: starting segment 6: /tmp/hls_output/camera-28/segment_000006.ts
[2026-08-10 03:33:50] [INFO] HlsMuxer: wrote segment header with codec=video
[2026-08-10 03:33:50] [INFO] HlsMuxer: wrote segment header with codec=video
[2026-08-10 03:33:50] [INFO] HlsMuxer: starting segment 26: /tmp/hls_output/camera-7/segment_000026.ts
[2026-08-10 03:33:50] [INFO] HlsMuxer: wrote segment header with codec=video
[2026-08-10 03:33:50] [INFO] HttpServer: GET /api/health
[2026-08-10 03:33:50] [INFO] StreamWorker[camera-30] processed 300 video packets (segments=4)
[2026-08-10 03:33:50] [INFO] HlsMuxer: closed segment 4: duration=1.97s, packets_total=241
[2026-08-10 03:33:50] [INFO] HlsMuxer: closed segment 4: duration=1.97s, packets_total=243
[2026-08-10 03:33:50] [INFO] HlsMuxer: starting segment 5: /tmp/hls_output/camera-50/segment_000005.ts
[2026-08-10 03:33:50] [INFO] HlsMuxer: wrote segment header with codec=video
[2026-08-10 03:33:50] [INFO] HlsMuxer: closed segment 5: duration=1.97s, packets_total=303
[2026-08-10 03:33:50] [INFO] HlsMuxer: starting segment 6: /tmp/hls_output/camera-29/segment_000006.ts
[2026-08-10 03:33:50] [INFO] HlsMuxer: wrote segment header with codec=video
[2026-08-10 03:33:50] [INFO] HlsMuxer: closed segment 25: duration=1.97s, packets_total=367
[2026-08-10 03:33:50] [INFO] HlsMuxer: closed segment 5: duration=1.97s, packets_total=301
[2026-08-10 03:33:50] [INFO] HlsMuxer: starting segment 5: /tmp/hls_output/camera-49/segment_000005.ts
[2026-08-10 03:33:50] [INFO] HlsMuxer: starting segment 6: /tmp/hls_output/camera-30/segment_000006.ts
[2026-08-10 03:33:50] [INFO] HlsMuxer: starting segment 26: /tmp/hls_output/camera-8/segment_000026.ts
[2026-08-10 03:33:50] [INFO] HlsMuxer: wrote segment header with codec=video
[2026-08-10 03:33:50] [INFO] HlsMuxer: wrote segment header with codec=video
[2026-08-10 03:33:50] [INFO] HlsMuxer: wrote segment header with codec=video
[2026-08-10 03:33:50] [INFO] HlsMuxer: closed segment 25: duration=1.90s, packets_total=362
[2026-08-10 03:33:50] [INFO] StreamWorker[camera-31] processed 300 video packets (segments=4)
[2026-08-10 03:33:50] [INFO] HlsMuxer: closed segment 25: duration=1.90s, packets_total=365
[2026-08-10 03:33:50] [INFO] HlsMuxer: starting segment 26: /tmp/hls_output/camera-10/segment_000026.ts
[2026-08-10 03:33:50] [INFO] HlsMuxer: starting segment 26: /tmp/hls_output/camera-9/segment_000026.ts
[2026-08-10 03:33:50] [INFO] HlsMuxer: wrote segment header with codec=video
[2026-08-10 03:33:50] [INFO] HlsMuxer: wrote segment header with codec=video
[2026-08-10 03:33:50] [INFO] Multi-stream status: 50 active, 0 error, total_reconnects=0, packets_written=15842
[2026-08-10 03:33:50] [INFO] HttpServer: GET /api/health
[2026-08-10 03:33:50] [INFO] StreamWorker[camera-32] processed 300 video packets (segments=4)
[2026-08-10 03:33:50] [INFO] HttpServer: GET /api/health
[2026-08-10 03:33:50] [INFO] HlsMuxer: closed segment 5: duration=1.93s, packets_total=303
[2026-08-10 03:33:50] [INFO] HlsMuxer: closed segment 6: duration=1.93s, packets_total=364
[2026-08-10 03:33:50] [INFO] HlsMuxer: starting segment 6: /tmp/hls_output/camera-31/segment_000006.ts
[2026-08-10 03:33:50] [INFO] HlsMuxer: wrote segment header with codec=video
[2026-08-10 03:33:50] [INFO] HlsMuxer: starting segment 7: /tmp/hls_output/camera-11/segment_000007.ts
[2026-08-10 03:33:50] [INFO] HlsMuxer: wrote segment header with codec=video
[2026-08-10 03:33:50] [INFO] HlsMuxer: closed segment 5: duration=1.93s, packets_total=301
[2026-08-10 03:33:50] [INFO] HlsMuxer: starting segment 6: /tmp/hls_output/camera-32/segment_000006.ts
[2026-08-10 03:33:50] [INFO] HlsMuxer: wrote segment header with codec=video
[2026-08-10 03:33:50] [INFO] StreamWorker[camera-33] processed 300 video packets (segments=4)
[2026-08-10 03:33:50] [INFO] HttpServer: GET /api/health
[2026-08-10 03:33:50] [INFO] StreamWorker[camera-34] processed 300 video packets (segments=4)
[2026-08-10 03:33:50] [INFO] HlsMuxer: closed segment 6: duration=1.97s, packets_total=364
[2026-08-10 03:33:50] [INFO] HlsMuxer: closed segment 5: duration=1.97s, packets_total=301
[2026-08-10 03:33:50] [INFO] StreamWorker[camera-35] processed 300 video packets (segments=4)
[2026-08-10 03:33:50] [INFO] HlsMuxer: starting segment 7: /tmp/hls_output/camera-13/segment_000007.ts
[2026-08-10 03:33:50] [INFO] HlsMuxer: wrote segment header with codec=video
[2026-08-10 03:33:50] [INFO] HlsMuxer: starting segment 6: /tmp/hls_output/camera-34/segment_000006.ts
[2026-08-10 03:33:50] [INFO] HlsMuxer: wrote segment header with codec=video
[2026-08-10 03:33:50] [INFO] HlsMuxer: closed segment 5: duration=1.97s, packets_total=303
[2026-08-10 03:33:50] [INFO] HlsMuxer: closed segment 6: duration=1.97s, packets_total=361
[2026-08-10 03:33:50] [INFO] HlsMuxer: closed segment 6: duration=1.97s, packets_total=366
[2026-08-10 03:33:50] [INFO] HlsMuxer: starting segment 6: /tmp/hls_output/camera-33/segment_000006.ts
[2026-08-10 03:33:50] [INFO] HlsMuxer: starting segment 7: /tmp/hls_output/camera-14/segment_000007.ts
[2026-08-10 03:33:50] [INFO] HlsMuxer: wrote segment header with codec=video
[2026-08-10 03:33:50] [INFO] HlsMuxer: wrote segment header with codec=video
[2026-08-10 03:33:50] [INFO] HlsMuxer: starting segment 7: /tmp/hls_output/camera-12/segment_000007.ts
[2026-08-10 03:33:50] [INFO] StreamWorker[camera-1] processed 400 video packets (segments=6)
[2026-08-10 03:33:50] [INFO] HlsMuxer: wrote segment header with codec=video
[2026-08-10 03:33:50] [INFO] HttpServer: GET /api/health
[2026-08-10 03:33:50] [INFO] HlsMuxer: closed segment 6: duration=1.87s, packets_total=359
[2026-08-10 03:33:50] [INFO] HlsMuxer: closed segment 5: duration=1.87s, packets_total=300
[2026-08-10 03:33:50] [INFO] HlsMuxer: starting segment 7: /tmp/hls_output/camera-15/segment_000007.ts
[2026-08-10 03:33:50] [INFO] HlsMuxer: wrote segment header with codec=video
[2026-08-10 03:33:50] [INFO] HlsMuxer: starting segment 6: /tmp/hls_output/camera-35/segment_000006.ts
[2026-08-10 03:33:50] [INFO] HlsMuxer: wrote segment header with codec=video
[2026-08-10 03:33:50] [INFO] StreamWorker[camera-2] processed 400 video packets (segments=6)
[2026-08-10 03:33:50] [INFO] HttpServer: GET /api/health
[2026-08-10 03:33:50] [INFO] StreamWorker[camera-36] processed 300 video packets (segments=4)
[2026-08-10 03:33:50] [INFO] StreamWorker[camera-3] processed 400 video packets (segments=6)
[2026-08-10 03:33:50] [INFO] Multi-stream status: 50 active, 0 error, total_reconnects=0, packets_written=16592
[2026-08-10 03:33:50] [INFO] StreamWorker[camera-37] processed 300 video packets (segments=4)
[2026-08-10 03:33:50] [INFO] HttpServer: GET /api/health
[2026-08-10 03:33:50] [INFO] StreamWorker[camera-4] processed 400 video packets (segments=6)
[2026-08-10 03:33:51] [INFO] HlsMuxer: closed segment 5: duration=1.87s, packets_total=304
[2026-08-10 03:33:51] [INFO] HlsMuxer: closed segment 6: duration=1.87s, packets_total=358
[2026-08-10 03:33:51] [INFO] HlsMuxer: starting segment 6: /tmp/hls_output/camera-36/segment_000006.ts
[2026-08-10 03:33:51] [INFO] HlsMuxer: closed segment 6: duration=1.87s, packets_total=362
[2026-08-10 03:33:51] [INFO] HlsMuxer: wrote segment header with codec=video
[2026-08-10 03:33:51] [INFO] HlsMuxer: starting segment 7: /tmp/hls_output/camera-17/segment_000007.ts
[2026-08-10 03:33:51] [INFO] HlsMuxer: closed segment 6: duration=1.87s, packets_total=365
[2026-08-10 03:33:51] [INFO] HlsMuxer: wrote segment header with codec=video
[2026-08-10 03:33:51] [INFO] HlsMuxer: closed segment 5: duration=1.87s, packets_total=298
[2026-08-10 03:33:51] [INFO] HlsMuxer: closed segment 5: duration=1.87s, packets_total=301
[2026-08-10 03:33:51] [INFO] HlsMuxer: starting segment 7: /tmp/hls_output/camera-18/segment_000007.ts
[2026-08-10 03:33:51] [INFO] HlsMuxer: wrote segment header with codec=video
[2026-08-10 03:33:51] [INFO] HlsMuxer: starting segment 7: /tmp/hls_output/camera-16/segment_000007.ts
[2026-08-10 03:33:51] [INFO] HlsMuxer: starting segment 6: /tmp/hls_output/camera-38/segment_000006.ts
[2026-08-10 03:33:51] [INFO] HlsMuxer: wrote segment header with codec=video
[2026-08-10 03:33:51] [INFO] HlsMuxer: wrote segment header with codec=video
[2026-08-10 03:33:51] [INFO] HlsMuxer: starting segment 6: /tmp/hls_output/camera-37/segment_000006.ts
[2026-08-10 03:33:51] [INFO] HlsMuxer: wrote segment header with codec=video
[2026-08-10 03:33:51] [INFO] HttpServer: GET /api/health
[2026-08-10 03:33:51] [INFO] StreamWorker[camera-38] processed 300 video packets (segments=5)
[2026-08-10 03:33:51] [INFO] StreamWorker[camera-5] processed 400 video packets (segments=6)
[2026-08-10 03:33:51] [INFO] StreamWorker[camera-39] processed 300 video packets (segments=4)
[2026-08-10 03:33:51] [INFO] HttpServer: GET /api/health
[2026-08-10 03:33:51] [INFO] StreamWorker[camera-6] processed 400 video packets (segments=6)
[2026-08-10 03:33:51] [INFO] StreamWorker[camera-40] processed 300 video packets (segments=4)
[2026-08-10 03:33:51] [INFO] HlsMuxer: closed segment 5: duration=1.87s, packets_total=302
[2026-08-10 03:33:51] [INFO] HlsMuxer: closed segment 6: duration=1.87s, packets_total=362
[2026-08-10 03:33:51] [INFO] HlsMuxer: starting segment 6: /tmp/hls_output/camera-39/segment_000006.ts
[2026-08-10 03:33:51] [INFO] HlsMuxer: starting segment 7: /tmp/hls_output/camera-19/segment_000007.ts
[2026-08-10 03:33:51] [INFO] HlsMuxer: wrote segment header with codec=video
[2026-08-10 03:33:51] [INFO] HlsMuxer: wrote segment header with codec=video
[2026-08-10 03:33:51] [INFO] StreamWorker[camera-7] processed 400 video packets (segments=6)
[2026-08-10 03:33:51] [INFO] HttpServer: GET /api/health
[2026-08-10 03:33:51] [INFO] StreamWorker[camera-41] processed 300 video packets (segments=4)
[2026-08-10 03:33:51] [INFO] StreamWorker[camera-8] processed 400 video packets (segments=6)
[2026-08-10 03:33:51] [INFO] Multi-stream status: 50 active, 0 error, total_reconnects=0, packets_written=17342
[2026-08-10 03:33:51] [INFO] HlsMuxer: closed segment 5: duration=1.97s, packets_total=300
[2026-08-10 03:33:51] [INFO] HlsMuxer: closed segment 6: duration=1.97s, packets_total=361
[2026-08-10 03:33:51] [INFO] HlsMuxer: starting segment 6: /tmp/hls_output/camera-41/segment_000006.ts
[2026-08-10 03:33:51] [INFO] HlsMuxer: wrote segment header with codec=video
[2026-08-10 03:33:51] [INFO] HlsMuxer: starting segment 7: /tmp/hls_output/camera-21/segment_000007.ts
[2026-08-10 03:33:51] [INFO] HlsMuxer: wrote segment header with codec=video
[2026-08-10 03:33:51] [INFO] HlsMuxer: closed segment 62: duration=1.97s, packets_total=420
[2026-08-10 03:33:51] [INFO] HlsMuxer: closed segment 5: duration=1.97s, packets_total=304
[2026-08-10 03:33:51] [INFO] HlsMuxer: starting segment 6: /tmp/hls_output/camera-40/segment_000006.ts
[2026-08-10 03:33:51] [INFO] HlsMuxer: wrote segment header with codec=video
[2026-08-10 03:33:51] [INFO] HlsMuxer: starting segment 63: /tmp/hls_output/camera-1/segment_000063.ts
[2026-08-10 03:33:51] [INFO] HlsMuxer: wrote segment header with codec=video
[2026-08-10 03:33:51] [INFO] HlsMuxer: closed segment 6: duration=1.97s, packets_total=364
[2026-08-10 03:33:51] [INFO] HlsMuxer: starting segment 7: /tmp/hls_output/camera-20/segment_000007.ts
[2026-08-10 03:33:51] [INFO] HlsMuxer: wrote segment header with codec=video
[2026-08-10 03:33:51] [INFO] HttpServer: GET /api/health
[2026-08-10 03:33:51] [INFO] StreamWorker[camera-42] processed 300 video packets (segments=4)
[2026-08-10 03:33:51] [INFO] StreamWorker[camera-43] processed 300 video packets (segments=4)
[2026-08-10 03:33:51] [INFO] StreamWorker[camera-9] processed 400 video packets (segments=6)
[2026-08-10 03:33:51] [INFO] HlsMuxer: closed segment 6: duration=1.90s, packets_total=359
[2026-08-10 03:33:51] [INFO] HlsMuxer: closed segment 44: duration=1.90s, packets_total=422
[2026-08-10 03:33:51] [INFO] HlsMuxer: closed segment 5: duration=1.90s, packets_total=302
[2026-08-10 03:33:51] [INFO] HlsMuxer: starting segment 7: /tmp/hls_output/camera-23/segment_000007.ts
[2026-08-10 03:33:51] [INFO] HlsMuxer: starting segment 45: /tmp/hls_output/camera-2/segment_000045.ts
[2026-08-10 03:33:51] [INFO] HlsMuxer: wrote segment header with codec=video
[2026-08-10 03:33:51] [INFO] HlsMuxer: wrote segment header with codec=video
[2026-08-10 03:33:51] [INFO] HlsMuxer: closed segment 6: duration=1.90s, packets_total=362
[2026-08-10 03:33:51] [INFO] HlsMuxer: starting segment 7: /tmp/hls_output/camera-22/segment_000007.ts
[2026-08-10 03:33:51] [INFO] HlsMuxer: wrote segment header with codec=video
[2026-08-10 03:33:51] [INFO] HlsMuxer: starting segment 6: /tmp/hls_output/camera-42/segment_000006.ts
[2026-08-10 03:33:51] [INFO] HlsMuxer: closed segment 5: duration=1.90s, packets_total=300
[2026-08-10 03:33:51] [INFO] HlsMuxer: wrote segment header with codec=video
[2026-08-10 03:33:51] [INFO] HlsMuxer: starting segment 6: /tmp/hls_output/camera-43/segment_000006.ts
[2026-08-10 03:33:51] [INFO] HlsMuxer: wrote segment header with codec=video
[2026-08-10 03:33:51] [INFO] HttpServer: GET /api/health
[2026-08-10 03:33:51] [INFO] StreamWorker[camera-10] processed 400 video packets (segments=6)
[2026-08-10 03:33:51] [INFO] StreamWorker[camera-11] processed 400 video packets (segments=6)
[2026-08-10 03:33:51] [INFO] StreamWorker[camera-44] processed 300 video packets (segments=4)
[2026-08-10 03:33:51] [INFO] HttpServer: GET /api/health
[2026-08-10 03:33:51] [INFO] StreamWorker[camera-45] processed 300 video packets (segments=4)
[2026-08-10 03:33:51] [INFO] StreamWorker[camera-12] processed 400 video packets (segments=6)
[2026-08-10 03:33:51] [INFO] HttpServer: GET /api/health
[2026-08-10 03:33:51] [INFO] HlsMuxer: closed segment 5: duration=1.97s, packets_total=304
[2026-08-10 03:33:51] [INFO] HlsMuxer: closed segment 6: duration=1.97s, packets_total=361
[2026-08-10 03:33:51] [INFO] HlsMuxer: closed segment 44: duration=1.97s, packets_total=424
[2026-08-10 03:33:51] [INFO] HlsMuxer: closed segment 6: duration=1.97s, packets_total=365
[2026-08-10 03:33:51] [INFO] HlsMuxer: starting segment 6: /tmp/hls_output/camera-44/segment_000006.ts
[2026-08-10 03:33:51] [INFO] HlsMuxer: starting segment 7: /tmp/hls_output/camera-25/segment_000007.ts
[2026-08-10 03:33:51] [INFO] HlsMuxer: closed segment 5: duration=1.97s, packets_total=301
[2026-08-10 03:33:51] [INFO] HlsMuxer: wrote segment header with codec=video
[2026-08-10 03:33:51] [INFO] HlsMuxer: starting segment 7: /tmp/hls_output/camera-24/segment_000007.ts
[2026-08-10 03:33:51] [INFO] HlsMuxer: wrote segment header with codec=video
[2026-08-10 03:33:51] [INFO] HlsMuxer: wrote segment header with codec=video
[2026-08-10 03:33:51] [INFO] HlsMuxer: starting segment 6: /tmp/hls_output/camera-45/segment_000006.ts
[2026-08-10 03:33:51] [INFO] HlsMuxer: wrote segment header with codec=video
[2026-08-10 03:33:51] [INFO] HlsMuxer: starting segment 45: /tmp/hls_output/camera-4/segment_000045.ts
[2026-08-10 03:33:51] [INFO] HlsMuxer: wrote segment header with codec=video
[2026-08-10 03:33:51] [INFO] StreamWorker[camera-46] processed 300 video packets (segments=4)
[2026-08-10 03:33:51] [INFO] HlsMuxer: closed segment 44: duration=1.97s, packets_total=428
[2026-08-10 03:33:51] [INFO] HlsMuxer: starting segment 45: /tmp/hls_output/camera-3/segment_000045.ts
[2026-08-10 03:33:51] [INFO] HlsMuxer: wrote segment header with codec=video
[2026-08-10 03:33:51] [INFO] Multi-stream status: 50 active, 0 error, total_reconnects=0, packets_written=18042
[2026-08-10 03:33:51] [INFO] StreamWorker[camera-13] processed 400 video packets (segments=6)
[2026-08-10 03:33:51] [INFO] HttpServer: GET /api/health
[2026-08-10 03:33:51] [INFO] HlsMuxer: closed segment 5: duration=1.90s, packets_total=302
[2026-08-10 03:33:51] [INFO] HlsMuxer: closed segment 44: duration=1.90s, packets_total=424
[2026-08-10 03:33:51] [INFO] HlsMuxer: closed segment 6: duration=1.90s, packets_total=361
[2026-08-10 03:33:51] [INFO] HlsMuxer: starting segment 6: /tmp/hls_output/camera-46/segment_000006.ts
[2026-08-10 03:33:51] [INFO] HlsMuxer: closed segment 26: duration=1.90s, packets_total=421
[2026-08-10 03:33:51] [INFO] HlsMuxer: wrote segment header with codec=video
[2026-08-10 03:33:51] [INFO] HlsMuxer: starting segment 45: /tmp/hls_output/camera-5/segment_000045.ts
[2026-08-10 03:33:51] [INFO] HlsMuxer: starting segment 7: /tmp/hls_output/camera-26/segment_000007.ts
[2026-08-10 03:33:51] [INFO] HlsMuxer: wrote segment header with codec=video
[2026-08-10 03:33:51] [INFO] HlsMuxer: wrote segment header with codec=video
[2026-08-10 03:33:51] [INFO] HlsMuxer: starting segment 27: /tmp/hls_output/camera-6/segment_000027.ts
[2026-08-10 03:33:51] [INFO] HlsMuxer: wrote segment header with codec=video
[2026-08-10 03:33:51] [INFO] StreamWorker[camera-14] processed 400 video packets (segments=6)
[2026-08-10 03:33:51] [INFO] StreamWorker[camera-47] processed 300 video packets (segments=4)
[2026-08-10 03:33:52] [INFO] HttpServer: GET /api/health
[2026-08-10 03:33:52] [INFO] HlsMuxer: closed segment 6: duration=1.90s, packets_total=362
[2026-08-10 03:33:52] [INFO] StreamWorker[camera-48] processed 300 video packets (segments=4)
[2026-08-10 03:33:52] [INFO] HlsMuxer: closed segment 5: duration=1.90s, packets_total=302
[2026-08-10 03:33:52] [INFO] HlsMuxer: starting segment 7: /tmp/hls_output/camera-27/segment_000007.ts
[2026-08-10 03:33:52] [INFO] HlsMuxer: starting segment 6: /tmp/hls_output/camera-47/segment_000006.ts
[2026-08-10 03:33:52] [INFO] HlsMuxer: wrote segment header with codec=video
[2026-08-10 03:33:52] [INFO] HlsMuxer: wrote segment header with codec=video
[2026-08-10 03:33:52] [INFO] StreamWorker[camera-15] processed 400 video packets (segments=6)
[2026-08-10 03:33:52] [INFO] HttpServer: GET /api/health
[2026-08-10 03:33:52] [INFO] StreamWorker[camera-49] processed 300 video packets (segments=4)
[2026-08-10 03:33:52] [INFO] StreamWorker[camera-16] processed 400 video packets (segments=6)
[2026-08-10 03:33:52] [INFO] StreamWorker[camera-50] processed 300 video packets (segments=4)
[2026-08-10 03:33:52] [INFO] HlsMuxer: closed segment 26: duration=1.90s, packets_total=426
[2026-08-10 03:33:52] [INFO] HlsMuxer: closed segment 5: duration=1.90s, packets_total=302
[2026-08-10 03:33:52] [INFO] HlsMuxer: closed segment 6: duration=1.90s, packets_total=360
[2026-08-10 03:33:52] [INFO] HlsMuxer: closed segment 5: duration=1.90s, packets_total=300
[2026-08-10 03:33:52] [INFO] HlsMuxer: closed segment 6: duration=1.90s, packets_total=362
[2026-08-10 03:33:52] [INFO] HlsMuxer: closed segment 5: duration=1.97s, packets_total=305
[2026-08-10 03:33:52] [INFO] HlsMuxer: starting segment 7: /tmp/hls_output/camera-30/segment_000007.ts
[2026-08-10 03:33:52] [INFO] HlsMuxer: starting segment 7: /tmp/hls_output/camera-29/segment_000007.ts
[2026-08-10 03:33:52] [INFO] HlsMuxer: starting segment 27: /tmp/hls_output/camera-8/segment_000027.ts
[2026-08-10 03:33:52] [INFO] HlsMuxer: closed segment 6: duration=1.97s, packets_total=365
[2026-08-10 03:33:52] [INFO] StreamWorker[camera-17] processed 400 video packets (segments=6)
[2026-08-10 03:33:52] [INFO] HlsMuxer: starting segment 6: /tmp/hls_output/camera-48/segment_000006.ts
[2026-08-10 03:33:52] [INFO] HlsMuxer: wrote segment header with codec=video
[2026-08-10 03:33:52] [INFO] HlsMuxer: wrote segment header with codec=video
[2026-08-10 03:33:52] [INFO] HlsMuxer: closed segment 26: duration=1.97s, packets_total=428
[2026-08-10 03:33:52] [INFO] HlsMuxer: wrote segment header with codec=video
[2026-08-10 03:33:52] [INFO] HlsMuxer: starting segment 6: /tmp/hls_output/camera-50/segment_000006.ts
[2026-08-10 03:33:52] [INFO] HlsMuxer: starting segment 6: /tmp/hls_output/camera-49/segment_000006.ts
[2026-08-10 03:33:52] [INFO] HlsMuxer: starting segment 7: /tmp/hls_output/camera-28/segment_000007.ts
[2026-08-10 03:33:52] [INFO] HlsMuxer: wrote segment header with codec=video
[2026-08-10 03:33:52] [INFO] HlsMuxer: wrote segment header with codec=video
[2026-08-10 03:33:52] [INFO] HlsMuxer: wrote segment header with codec=video
[2026-08-10 03:33:52] [INFO] HlsMuxer: wrote segment header with codec=video
[2026-08-10 03:33:52] [INFO] HlsMuxer: starting segment 27: /tmp/hls_output/camera-7/segment_000027.ts
[2026-08-10 03:33:52] [INFO] HlsMuxer: wrote segment header with codec=video
[2026-08-10 03:33:52] [INFO] HttpServer: GET /api/health
[2026-08-10 03:33:52] [INFO] Multi-stream status: 50 active, 0 error, total_reconnects=0, packets_written=18792
[2026-08-10 03:33:52] [INFO] HttpServer: GET /api/health
[2026-08-10 03:33:52] [INFO] StreamWorker[camera-18] processed 400 video packets (segments=6)
[2026-08-10 03:33:52] [INFO] HlsMuxer: closed segment 26: duration=1.97s, packets_total=428
[2026-08-10 03:33:52] [INFO] HlsMuxer: closed segment 26: duration=1.97s, packets_total=425
[2026-08-10 03:33:52] [INFO] HlsMuxer: starting segment 27: /tmp/hls_output/camera-9/segment_000027.ts
[2026-08-10 03:33:52] [INFO] HlsMuxer: starting segment 27: /tmp/hls_output/camera-10/segment_000027.ts
[2026-08-10 03:33:52] [INFO] HlsMuxer: wrote segment header with codec=video
[2026-08-10 03:33:52] [INFO] HlsMuxer: wrote segment header with codec=video
[2026-08-10 03:33:52] [INFO] HttpServer: GET /api/health
[2026-08-10 03:33:52] [INFO] StreamWorker[camera-19] processed 400 video packets (segments=6)
[2026-08-10 03:33:52] [INFO] HlsMuxer: closed segment 7: duration=1.93s, packets_total=426
[2026-08-10 03:33:52] [INFO] StreamWorker[camera-20] processed 400 video packets (segments=6)
[2026-08-10 03:33:52] [INFO] HlsMuxer: closed segment 6: duration=1.93s, packets_total=365
[2026-08-10 03:33:52] [INFO] HlsMuxer: closed segment 6: duration=1.93s, packets_total=363
[2026-08-10 03:33:52] [INFO] HlsMuxer: starting segment 7: /tmp/hls_output/camera-31/segment_000007.ts
[2026-08-10 03:33:52] [INFO] HlsMuxer: starting segment 7: /tmp/hls_output/camera-32/segment_000007.ts
[2026-08-10 03:33:52] [INFO] HlsMuxer: wrote segment header with codec=video
[2026-08-10 03:33:52] [INFO] HlsMuxer: wrote segment header with codec=video
[2026-08-10 03:33:52] [INFO] HlsMuxer: starting segment 8: /tmp/hls_output/camera-11/segment_000008.ts
[2026-08-10 03:33:52] [INFO] HlsMuxer: wrote segment header with codec=video
[2026-08-10 03:33:52] [INFO] HlsMuxer: closed segment 6: duration=1.87s, packets_total=361
[2026-08-10 03:33:52] [INFO] HlsMuxer: closed segment 7: duration=1.87s, packets_total=422
[2026-08-10 03:33:52] [INFO] HlsMuxer: closed segment 6: duration=1.87s, packets_total=359
[2026-08-10 03:33:52] [INFO] HlsMuxer: closed segment 7: duration=1.87s, packets_total=419
[2026-08-10 03:33:52] [INFO] HlsMuxer: starting segment 8: /tmp/hls_output/camera-13/segment_000008.ts
[2026-08-10 03:33:52] [INFO] HlsMuxer: starting segment 7: /tmp/hls_output/camera-33/segment_000007.ts
[2026-08-10 03:33:52] [INFO] HlsMuxer: wrote segment header with codec=video
[2026-08-10 03:33:52] [INFO] HlsMuxer: starting segment 7: /tmp/hls_output/camera-34/segment_000007.ts
[2026-08-10 03:33:52] [INFO] HlsMuxer: starting segment 8: /tmp/hls_output/camera-14/segment_000008.ts
[2026-08-10 03:33:52] [INFO] HlsMuxer: wrote segment header with codec=video
[2026-08-10 03:33:52] [INFO] HlsMuxer: wrote segment header with codec=video
[2026-08-10 03:33:52] [INFO] HlsMuxer: wrote segment header with codec=video
[2026-08-10 03:33:52] [INFO] HlsMuxer: closed segment 7: duration=1.87s, packets_total=424
[2026-08-10 03:33:52] [INFO] HlsMuxer: starting segment 8: /tmp/hls_output/camera-12/segment_000008.ts
[2026-08-10 03:33:52] [INFO] HlsMuxer: wrote segment header with codec=video
[2026-08-10 03:33:52] [INFO] HttpServer: GET /api/health
[2026-08-10 03:33:52] [INFO] StreamWorker[camera-21] processed 400 video packets (segments=6)
[2026-08-10 03:33:52] [INFO] HttpServer: GET /api/health
[2026-08-10 03:33:52] [INFO] StreamWorker[camera-22] processed 400 video packets (segments=6)
[2026-08-10 03:33:52] [INFO] Multi-stream status: 50 active, 0 error, total_reconnects=0, packets_written=19542
[2026-08-10 03:33:52] [INFO] HttpServer: GET /api/health
[2026-08-10 03:33:52] [INFO] HlsMuxer: closed segment 6: duration=1.97s, packets_total=363
[2026-08-10 03:33:52] [INFO] HlsMuxer: closed segment 7: duration=1.97s, packets_total=422
[2026-08-10 03:33:52] [INFO] HlsMuxer: starting segment 7: /tmp/hls_output/camera-35/segment_000007.ts
[2026-08-10 03:33:52] [INFO] HlsMuxer: starting segment 8: /tmp/hls_output/camera-15/segment_000008.ts
[2026-08-10 03:33:52] [INFO] HlsMuxer: wrote segment header with codec=video
[2026-08-10 03:33:52] [INFO] HlsMuxer: wrote segment header with codec=video
[2026-08-10 03:33:52] [INFO] StreamWorker[camera-23] processed 400 video packets (segments=6)
[2026-08-10 03:33:52] [INFO] StreamWorker[camera-24] processed 400 video packets (segments=6)
[2026-08-10 03:33:52] [INFO] HttpServer: GET /api/health
[2026-08-10 03:33:53] [INFO] HlsMuxer: closed segment 6: duration=1.90s, packets_total=362
[2026-08-10 03:33:53] [INFO] HlsMuxer: closed segment 7: duration=1.90s, packets_total=426
[2026-08-10 03:33:53] [INFO] HlsMuxer: closed segment 6: duration=1.90s, packets_total=359
[2026-08-10 03:33:53] [INFO] HlsMuxer: closed segment 7: duration=1.90s, packets_total=423
[2026-08-10 03:33:53] [INFO] HlsMuxer: closed segment 7: duration=1.90s, packets_total=419
[2026-08-10 03:33:53] [INFO] HlsMuxer: closed segment 6: duration=1.90s, packets_total=365
[2026-08-10 03:33:53] [INFO] HlsMuxer: starting segment 7: /tmp/hls_output/camera-38/segment_000007.ts
[2026-08-10 03:33:53] [INFO] HlsMuxer: starting segment 8: /tmp/hls_output/camera-17/segment_000008.ts
[2026-08-10 03:33:53] [INFO] HlsMuxer: starting segment 7: /tmp/hls_output/camera-37/segment_000007.ts
[2026-08-10 03:33:53] [INFO] HlsMuxer: wrote segment header with codec=video
[2026-08-10 03:33:53] [INFO] HlsMuxer: wrote segment header with codec=video
[2026-08-10 03:33:53] [INFO] HlsMuxer: wrote segment header with codec=video
[2026-08-10 03:33:53] [INFO] HlsMuxer: starting segment 8: /tmp/hls_output/camera-18/segment_000008.ts
[2026-08-10 03:33:53] [INFO] HlsMuxer: starting segment 7: /tmp/hls_output/camera-36/segment_000007.ts
[2026-08-10 03:33:53] [INFO] HlsMuxer: wrote segment header with codec=video
[2026-08-10 03:33:53] [INFO] HlsMuxer: wrote segment header with codec=video
[2026-08-10 03:33:53] [INFO] HlsMuxer: starting segment 8: /tmp/hls_output/camera-16/segment_000008.ts
[2026-08-10 03:33:53] [INFO] HlsMuxer: wrote segment header with codec=video
[2026-08-10 03:33:53] [INFO] HttpServer: GET /api/health
[2026-08-10 03:33:53] [INFO] StreamWorker[camera-25] processed 400 video packets (segments=6)
[2026-08-10 03:33:53] [INFO] StreamWorker[camera-26] processed 400 video packets (segments=6)
[2026-08-10 03:33:53] [INFO] HttpServer: GET /api/health
[2026-08-10 03:33:53] [INFO] StreamWorker[camera-27] processed 400 video packets (segments=6)
[2026-08-10 03:33:53] [INFO] HttpServer: GET /api/health
[2026-08-10 03:33:53] [INFO] Multi-stream status: 50 active, 0 error, total_reconnects=0, packets_written=20286
[2026-08-10 03:33:53] [INFO] StreamWorker[camera-28] processed 400 video packets (segments=6)
[2026-08-10 03:33:53] [INFO] HlsMuxer: closed segment 7: duration=1.97s, packets_total=424
[2026-08-10 03:33:53] [INFO] HlsMuxer: starting segment 8: /tmp/hls_output/camera-20/segment_000008.ts
[2026-08-10 03:33:53] [INFO] HlsMuxer: wrote segment header with codec=video
[2026-08-10 03:33:53] [INFO] StreamWorker[camera-29] processed 400 video packets (segments=6)
[2026-08-10 03:33:53] [INFO] StreamWorker[camera-30] processed 400 video packets (segments=6)
[2026-08-10 03:33:53] [INFO] HlsMuxer: closed segment 6: duration=1.93s, packets_total=364
[2026-08-10 03:33:53] [INFO] HlsMuxer: closed segment 7: duration=1.93s, packets_total=424
[2026-08-10 03:33:53] [INFO] HlsMuxer: starting segment 7: /tmp/hls_output/camera-39/segment_000007.ts
[2026-08-10 03:33:53] [INFO] HlsMuxer: wrote segment header with codec=video
[2026-08-10 03:33:53] [INFO] HlsMuxer: starting segment 8: /tmp/hls_output/camera-19/segment_000008.ts
[2026-08-10 03:33:53] [INFO] HlsMuxer: wrote segment header with codec=video
[2026-08-10 03:33:53] [INFO] HlsMuxer: closed segment 63: duration=1.90s, packets_total=478
[2026-08-10 03:33:53] [INFO] HlsMuxer: closed segment 6: duration=1.90s, packets_total=358
[2026-08-10 03:33:53] [INFO] HlsMuxer: closed segment 6: duration=1.90s, packets_total=362
[2026-08-10 03:33:53] [INFO] HlsMuxer: starting segment 64: /tmp/hls_output/camera-1/segment_000064.ts
[2026-08-10 03:33:53] [INFO] HlsMuxer: wrote segment header with codec=video
[2026-08-10 03:33:53] [INFO] HlsMuxer: closed segment 7: duration=1.90s, packets_total=419
[2026-08-10 03:33:53] [INFO] HlsMuxer: starting segment 7: /tmp/hls_output/camera-41/segment_000007.ts
[2026-08-10 03:33:53] [INFO] HlsMuxer: wrote segment header with codec=video
[2026-08-10 03:33:53] [INFO] HlsMuxer: starting segment 7: /tmp/hls_output/camera-40/segment_000007.ts
[2026-08-10 03:33:53] [INFO] HlsMuxer: wrote segment header with codec=video
[2026-08-10 03:33:53] [INFO] HlsMuxer: starting segment 8: /tmp/hls_output/camera-21/segment_000008.ts
[2026-08-10 03:33:53] [INFO] HlsMuxer: wrote segment header with codec=video
[2026-08-10 03:33:53] [INFO] HlsMuxer: closed segment 45: duration=1.97s, packets_total=485
[2026-08-10 03:33:53] [INFO] HlsMuxer: closed segment 6: duration=1.97s, packets_total=363
[2026-08-10 03:33:53] [INFO] HlsMuxer: closed segment 7: duration=1.97s, packets_total=422
[2026-08-10 03:33:53] [INFO] HlsMuxer: closed segment 7: duration=1.97s, packets_total=425
[2026-08-10 03:33:53] [INFO] HlsMuxer: closed segment 6: duration=1.97s, packets_total=365
[2026-08-10 03:33:53] [INFO] HlsMuxer: starting segment 46: /tmp/hls_output/camera-2/segment_000046.ts
[2026-08-10 03:33:53] [INFO] HlsMuxer: wrote segment header with codec=video
[2026-08-10 03:33:53] [INFO] HlsMuxer: starting segment 8: /tmp/hls_output/camera-22/segment_000008.ts
[2026-08-10 03:33:53] [INFO] HlsMuxer: starting segment 7: /tmp/hls_output/camera-43/segment_000007.ts
[2026-08-10 03:33:53] [INFO] HlsMuxer: wrote segment header with codec=video
[2026-08-10 03:33:53] [INFO] HlsMuxer: wrote segment header with codec=video
[2026-08-10 03:33:53] [INFO] HlsMuxer: starting segment 8: /tmp/hls_output/camera-23/segment_000008.ts
[2026-08-10 03:33:53] [INFO] HlsMuxer: starting segment 7: /tmp/hls_output/camera-42/segment_000007.ts
[2026-08-10 03:33:53] [INFO] HttpServer: GET /api/health
[2026-08-10 03:33:53] [INFO] HlsMuxer: wrote segment header with codec=video
[2026-08-10 03:33:53] [INFO] HlsMuxer: wrote segment header with codec=video
[2026-08-10 03:33:53] [INFO] StreamWorker[camera-31] processed 400 video packets (segments=6)
[2026-08-10 03:33:53] [INFO] StreamWorker[camera-32] processed 400 video packets (segments=6)
[2026-08-10 03:33:53] [INFO] HttpServer: GET /api/health
[2026-08-10 03:33:53] [INFO] Multi-stream status: 50 active, 0 error, total_reconnects=0, packets_written=21042
[2026-08-10 03:33:53] [INFO] StreamWorker[camera-33] processed 400 video packets (segments=6)
[2026-08-10 03:33:53] [INFO] HlsMuxer: closed segment 45: duration=1.93s, packets_total=489
[2026-08-10 03:33:53] [INFO] HlsMuxer: starting segment 46: /tmp/hls_output/camera-3/segment_000046.ts
[2026-08-10 03:33:53] [INFO] HlsMuxer: wrote segment header with codec=video
[2026-08-10 03:33:53] [INFO] HlsMuxer: closed segment 45: duration=1.93s, packets_total=485
[2026-08-10 03:33:53] [INFO] HlsMuxer: starting segment 46: /tmp/hls_output/camera-4/segment_000046.ts
[2026-08-10 03:33:53] [INFO] HlsMuxer: wrote segment header with codec=video
[2026-08-10 03:33:53] [INFO] HlsMuxer: closed segment 7: duration=1.93s, packets_total=426
[2026-08-10 03:33:53] [INFO] HlsMuxer: closed segment 6: duration=1.93s, packets_total=362
[2026-08-10 03:33:53] [INFO] HlsMuxer: closed segment 7: duration=1.93s, packets_total=422
[2026-08-10 03:33:53] [INFO] HlsMuxer: starting segment 7: /tmp/hls_output/camera-45/segment_000007.ts
[2026-08-10 03:33:53] [INFO] HlsMuxer: wrote segment header with codec=video
[2026-08-10 03:33:53] [INFO] HlsMuxer: starting segment 8: /tmp/hls_output/camera-24/segment_000008.ts
[2026-08-10 03:33:53] [INFO] HlsMuxer: wrote segment header with codec=video
[2026-08-10 03:33:53] [INFO] HlsMuxer: closed segment 6: duration=1.93s, packets_total=365
[2026-08-10 03:33:53] [INFO] HlsMuxer: starting segment 8: /tmp/hls_output/camera-25/segment_000008.ts
[2026-08-10 03:33:53] [INFO] HlsMuxer: wrote segment header with codec=video
[2026-08-10 03:33:53] [INFO] HttpServer: GET /api/health
[2026-08-10 03:33:53] [INFO] HlsMuxer: starting segment 7: /tmp/hls_output/camera-44/segment_000007.ts
[2026-08-10 03:33:53] [INFO] HlsMuxer: wrote segment header with codec=video
[2026-08-10 03:33:53] [INFO] StreamWorker[camera-34] processed 400 video packets (segments=6)
[2026-08-10 03:33:54] [INFO] StreamWorker[camera-1] processed 500 video packets (segments=8)
[2026-08-10 03:33:54] [INFO] HlsMuxer: closed segment 27: duration=1.93s, packets_total=483
[2026-08-10 03:33:54] [INFO] HlsMuxer: closed segment 6: duration=1.93s, packets_total=364
[2026-08-10 03:33:54] [INFO] HlsMuxer: closed segment 7: duration=1.93s, packets_total=423
[2026-08-10 03:33:54] [INFO] HlsMuxer: closed segment 45: duration=1.93s, packets_total=486
[2026-08-10 03:33:54] [INFO] HlsMuxer: starting segment 28: /tmp/hls_output/camera-6/segment_000028.ts
[2026-08-10 03:33:54] [INFO] HlsMuxer: wrote segment header with codec=video
[2026-08-10 03:33:54] [INFO] HttpServer: GET /api/health
[2026-08-10 03:33:54] [INFO] HlsMuxer: starting segment 7: /tmp/hls_output/camera-46/segment_000007.ts
[2026-08-10 03:33:54] [INFO] HlsMuxer: wrote segment header with codec=video
[2026-08-10 03:33:54] [INFO] HlsMuxer: starting segment 8: /tmp/hls_output/camera-26/segment_000008.ts
[2026-08-10 03:33:54] [INFO] HlsMuxer: starting segment 46: /tmp/hls_output/camera-5/segment_000046.ts
[2026-08-10 03:33:54] [INFO] HlsMuxer: wrote segment header with codec=video
[2026-08-10 03:33:54] [INFO] HlsMuxer: wrote segment header with codec=video
[2026-08-10 03:33:54] [INFO] StreamWorker[camera-35] processed 400 video packets (segments=6)
[2026-08-10 03:33:54] [INFO] HlsMuxer: closed segment 7: duration=1.90s, packets_total=422
[2026-08-10 03:33:54] [INFO] HlsMuxer: closed segment 6: duration=1.90s, packets_total=362
[2026-08-10 03:33:54] [INFO] HlsMuxer: starting segment 8: /tmp/hls_output/camera-27/segment_000008.ts
[2026-08-10 03:33:54] [INFO] HlsMuxer: starting segment 7: /tmp/hls_output/camera-47/segment_000007.ts
[2026-08-10 03:33:54] [INFO] HlsMuxer: wrote segment header with codec=video
[2026-08-10 03:33:54] [INFO] HlsMuxer: wrote segment header with codec=video
[2026-08-10 03:33:54] [INFO] StreamWorker[camera-2] processed 500 video packets (segments=8)
[2026-08-10 03:33:54] [INFO] HttpServer: GET /api/health
[2026-08-10 03:33:54] [INFO] StreamWorker[camera-36] processed 400 video packets (segments=6)
[2026-08-10 03:33:54] [INFO] StreamWorker[camera-3] processed 500 video packets (segments=8)
[2026-08-10 03:33:54] [INFO] HttpServer: GET /api/health
[2026-08-10 03:33:54] [INFO] StreamWorker[camera-37] processed 400 video packets (segments=6)
[2026-08-10 03:33:54] [INFO] StreamWorker[camera-4] processed 500 video packets (segments=8)
[2026-08-10 03:33:54] [INFO] HlsMuxer: closed segment 6: duration=1.97s, packets_total=362
[2026-08-10 03:33:54] [INFO] Multi-stream status: 50 active, 0 error, total_reconnects=0, packets_written=21784
[2026-08-10 03:33:54] [INFO] HlsMuxer: closed segment 7: duration=1.97s, packets_total=422
[2026-08-10 03:33:54] [INFO] HlsMuxer: starting segment 7: /tmp/hls_output/camera-50/segment_000007.ts
[2026-08-10 03:33:54] [INFO] HlsMuxer: wrote segment header with codec=video
[2026-08-10 03:33:54] [INFO] HlsMuxer: closed segment 6: duration=1.97s, packets_total=367
[2026-08-10 03:33:54] [INFO] HlsMuxer: starting segment 8: /tmp/hls_output/camera-30/segment_000008.ts
[2026-08-10 03:33:54] [INFO] HlsMuxer: wrote segment header with codec=video
[2026-08-10 03:33:54] [INFO] HlsMuxer: closed segment 27: duration=1.97s, packets_total=488
[2026-08-10 03:33:54] [INFO] HlsMuxer: starting segment 7: /tmp/hls_output/camera-48/segment_000007.ts
[2026-08-10 03:33:54] [INFO] HlsMuxer: wrote segment header with codec=video
[2026-08-10 03:33:54] [INFO] HlsMuxer: closed segment 7: duration=1.97s, packets_total=427
[2026-08-10 03:33:54] [INFO] HlsMuxer: starting segment 28: /tmp/hls_output/camera-8/segment_000028.ts
[2026-08-10 03:33:54] [INFO] HlsMuxer: closed segment 27: duration=1.97s, packets_total=490
[2026-08-10 03:33:54] [INFO] HlsMuxer: wrote segment header with codec=video
[2026-08-10 03:33:54] [INFO] StreamWorker[camera-38] processed 400 video packets (segments=6)
[2026-08-10 03:33:54] [INFO] HlsMuxer: starting segment 8: /tmp/hls_output/camera-28/segment_000008.ts
[2026-08-10 03:33:54] [INFO] HlsMuxer: wrote segment header with codec=video
[2026-08-10 03:33:54] [INFO] HlsMuxer: closed segment 7: duration=1.97s, packets_total=424
[2026-08-10 03:33:54] [INFO] HlsMuxer: closed segment 6: duration=1.97s, packets_total=364
[2026-08-10 03:33:54] [INFO] HlsMuxer: starting segment 28: /tmp/hls_output/camera-7/segment_000028.ts
[2026-08-10 03:33:54] [INFO] HlsMuxer: wrote segment header with codec=video
[2026-08-10 03:33:54] [INFO] HlsMuxer: starting segment 8: /tmp/hls_output/camera-29/segment_000008.ts
[2026-08-10 03:33:54] [INFO] HlsMuxer: starting segment 7: /tmp/hls_output/camera-49/segment_000007.ts
[2026-08-10 03:33:54] [INFO] HlsMuxer: wrote segment header with codec=video
[2026-08-10 03:33:54] [INFO] HlsMuxer: wrote segment header with codec=video
[2026-08-10 03:33:54] [INFO] HttpServer: GET /api/health
[2026-08-10 03:33:54] [INFO] StreamWorker[camera-5] processed 500 video packets (segments=8)
[2026-08-10 03:33:54] [INFO] HlsMuxer: closed segment 27: duration=1.87s, packets_total=484
[2026-08-10 03:33:54] [INFO] HlsMuxer: closed segment 27: duration=1.87s, packets_total=487
[2026-08-10 03:33:54] [INFO] HlsMuxer: starting segment 28: /tmp/hls_output/camera-10/segment_000028.ts
[2026-08-10 03:33:54] [INFO] HlsMuxer: starting segment 28: /tmp/hls_output/camera-9/segment_000028.ts
[2026-08-10 03:33:54] [INFO] HlsMuxer: wrote segment header with codec=video
[2026-08-10 03:33:54] [INFO] HlsMuxer: wrote segment header with codec=video
[2026-08-10 03:33:54] [INFO] StreamWorker[camera-39] processed 400 video packets (segments=6)
[2026-08-10 03:33:54] [INFO] StreamWorker[camera-6] processed 500 video packets (segments=8)
[2026-08-10 03:33:54] [INFO] HttpServer: GET /api/health
[2026-08-10 03:33:54] [INFO] StreamWorker[camera-40] processed 400 video packets (segments=6)
[2026-08-10 03:33:54] [INFO] HlsMuxer: closed segment 7: duration=1.93s, packets_total=423
[2026-08-10 03:33:54] [INFO] HlsMuxer: closed segment 8: duration=1.93s, packets_total=486
[2026-08-10 03:33:54] [INFO] HlsMuxer: starting segment 8: /tmp/hls_output/camera-32/segment_000008.ts
[2026-08-10 03:33:54] [INFO] HlsMuxer: closed segment 7: duration=1.93s, packets_total=425
[2026-08-10 03:33:54] [INFO] HlsMuxer: wrote segment header with codec=video
[2026-08-10 03:33:54] [INFO] HlsMuxer: starting segment 9: /tmp/hls_output/camera-11/segment_000009.ts
[2026-08-10 03:33:54] [INFO] HlsMuxer: starting segment 8: /tmp/hls_output/camera-31/segment_000008.ts
[2026-08-10 03:33:54] [INFO] HlsMuxer: wrote segment header with codec=video
[2026-08-10 03:33:54] [INFO] HlsMuxer: wrote segment header with codec=video
[2026-08-10 03:33:54] [INFO] StreamWorker[camera-7] processed 500 video packets (segments=8)
[2026-08-10 03:33:54] [INFO] HttpServer: GET /api/health
[2026-08-10 03:33:54] [INFO] StreamWorker[camera-41] processed 400 video packets (segments=6)
[2026-08-10 03:33:54] [INFO] StreamWorker[camera-8] processed 500 video packets (segments=8)
[2026-08-10 03:33:54] [INFO] HttpServer: GET /api/health
[2026-08-10 03:33:54] [INFO] HlsMuxer: closed segment 7: duration=1.97s, packets_total=424
[2026-08-10 03:33:54] [INFO] HlsMuxer: closed segment 8: duration=1.97s, packets_total=487
[2026-08-10 03:33:54] [INFO] HlsMuxer: closed segment 8: duration=1.97s, packets_total=482
[2026-08-10 03:33:54] [INFO] HlsMuxer: closed segment 7: duration=1.97s, packets_total=422
[2026-08-10 03:33:54] [INFO] HlsMuxer: starting segment 8: /tmp/hls_output/camera-33/segment_000008.ts
[2026-08-10 03:33:54] [INFO] HlsMuxer: wrote segment header with codec=video
[2026-08-10 03:33:54] [INFO] HlsMuxer: closed segment 8: duration=1.97s, packets_total=485
[2026-08-10 03:33:54] [INFO] HlsMuxer: starting segment 9: /tmp/hls_output/camera-12/segment_000009.ts
[2026-08-10 03:33:54] [INFO] HlsMuxer: wrote segment header with codec=video
[2026-08-10 03:33:54] [INFO] HlsMuxer: starting segment 8: /tmp/hls_output/camera-34/segment_000008.ts
[2026-08-10 03:33:54] [INFO] HlsMuxer: wrote segment header with codec=video
[2026-08-10 03:33:54] [INFO] HlsMuxer: starting segment 9: /tmp/hls_output/camera-14/segment_000009.ts
[2026-08-10 03:33:54] [INFO] HlsMuxer: wrote segment header with codec=video
[2026-08-10 03:33:54] [INFO] HlsMuxer: starting segment 9: /tmp/hls_output/camera-13/segment_000009.ts
[2026-08-10 03:33:54] [INFO] HlsMuxer: wrote segment header with codec=video
[2026-08-10 03:33:54] [INFO] StreamWorker[camera-9] processed 500 video packets (segments=8)
[2026-08-10 03:33:54] [INFO] StreamWorker[camera-42] processed 400 video packets (segments=6)
[2026-08-10 03:33:54] [INFO] StreamWorker[camera-43] processed 400 video packets (segments=6)
[2026-08-10 03:33:54] [INFO] HlsMuxer: closed segment 7: duration=1.90s, packets_total=423
[2026-08-10 03:33:54] [INFO] HlsMuxer: closed segment 8: duration=1.90s, packets_total=482
[2026-08-10 03:33:54] [INFO] Multi-stream status: 50 active, 0 error, total_reconnects=0, packets_written=22590
[2026-08-10 03:33:54] [INFO] HlsMuxer: starting segment 8: /tmp/hls_output/camera-35/segment_000008.ts
[2026-08-10 03:33:54] [INFO] HlsMuxer: starting segment 9: /tmp/hls_output/camera-15/segment_000009.ts
[2026-08-10 03:33:54] [INFO] HlsMuxer: wrote segment header with codec=video
[2026-08-10 03:33:54] [INFO] HlsMuxer: wrote segment header with codec=video
[2026-08-10 03:33:54] [INFO] HttpServer: GET /api/health
[2026-08-10 03:33:54] [INFO] StreamWorker[camera-10] processed 500 video packets (segments=8)
[2026-08-10 03:33:54] [INFO] StreamWorker[camera-44] processed 400 video packets (segments=6)
[2026-08-10 03:33:54] [INFO] StreamWorker[camera-11] processed 500 video packets (segments=8)
[2026-08-10 03:33:55] [INFO] HttpServer: GET /api/health
[2026-08-10 03:33:55] [INFO] StreamWorker[camera-45] processed 400 video packets (segments=6)
[2026-08-10 03:33:55] [INFO] StreamWorker[camera-12] processed 500 video packets (segments=8)
[2026-08-10 03:33:55] [INFO] HttpServer: GET /api/health
[2026-08-10 03:33:55] [INFO] HlsMuxer: closed segment 8: duration=1.93s, packets_total=485
[2026-08-10 03:33:55] [INFO] HlsMuxer: closed segment 8: duration=1.93s, packets_total=488
[2026-08-10 03:33:55] [INFO] HlsMuxer: closed segment 8: duration=1.93s, packets_total=481
[2026-08-10 03:33:55] [INFO] HlsMuxer: closed segment 7: duration=1.93s, packets_total=424
[2026-08-10 03:33:55] [INFO] HlsMuxer: starting segment 9: /tmp/hls_output/camera-17/segment_000009.ts
[2026-08-10 03:33:55] [INFO] HlsMuxer: wrote segment header with codec=video
[2026-08-10 03:33:55] [INFO] HlsMuxer: closed segment 7: duration=1.93s, packets_total=421
[2026-08-10 03:33:55] [INFO] HlsMuxer: starting segment 9: /tmp/hls_output/camera-16/segment_000009.ts
[2026-08-10 03:33:55] [INFO] HlsMuxer: wrote segment header with codec=video
[2026-08-10 03:33:55] [INFO] HlsMuxer: closed segment 7: duration=1.93s, packets_total=427
[2026-08-10 03:33:55] [INFO] HlsMuxer: starting segment 9: /tmp/hls_output/camera-18/segment_000009.ts
[2026-08-10 03:33:55] [INFO] HlsMuxer: wrote segment header with codec=video
[2026-08-10 03:33:55] [INFO] HlsMuxer: starting segment 8: /tmp/hls_output/camera-37/segment_000008.ts
[2026-08-10 03:33:55] [INFO] HlsMuxer: wrote segment header with codec=video
[2026-08-10 03:33:55] [INFO] HlsMuxer: starting segment 8: /tmp/hls_output/camera-38/segment_000008.ts
[2026-08-10 03:33:55] [INFO] HlsMuxer: wrote segment header with codec=video
[2026-08-10 03:33:55] [INFO] HlsMuxer: starting segment 8: /tmp/hls_output/camera-36/segment_000008.ts
[2026-08-10 03:33:55] [INFO] HlsMuxer: wrote segment header with codec=video
[2026-08-10 03:33:55] [INFO] StreamWorker[camera-46] processed 400 video packets (segments=6)
[2026-08-10 03:33:55] [INFO] StreamWorker[camera-13] processed 500 video packets (segments=8)
[2026-08-10 03:33:55] [INFO] HttpServer: GET /api/health
[2026-08-10 03:33:55] [INFO] StreamWorker[camera-47] processed 400 video packets (segments=6)
[2026-08-10 03:33:55] [INFO] StreamWorker[camera-14] processed 500 video packets (segments=8)
[2026-08-10 03:33:55] [INFO] Multi-stream status: 50 active, 0 error, total_reconnects=0, packets_written=23342
[2026-08-10 03:33:55] [INFO] HttpServer: GET /api/health
[2026-08-10 03:33:55] [INFO] HlsMuxer: closed segment 64: duration=1.97s, packets_total=540
[2026-08-10 03:33:55] [INFO] HlsMuxer: closed segment 8: duration=1.97s, packets_total=481
[2026-08-10 03:33:55] [INFO] HlsMuxer: closed segment 8: duration=1.97s, packets_total=486
[2026-08-10 03:33:55] [INFO] HlsMuxer: starting segment 9: /tmp/hls_output/camera-19/segment_000009.ts
[2026-08-10 03:33:55] [INFO] HlsMuxer: starting segment 65: /tmp/hls_output/camera-1/segment_000065.ts
[2026-08-10 03:33:55] [INFO] HlsMuxer: starting segment 9: /tmp/hls_output/camera-21/segment_000009.ts
[2026-08-10 03:33:55] [INFO] HlsMuxer: wrote segment header with codec=video
[2026-08-10 03:33:55] [INFO] HlsMuxer: wrote segment header with codec=video
[2026-08-10 03:33:55] [INFO] HlsMuxer: wrote segment header with codec=video
[2026-08-10 03:33:55] [INFO] HlsMuxer: closed segment 7: duration=1.97s, packets_total=420
[2026-08-10 03:33:55] [INFO] StreamWorker[camera-48] processed 400 video packets (segments=6)
[2026-08-10 03:33:55] [INFO] HlsMuxer: starting segment 8: /tmp/hls_output/camera-41/segment_000008.ts
[2026-08-10 03:33:55] [INFO] HlsMuxer: wrote segment header with codec=video
[2026-08-10 03:33:55] [INFO] HlsMuxer: closed segment 7: duration=1.97s, packets_total=426
[2026-08-10 03:33:55] [INFO] HlsMuxer: closed segment 7: duration=1.97s, packets_total=424
[2026-08-10 03:33:55] [INFO] HlsMuxer: starting segment 8: /tmp/hls_output/camera-39/segment_000008.ts
[2026-08-10 03:33:55] [INFO] HlsMuxer: wrote segment header with codec=video
[2026-08-10 03:33:55] [INFO] HlsMuxer: starting segment 8: /tmp/hls_output/camera-40/segment_000008.ts
[2026-08-10 03:33:55] [INFO] HlsMuxer: wrote segment header with codec=video
[2026-08-10 03:33:55] [INFO] HlsMuxer: closed segment 8: duration=1.97s, packets_total=484
[2026-08-10 03:33:55] [INFO] StreamWorker[camera-15] processed 500 video packets (segments=8)
[2026-08-10 03:33:55] [INFO] HlsMuxer: starting segment 9: /tmp/hls_output/camera-20/segment_000009.ts
[2026-08-10 03:33:55] [INFO] HlsMuxer: wrote segment header with codec=video
[2026-08-10 03:33:55] [INFO] HttpServer: GET /api/health
[2026-08-10 03:33:55] [INFO] StreamWorker[camera-16] processed 500 video packets (segments=8)
[2026-08-10 03:33:55] [INFO] StreamWorker[camera-49] processed 400 video packets (segments=6)
[2026-08-10 03:33:55] [INFO] StreamWorker[camera-50] processed 400 video packets (segments=6)
[2026-08-10 03:33:55] [INFO] HlsMuxer: closed segment 7: duration=1.87s, packets_total=422
[2026-08-10 03:33:55] [INFO] HlsMuxer: closed segment 7: duration=1.87s, packets_total=420
[2026-08-10 03:33:55] [INFO] HlsMuxer: closed segment 8: duration=1.87s, packets_total=482
[2026-08-10 03:33:55] [INFO] HlsMuxer: closed segment 8: duration=1.87s, packets_total=479
[2026-08-10 03:33:55] [INFO] HlsMuxer: closed segment 46: duration=1.87s, packets_total=542
[2026-08-10 03:33:55] [INFO] HlsMuxer: starting segment 8: /tmp/hls_output/camera-43/segment_000008.ts
[2026-08-10 03:33:55] [INFO] HlsMuxer: starting segment 8: /tmp/hls_output/camera-42/segment_000008.ts
[2026-08-10 03:33:55] [INFO] HlsMuxer: starting segment 9: /tmp/hls_output/camera-22/segment_000009.ts
[2026-08-10 03:33:55] [INFO] HlsMuxer: wrote segment header with codec=video
[2026-08-10 03:33:55] [INFO] HlsMuxer: wrote segment header with codec=video
[2026-08-10 03:33:55] [INFO] HlsMuxer: starting segment 9: /tmp/hls_output/camera-23/segment_000009.ts
[2026-08-10 03:33:55] [INFO] HlsMuxer: starting segment 47: /tmp/hls_output/camera-2/segment_000047.ts
[2026-08-10 03:33:55] [INFO] HlsMuxer: wrote segment header with codec=video
[2026-08-10 03:33:55] [INFO] HlsMuxer: wrote segment header with codec=video
[2026-08-10 03:33:55] [INFO] HlsMuxer: wrote segment header with codec=video
[2026-08-10 03:33:55] [INFO] StreamWorker[camera-17] processed 500 video packets (segments=8)
[2026-08-10 03:33:55] [INFO] HttpServer: GET /api/health
[2026-08-10 03:33:55] [INFO] StreamWorker[camera-18] processed 500 video packets (segments=8)
[2026-08-10 03:33:55] [INFO] HttpServer: GET /api/health
[2026-08-10 03:33:55] [INFO] StreamWorker[camera-19] processed 500 video packets (segments=8)
[2026-08-10 03:33:55] [INFO] HttpServer: GET /api/health
[2026-08-10 03:33:55] [INFO] Multi-stream status: 50 active, 0 error, total_reconnects=0, packets_written=24042
[2026-08-10 03:33:55] [INFO] HlsMuxer: closed segment 8: duration=1.93s, packets_total=486
[2026-08-10 03:33:55] [INFO] HlsMuxer: starting segment 9: /tmp/hls_output/camera-24/segment_000009.ts
[2026-08-10 03:33:55] [INFO] HlsMuxer: wrote segment header with codec=video
[2026-08-10 03:33:55] [INFO] HlsMuxer: closed segment 46: duration=1.93s, packets_total=549
[2026-08-10 03:33:55] [INFO] HlsMuxer: closed segment 7: duration=1.93s, packets_total=425
[2026-08-10 03:33:55] [INFO] HlsMuxer: closed segment 46: duration=1.93s, packets_total=545
[2026-08-10 03:33:55] [INFO] HlsMuxer: closed segment 8: duration=1.93s, packets_total=482
[2026-08-10 03:33:55] [INFO] HlsMuxer: starting segment 8: /tmp/hls_output/camera-44/segment_000008.ts
[2026-08-10 03:33:55] [INFO] HlsMuxer: closed segment 7: duration=1.93s, packets_total=422
[2026-08-10 03:33:55] [INFO] HlsMuxer: starting segment 47: /tmp/hls_output/camera-4/segment_000047.ts
[2026-08-10 03:33:55] [INFO] HlsMuxer: wrote segment header with codec=video
[2026-08-10 03:33:55] [INFO] HlsMuxer: starting segment 9: /tmp/hls_output/camera-25/segment_000009.ts
[2026-08-10 03:33:55] [INFO] HlsMuxer: wrote segment header with codec=video
[2026-08-10 03:33:55] [INFO] HlsMuxer: wrote segment header with codec=video
[2026-08-10 03:33:55] [INFO] HlsMuxer: starting segment 8: /tmp/hls_output/camera-45/segment_000008.ts
[2026-08-10 03:33:55] [INFO] HlsMuxer: wrote segment header with codec=video
[2026-08-10 03:33:55] [INFO] HlsMuxer: starting segment 47: /tmp/hls_output/camera-3/segment_000047.ts
[2026-08-10 03:33:55] [INFO] HlsMuxer: wrote segment header with codec=video
[2026-08-10 03:33:55] [INFO] StreamWorker[camera-20] processed 500 video packets (segments=8)
[2026-08-10 03:33:55] [INFO] HlsMuxer: closed segment 7: duration=1.90s, packets_total=423
[2026-08-10 03:33:55] [INFO] HlsMuxer: closed segment 8: duration=1.90s, packets_total=482
[2026-08-10 03:33:55] [INFO] HlsMuxer: closed segment 28: duration=1.90s, packets_total=542
[2026-08-10 03:33:55] [INFO] HlsMuxer: starting segment 8: /tmp/hls_output/camera-46/segment_000008.ts
[2026-08-10 03:33:55] [INFO] HlsMuxer: wrote segment header with codec=video
[2026-08-10 03:33:55] [INFO] HlsMuxer: starting segment 9: /tmp/hls_output/camera-26/segment_000009.ts
[2026-08-10 03:33:55] [INFO] HlsMuxer: closed segment 46: duration=1.90s, packets_total=545
[2026-08-10 03:33:55] [INFO] HlsMuxer: wrote segment header with codec=video
[2026-08-10 03:33:55] [INFO] HlsMuxer: starting segment 29: /tmp/hls_output/camera-6/segment_000029.ts
[2026-08-10 03:33:55] [INFO] HlsMuxer: starting segment 47: /tmp/hls_output/camera-5/segment_000047.ts
[2026-08-10 03:33:55] [INFO] HlsMuxer: wrote segment header with codec=video
[2026-08-10 03:33:55] [INFO] HlsMuxer: wrote segment header with codec=video
[2026-08-10 03:33:55] [INFO] HttpServer: GET /api/health
[2026-08-10 03:33:56] [INFO] StreamWorker[camera-21] processed 500 video packets (segments=8)
[2026-08-10 03:33:56] [INFO] HttpServer: GET /api/health
[2026-08-10 03:33:56] [INFO] StreamWorker[camera-22] processed 500 video packets (segments=8)
[2026-08-10 03:33:56] [INFO] HlsMuxer: closed segment 8: duration=1.97s, packets_total=485
[2026-08-10 03:33:56] [INFO] HlsMuxer: starting segment 9: /tmp/hls_output/camera-27/segment_000009.ts
[2026-08-10 03:33:56] [INFO] HlsMuxer: closed segment 7: duration=1.97s, packets_total=425
[2026-08-10 03:33:56] [INFO] HlsMuxer: wrote segment header with codec=video
[2026-08-10 03:33:56] [INFO] HlsMuxer: starting segment 8: /tmp/hls_output/camera-47/segment_000008.ts
[2026-08-10 03:33:56] [INFO] HlsMuxer: wrote segment header with codec=video
[2026-08-10 03:33:56] [INFO] HttpServer: GET /api/health
[2026-08-10 03:33:56] [INFO] StreamWorker[camera-23] processed 500 video packets (segments=8)
[2026-08-10 03:33:56] [INFO] StreamWorker[camera-24] processed 500 video packets (segments=8)
[2026-08-10 03:33:56] [INFO] HttpServer: GET /api/health
[2026-08-10 03:33:56] [INFO] HlsMuxer: closed segment 8: duration=1.93s, packets_total=483
[2026-08-10 03:33:56] [INFO] HlsMuxer: closed segment 8: duration=1.93s, packets_total=488
[2026-08-10 03:33:56] [INFO] HlsMuxer: closed segment 7: duration=1.93s, packets_total=423
[2026-08-10 03:33:56] [INFO] HlsMuxer: closed segment 8: duration=1.93s, packets_total=485
[2026-08-10 03:33:56] [INFO] HlsMuxer: starting segment 9: /tmp/hls_output/camera-30/segment_000009.ts
[2026-08-10 03:33:56] [INFO] HlsMuxer: closed segment 28: duration=1.93s, packets_total=551
[2026-08-10 03:33:56] [INFO] HlsMuxer: starting segment 9: /tmp/hls_output/camera-28/segment_000009.ts
[2026-08-10 03:33:56] [INFO] HlsMuxer: wrote segment header with codec=video
[2026-08-10 03:33:56] [INFO] HlsMuxer: wrote segment header with codec=video
[2026-08-10 03:33:56] [INFO] HlsMuxer: closed segment 28: duration=1.93s, packets_total=549
[2026-08-10 03:33:56] [INFO] HlsMuxer: starting segment 8: /tmp/hls_output/camera-50/segment_000008.ts
[2026-08-10 03:33:56] [INFO] HlsMuxer: starting segment 9: /tmp/hls_output/camera-29/segment_000009.ts
[2026-08-10 03:33:56] [INFO] HlsMuxer: starting segment 29: /tmp/hls_output/camera-7/segment_000029.ts
[2026-08-10 03:33:56] [INFO] HlsMuxer: wrote segment header with codec=video
[2026-08-10 03:33:56] [INFO] HlsMuxer: wrote segment header with codec=video
[2026-08-10 03:33:56] [INFO] HlsMuxer: closed segment 7: duration=1.93s, packets_total=425
[2026-08-10 03:33:56] [INFO] HlsMuxer: wrote segment header with codec=video
[2026-08-10 03:33:56] [INFO] HlsMuxer: starting segment 29: /tmp/hls_output/camera-8/segment_000029.ts
[2026-08-10 03:33:56] [INFO] HlsMuxer: wrote segment header with codec=video
[2026-08-10 03:33:56] [INFO] HlsMuxer: closed segment 7: duration=1.93s, packets_total=428
[2026-08-10 03:33:56] [INFO] HlsMuxer: starting segment 8: /tmp/hls_output/camera-49/segment_000008.ts
[2026-08-10 03:33:56] [INFO] HlsMuxer: wrote segment header with codec=video
[2026-08-10 03:33:56] [INFO] HlsMuxer: starting segment 8: /tmp/hls_output/camera-48/segment_000008.ts
[2026-08-10 03:33:56] [INFO] HlsMuxer: wrote segment header with codec=video
[2026-08-10 03:33:56] [INFO] Multi-stream status: 50 active, 0 error, total_reconnects=0, packets_written=24842
[2026-08-10 03:33:56] [INFO] StreamWorker[camera-25] processed 500 video packets (segments=8)
[2026-08-10 03:33:56] [INFO] HttpServer: GET /api/health
[2026-08-10 03:33:56] [INFO] HlsMuxer: closed segment 28: duration=1.90s, packets_total=548
[2026-08-10 03:33:56] [INFO] HlsMuxer: closed segment 28: duration=1.90s, packets_total=545
[2026-08-10 03:33:56] [INFO] HlsMuxer: starting segment 29: /tmp/hls_output/camera-10/segment_000029.ts
[2026-08-10 03:33:56] [INFO] HlsMuxer: starting segment 29: /tmp/hls_output/camera-9/segment_000029.ts
[2026-08-10 03:33:56] [INFO] HlsMuxer: wrote segment header with codec=video
[2026-08-10 03:33:56] [INFO] HlsMuxer: wrote segment header with codec=video
[2026-08-10 03:33:56] [INFO] StreamWorker[camera-26] processed 500 video packets (segments=8)
[2026-08-10 03:33:56] [INFO] HttpServer: GET /api/health
[2026-08-10 03:33:56] [INFO] HlsMuxer: closed segment 8: duration=1.93s, packets_total=485
[2026-08-10 03:33:56] [INFO] HlsMuxer: starting segment 9: /tmp/hls_output/camera-31/segment_000009.ts
[2026-08-10 03:33:56] [INFO] HlsMuxer: wrote segment header with codec=video
[2026-08-10 03:33:56] [INFO] HlsMuxer: closed segment 8: duration=1.93s, packets_total=483
[2026-08-10 03:33:56] [INFO] HlsMuxer: starting segment 9: /tmp/hls_output/camera-32/segment_000009.ts
[2026-08-10 03:33:56] [INFO] HlsMuxer: wrote segment header with codec=video
[2026-08-10 03:33:56] [INFO] HlsMuxer: closed segment 9: duration=1.93s, packets_total=546
[2026-08-10 03:33:56] [INFO] HlsMuxer: starting segment 10: /tmp/hls_output/camera-11/segment_000010.ts
[2026-08-10 03:33:56] [INFO] HlsMuxer: wrote segment header with codec=video
[2026-08-10 03:33:56] [INFO] StreamWorker[camera-27] processed 500 video packets (segments=8)
[2026-08-10 03:33:56] [INFO] HttpServer: GET /api/health
[2026-08-10 03:33:56] [INFO] HlsMuxer: closed segment 9: duration=1.93s, packets_total=542
[2026-08-10 03:33:56] [INFO] HlsMuxer: closed segment 9: duration=1.93s, packets_total=547
[2026-08-10 03:33:56] [INFO] HlsMuxer: starting segment 10: /tmp/hls_output/camera-14/segment_000010.ts
[2026-08-10 03:33:56] [INFO] HlsMuxer: wrote segment header with codec=video
[2026-08-10 03:33:56] [INFO] HlsMuxer: starting segment 10: /tmp/hls_output/camera-12/segment_000010.ts
[2026-08-10 03:33:56] [INFO] HlsMuxer: closed segment 8: duration=1.93s, packets_total=484
[2026-08-10 03:33:56] [INFO] HlsMuxer: wrote segment header with codec=video
[2026-08-10 03:33:56] [INFO] HlsMuxer: closed segment 8: duration=1.93s, packets_total=482
[2026-08-10 03:33:56] [INFO] HlsMuxer: closed segment 9: duration=1.93s, packets_total=545
[2026-08-10 03:33:56] [INFO] HlsMuxer: starting segment 9: /tmp/hls_output/camera-33/segment_000009.ts
[2026-08-10 03:33:56] [INFO] HlsMuxer: starting segment 10: /tmp/hls_output/camera-13/segment_000010.ts
[2026-08-10 03:33:56] [INFO] HlsMuxer: wrote segment header with codec=video
[2026-08-10 03:33:56] [INFO] HlsMuxer: wrote segment header with codec=video
[2026-08-10 03:33:56] [INFO] StreamWorker[camera-28] processed 500 video packets (segments=8)
[2026-08-10 03:33:56] [INFO] HlsMuxer: starting segment 9: /tmp/hls_output/camera-34/segment_000009.ts
[2026-08-10 03:33:56] [INFO] HlsMuxer: wrote segment header with codec=video
[2026-08-10 03:33:56] [INFO] HttpServer: GET /api/health
[2026-08-10 03:33:56] [INFO] StreamWorker[camera-29] processed 500 video packets (segments=8)
[2026-08-10 03:33:56] [INFO] Multi-stream status: 50 active, 0 error, total_reconnects=0, packets_written=25542
[2026-08-10 03:33:56] [INFO] StreamWorker[camera-30] processed 500 video packets (segments=8)
[2026-08-10 03:33:56] [INFO] HttpServer: GET /api/health
[2026-08-10 03:33:56] [INFO] HlsMuxer: closed segment 8: duration=1.97s, packets_total=486
[2026-08-10 03:33:56] [INFO] HlsMuxer: closed segment 9: duration=1.97s, packets_total=545
[2026-08-10 03:33:56] [INFO] HlsMuxer: starting segment 10: /tmp/hls_output/camera-15/segment_000010.ts
[2026-08-10 03:33:56] [INFO] HlsMuxer: starting segment 9: /tmp/hls_output/camera-35/segment_000009.ts
[2026-08-10 03:33:56] [INFO] HlsMuxer: wrote segment header with codec=video
[2026-08-10 03:33:56] [INFO] HlsMuxer: wrote segment header with codec=video
[2026-08-10 03:33:57] [INFO] StreamWorker[camera-31] processed 500 video packets (segments=8)
[2026-08-10 03:33:57] [INFO] HttpServer: GET /api/health
[2026-08-10 03:33:57] [INFO] StreamWorker[camera-32] processed 500 video packets (segments=8)
[2026-08-10 03:33:57] [INFO] HttpServer: GET /api/health
[2026-08-10 03:33:57] [INFO] HlsMuxer: closed segment 9: duration=1.97s, packets_total=548
[2026-08-10 03:33:57] [INFO] HlsMuxer: closed segment 9: duration=1.97s, packets_total=551
[2026-08-10 03:33:57] [INFO] HlsMuxer: closed segment 8: duration=1.97s, packets_total=484
[2026-08-10 03:33:57] [INFO] HlsMuxer: starting segment 9: /tmp/hls_output/camera-38/segment_000009.ts
[2026-08-10 03:33:57] [INFO] HlsMuxer: wrote segment header with codec=video
[2026-08-10 03:33:57] [INFO] HlsMuxer: starting segment 10: /tmp/hls_output/camera-17/segment_000010.ts
[2026-08-10 03:33:57] [INFO] HlsMuxer: wrote segment header with codec=video
[2026-08-10 03:33:57] [INFO] HlsMuxer: starting segment 10: /tmp/hls_output/camera-16/segment_000010.ts
[2026-08-10 03:33:57] [INFO] HlsMuxer: wrote segment header with codec=video
[2026-08-10 03:33:57] [INFO] HlsMuxer: closed segment 8: duration=1.97s, packets_total=490
[2026-08-10 03:33:57] [INFO] StreamWorker[camera-33] processed 500 video packets (segments=8)
[2026-08-10 03:33:57] [INFO] HlsMuxer: closed segment 9: duration=1.97s, packets_total=544
[2026-08-10 03:33:57] [INFO] HlsMuxer: closed segment 8: duration=1.97s, packets_total=487
[2026-08-10 03:33:57] [INFO] HlsMuxer: starting segment 9: /tmp/hls_output/camera-36/segment_000009.ts
[2026-08-10 03:33:57] [INFO] HlsMuxer: starting segment 9: /tmp/hls_output/camera-37/segment_000009.ts
[2026-08-10 03:33:57] [INFO] HlsMuxer: starting segment 10: /tmp/hls_output/camera-18/segment_000010.ts
[2026-08-10 03:33:57] [INFO] HlsMuxer: wrote segment header with codec=video
[2026-08-10 03:33:57] [INFO] HlsMuxer: wrote segment header with codec=video
[2026-08-10 03:33:57] [INFO] HlsMuxer: wrote segment header with codec=video
[2026-08-10 03:33:57] [INFO] HttpServer: GET /api/health
[2026-08-10 03:33:57] [INFO] StreamWorker[camera-34] processed 500 video packets (segments=8)
[2026-08-10 03:33:57] [INFO] Multi-stream status: 50 active, 0 error, total_reconnects=0, packets_written=26292
[2026-08-10 03:33:57] [INFO] HlsMuxer: closed segment 8: duration=1.93s, packets_total=485
[2026-08-10 03:33:57] [INFO] HlsMuxer: closed segment 8: duration=1.93s, packets_total=479
[2026-08-10 03:33:57] [INFO] HlsMuxer: starting segment 9: /tmp/hls_output/camera-39/segment_000009.ts
[2026-08-10 03:33:57] [INFO] HlsMuxer: starting segment 9: /tmp/hls_output/camera-41/segment_000009.ts
[2026-08-10 03:33:57] [INFO] HlsMuxer: wrote segment header with codec=video
[2026-08-10 03:33:57] [INFO] HlsMuxer: closed segment 65: duration=1.93s, packets_total=599
[2026-08-10 03:33:57] [INFO] HlsMuxer: starting segment 66: /tmp/hls_output/camera-1/segment_000066.ts
[2026-08-10 03:33:57] [INFO] HlsMuxer: wrote segment header with codec=video
[2026-08-10 03:33:57] [INFO] StreamWorker[camera-1] processed 600 video packets (segments=10)
[2026-08-10 03:33:57] [INFO] HlsMuxer: closed segment 9: duration=1.93s, packets_total=545
[2026-08-10 03:33:57] [INFO] HlsMuxer: closed segment 8: duration=1.93s, packets_total=483
[2026-08-10 03:33:57] [INFO] HlsMuxer: starting segment 9: /tmp/hls_output/camera-40/segment_000009.ts
[2026-08-10 03:33:57] [INFO] StreamWorker[camera-35] processed 500 video packets (segments=8)
[2026-08-10 03:33:57] [INFO] HlsMuxer: wrote segment header with codec=video
[2026-08-10 03:33:57] [INFO] HlsMuxer: wrote segment header with codec=video
[2026-08-10 03:33:57] [INFO] HlsMuxer: closed segment 9: duration=1.93s, packets_total=540
[2026-08-10 03:33:57] [INFO] HlsMuxer: starting segment 10: /tmp/hls_output/camera-19/segment_000010.ts
[2026-08-10 03:33:57] [INFO] HlsMuxer: wrote segment header with codec=video
[2026-08-10 03:33:57] [INFO] HlsMuxer: starting segment 10: /tmp/hls_output/camera-21/segment_000010.ts
[2026-08-10 03:33:57] [INFO] HlsMuxer: wrote segment header with codec=video
[2026-08-10 03:33:57] [INFO] HttpServer: GET /api/health
[2026-08-10 03:33:57] [INFO] HlsMuxer: closed segment 9: duration=1.97s, packets_total=544
[2026-08-10 03:33:57] [INFO] HlsMuxer: starting segment 10: /tmp/hls_output/camera-20/segment_000010.ts
[2026-08-10 03:33:57] [INFO] HlsMuxer: wrote segment header with codec=video
[2026-08-10 03:33:57] [INFO] StreamWorker[camera-2] processed 600 video packets (segments=9)
[2026-08-10 03:33:57] [INFO] HttpServer: GET /api/health
[2026-08-10 03:33:57] [INFO] StreamWorker[camera-36] processed 500 video packets (segments=8)
[2026-08-10 03:33:57] [INFO] StreamWorker[camera-3] processed 600 video packets (segments=9)
[2026-08-10 03:33:57] [INFO] StreamWorker[camera-37] processed 500 video packets (segments=8)
[2026-08-10 03:33:57] [INFO] HttpServer: GET /api/health
[2026-08-10 03:33:57] [INFO] StreamWorker[camera-4] processed 600 video packets (segments=9)
[2026-08-10 03:33:57] [INFO] HlsMuxer: closed segment 8: duration=1.97s, packets_total=483
[2026-08-10 03:33:57] [INFO] HlsMuxer: closed segment 47: duration=1.97s, packets_total=605
[2026-08-10 03:33:57] [INFO] HlsMuxer: closed segment 9: duration=1.97s, packets_total=542
[2026-08-10 03:33:57] [INFO] HlsMuxer: starting segment 48: /tmp/hls_output/camera-2/segment_000048.ts
[2026-08-10 03:33:57] [INFO] HlsMuxer: starting segment 9: /tmp/hls_output/camera-43/segment_000009.ts
[2026-08-10 03:33:57] [INFO] HlsMuxer: closed segment 9: duration=1.97s, packets_total=545
[2026-08-10 03:33:57] [INFO] HlsMuxer: starting segment 10: /tmp/hls_output/camera-23/segment_000010.ts
[2026-08-10 03:33:57] [INFO] HlsMuxer: wrote segment header with codec=video
[2026-08-10 03:33:57] [INFO] HlsMuxer: wrote segment header with codec=video
[2026-08-10 03:33:57] [INFO] HlsMuxer: wrote segment header with codec=video
[2026-08-10 03:33:57] [INFO] HlsMuxer: starting segment 10: /tmp/hls_output/camera-22/segment_000010.ts
[2026-08-10 03:33:57] [INFO] HlsMuxer: closed segment 8: duration=1.97s, packets_total=485
[2026-08-10 03:33:57] [INFO] HlsMuxer: wrote segment header with codec=video
[2026-08-10 03:33:57] [INFO] HlsMuxer: starting segment 9: /tmp/hls_output/camera-42/segment_000009.ts
[2026-08-10 03:33:57] [INFO] HlsMuxer: wrote segment header with codec=video
[2026-08-10 03:33:57] [INFO] StreamWorker[camera-5] processed 600 video packets (segments=9)
[2026-08-10 03:33:57] [INFO] StreamWorker[camera-38] processed 500 video packets (segments=8)
[2026-08-10 03:33:57] [INFO] HttpServer: GET /api/health
[2026-08-10 03:33:57] [INFO] StreamWorker[camera-39] processed 500 video packets (segments=8)
[2026-08-10 03:33:57] [INFO] Multi-stream status: 50 active, 0 error, total_reconnects=0, packets_written=27042
[2026-08-10 03:33:57] [INFO] HttpServer: GET /api/health
[2026-08-10 03:33:57] [INFO] HlsMuxer: closed segment 8: duration=1.90s, packets_total=482
[2026-08-10 03:33:57] [INFO] HlsMuxer: closed segment 47: duration=1.90s, packets_total=609
[2026-08-10 03:33:57] [INFO] HlsMuxer: starting segment 9: /tmp/hls_output/camera-45/segment_000009.ts
[2026-08-10 03:33:57] [INFO] HlsMuxer: closed segment 8: duration=1.90s, packets_total=485
[2026-08-10 03:33:57] [INFO] HlsMuxer: closed segment 9: duration=1.90s, packets_total=542
[2026-08-10 03:33:57] [INFO] HlsMuxer: wrote segment header with codec=video
[2026-08-10 03:33:57] [INFO] HlsMuxer: starting segment 48: /tmp/hls_output/camera-3/segment_000048.ts
[2026-08-10 03:33:57] [INFO] HlsMuxer: closed segment 9: duration=1.90s, packets_total=546
[2026-08-10 03:33:57] [INFO] HlsMuxer: starting segment 9: /tmp/hls_output/camera-44/segment_000009.ts
[2026-08-10 03:33:57] [INFO] HlsMuxer: wrote segment header with codec=video
[2026-08-10 03:33:57] [INFO] HlsMuxer: wrote segment header with codec=video
[2026-08-10 03:33:57] [INFO] StreamWorker[camera-6] processed 600 video packets (segments=9)
[2026-08-10 03:33:57] [INFO] HlsMuxer: starting segment 10: /tmp/hls_output/camera-24/segment_000010.ts
[2026-08-10 03:33:57] [INFO] HlsMuxer: wrote segment header with codec=video
[2026-08-10 03:33:57] [INFO] HlsMuxer: starting segment 10: /tmp/hls_output/camera-25/segment_000010.ts
[2026-08-10 03:33:57] [INFO] HlsMuxer: wrote segment header with codec=video
[2026-08-10 03:33:57] [INFO] HlsMuxer: closed segment 47: duration=2.00s, packets_total=606
[2026-08-10 03:33:57] [INFO] HlsMuxer: starting segment 48: /tmp/hls_output/camera-4/segment_000048.ts
[2026-08-10 03:33:57] [INFO] HlsMuxer: wrote segment header with codec=video
[2026-08-10 03:33:57] [INFO] StreamWorker[camera-40] processed 500 video packets (segments=8)
[2026-08-10 03:33:57] [INFO] StreamWorker[camera-7] processed 600 video packets (segments=9)
[2026-08-10 03:33:57] [INFO] HttpServer: GET /api/health
[2026-08-10 03:33:58] [INFO] StreamWorker[camera-8] processed 600 video packets (segments=9)
[2026-08-10 03:33:58] [INFO] StreamWorker[camera-41] processed 500 video packets (segments=8)
[2026-08-10 03:33:58] [INFO] HlsMuxer: closed segment 29: duration=1.97s, packets_total=604
[2026-08-10 03:33:58] [INFO] HlsMuxer: closed segment 9: duration=1.97s, packets_total=544
[2026-08-10 03:33:58] [INFO] HlsMuxer: closed segment 47: duration=1.97s, packets_total=607
[2026-08-10 03:33:58] [INFO] HlsMuxer: starting segment 48: /tmp/hls_output/camera-5/segment_000048.ts
[2026-08-10 03:33:58] [INFO] HlsMuxer: starting segment 10: /tmp/hls_output/camera-26/segment_000010.ts
[2026-08-10 03:33:58] [INFO] HlsMuxer: wrote segment header with codec=video
[2026-08-10 03:33:58] [INFO] HlsMuxer: wrote segment header with codec=video
[2026-08-10 03:33:58] [INFO] HlsMuxer: closed segment 8: duration=1.97s, packets_total=485
[2026-08-10 03:33:58] [INFO] HlsMuxer: starting segment 9: /tmp/hls_output/camera-46/segment_000009.ts
[2026-08-10 03:33:58] [INFO] HlsMuxer: wrote segment header with codec=video
[2026-08-10 03:33:58] [INFO] HlsMuxer: starting segment 30: /tmp/hls_output/camera-6/segment_000030.ts
[2026-08-10 03:33:58] [INFO] HlsMuxer: wrote segment header with codec=video
[2026-08-10 03:33:58] [INFO] HttpServer: GET /api/health
[2026-08-10 03:33:58] [INFO] StreamWorker[camera-42] processed 500 video packets (segments=8)
[2026-08-10 03:33:58] [INFO] StreamWorker[camera-9] processed 600 video packets (segments=9)
[2026-08-10 03:33:58] [INFO] StreamWorker[camera-43] processed 500 video packets (segments=8)
[2026-08-10 03:33:58] [INFO] HlsMuxer: closed segment 9: duration=1.97s, packets_total=547
[2026-08-10 03:33:58] [INFO] HlsMuxer: starting segment 10: /tmp/hls_output/camera-27/segment_000010.ts
[2026-08-10 03:33:58] [INFO] HlsMuxer: wrote segment header with codec=video
[2026-08-10 03:33:58] [INFO] HlsMuxer: closed segment 8: duration=1.97s, packets_total=487
[2026-08-10 03:33:58] [INFO] HlsMuxer: starting segment 9: /tmp/hls_output/camera-47/segment_000009.ts
[2026-08-10 03:33:58] [INFO] HlsMuxer: wrote segment header with codec=video
[2026-08-10 03:33:58] [INFO] HttpServer: GET /api/health
[2026-08-10 03:33:58] [INFO] StreamWorker[camera-10] processed 600 video packets (segments=9)
[2026-08-10 03:33:58] [INFO] StreamWorker[camera-11] processed 600 video packets (segments=9)
[2026-08-10 03:33:58] [INFO] StreamWorker[camera-44] processed 500 video packets (segments=8)
[2026-08-10 03:33:58] [INFO] HttpServer: GET /api/health
[2026-08-10 03:33:58] [INFO] Multi-stream status: 50 active, 0 error, total_reconnects=0, packets_written=27792
[2026-08-10 03:33:58] [INFO] HlsMuxer: closed segment 9: duration=1.97s, packets_total=547
[2026-08-10 03:33:58] [INFO] StreamWorker[camera-12] processed 600 video packets (segments=9)
[2026-08-10 03:33:58] [INFO] StreamWorker[camera-45] processed 500 video packets (segments=8)
[2026-08-10 03:33:58] [INFO] HlsMuxer: closed segment 9: duration=1.97s, packets_total=550
[2026-08-10 03:33:58] [INFO] HlsMuxer: closed segment 8: duration=1.97s, packets_total=490
[2026-08-10 03:33:58] [INFO] HlsMuxer: closed segment 29: duration=1.97s, packets_total=611
[2026-08-10 03:33:58] [INFO] HlsMuxer: closed segment 8: duration=1.97s, packets_total=487
[2026-08-10 03:33:58] [INFO] HlsMuxer: closed segment 8: duration=1.97s, packets_total=485
[2026-08-10 03:33:58] [INFO] HlsMuxer: closed segment 9: duration=1.97s, packets_total=545
[2026-08-10 03:33:58] [INFO] HlsMuxer: starting segment 10: /tmp/hls_output/camera-28/segment_000010.ts
[2026-08-10 03:33:58] [INFO] HlsMuxer: starting segment 9: /tmp/hls_output/camera-48/segment_000009.ts
[2026-08-10 03:33:58] [INFO] HlsMuxer: starting segment 30: /tmp/hls_output/camera-8/segment_000030.ts
[2026-08-10 03:33:58] [INFO] HlsMuxer: starting segment 9: /tmp/hls_output/camera-49/segment_000009.ts
[2026-08-10 03:33:58] [INFO] HlsMuxer: wrote segment header with codec=video
[2026-08-10 03:33:58] [INFO] HlsMuxer: wrote segment header with codec=video
[2026-08-10 03:33:58] [INFO] HlsMuxer: wrote segment header with codec=video
[2026-08-10 03:33:58] [INFO] HlsMuxer: starting segment 10: /tmp/hls_output/camera-30/segment_000010.ts
[2026-08-10 03:33:58] [INFO] HlsMuxer: wrote segment header with codec=video
[2026-08-10 03:33:58] [INFO] HlsMuxer: closed segment 29: duration=1.97s, packets_total=613
[2026-08-10 03:33:58] [INFO] HlsMuxer: wrote segment header with codec=video
[2026-08-10 03:33:58] [INFO] HlsMuxer: starting segment 9: /tmp/hls_output/camera-50/segment_000009.ts
[2026-08-10 03:33:58] [INFO] HlsMuxer: wrote segment header with codec=video
[2026-08-10 03:33:58] [INFO] HlsMuxer: starting segment 30: /tmp/hls_output/camera-7/segment_000030.ts
[2026-08-10 03:33:58] [INFO] HlsMuxer: wrote segment header with codec=video
[2026-08-10 03:33:58] [INFO] HlsMuxer: starting segment 10: /tmp/hls_output/camera-29/segment_000010.ts
[2026-08-10 03:33:58] [INFO] HlsMuxer: wrote segment header with codec=video
[2026-08-10 03:33:58] [INFO] HttpServer: GET /api/health
[2026-08-10 03:33:58] [INFO] HlsMuxer: closed segment 29: duration=1.93s, packets_total=606
[2026-08-10 03:33:58] [INFO] StreamWorker[camera-46] processed 500 video packets (segments=8)
[2026-08-10 03:33:58] [INFO] HlsMuxer: starting segment 30: /tmp/hls_output/camera-10/segment_000030.ts
[2026-08-10 03:33:58] [INFO] StreamWorker[camera-13] processed 600 video packets (segments=9)
[2026-08-10 03:33:58] [INFO] HlsMuxer: wrote segment header with codec=video
[2026-08-10 03:33:58] [INFO] HlsMuxer: closed segment 29: duration=1.93s, packets_total=609
[2026-08-10 03:33:58] [INFO] HlsMuxer: starting segment 30: /tmp/hls_output/camera-9/segment_000030.ts
[2026-08-10 03:33:58] [INFO] HlsMuxer: wrote segment header with codec=video
[2026-08-10 03:33:58] [INFO] HlsMuxer: closed segment 10: duration=1.93s, packets_total=606
[2026-08-10 03:33:58] [INFO] HlsMuxer: closed segment 9: duration=1.93s, packets_total=543
[2026-08-10 03:33:58] [INFO] HlsMuxer: closed segment 9: duration=1.93s, packets_total=545
[2026-08-10 03:33:58] [INFO] HlsMuxer: starting segment 10: /tmp/hls_output/camera-32/segment_000010.ts
[2026-08-10 03:33:58] [INFO] HlsMuxer: starting segment 10: /tmp/hls_output/camera-31/segment_000010.ts
[2026-08-10 03:33:58] [INFO] HlsMuxer: wrote segment header with codec=video
[2026-08-10 03:33:58] [INFO] HlsMuxer: wrote segment header with codec=video
[2026-08-10 03:33:58] [INFO] HlsMuxer: starting segment 11: /tmp/hls_output/camera-11/segment_000011.ts
[2026-08-10 03:33:58] [INFO] HlsMuxer: wrote segment header with codec=video
[2026-08-10 03:33:58] [INFO] HttpServer: GET /api/health
[2026-08-10 03:33:58] [INFO] StreamWorker[camera-47] processed 500 video packets (segments=8)
[2026-08-10 03:33:58] [INFO] StreamWorker[camera-14] processed 600 video packets (segments=9)
[2026-08-10 03:33:58] [INFO] HttpServer: GET /api/health
[2026-08-10 03:33:58] [INFO] StreamWorker[camera-48] processed 500 video packets (segments=8)
[2026-08-10 03:33:58] [INFO] HlsMuxer: closed segment 10: duration=1.93s, packets_total=608
[2026-08-10 03:33:58] [INFO] StreamWorker[camera-15] processed 600 video packets (segments=9)
[2026-08-10 03:33:58] [INFO] HlsMuxer: closed segment 10: duration=1.93s, packets_total=606
[2026-08-10 03:33:58] [INFO] HlsMuxer: closed segment 9: duration=1.93s, packets_total=545
[2026-08-10 03:33:58] [INFO] HlsMuxer: closed segment 9: duration=1.93s, packets_total=543
[2026-08-10 03:33:58] [INFO] HlsMuxer: starting segment 10: /tmp/hls_output/camera-33/segment_000010.ts
[2026-08-10 03:33:58] [INFO] HlsMuxer: starting segment 11: /tmp/hls_output/camera-13/segment_000011.ts
[2026-08-10 03:33:58] [INFO] HlsMuxer: starting segment 10: /tmp/hls_output/camera-34/segment_000010.ts
[2026-08-10 03:33:58] [INFO] HlsMuxer: closed segment 10: duration=1.93s, packets_total=603
[2026-08-10 03:33:58] [INFO] HlsMuxer: wrote segment header with codec=video
[2026-08-10 03:33:58] [INFO] HlsMuxer: wrote segment header with codec=video
[2026-08-10 03:33:58] [INFO] HlsMuxer: wrote segment header with codec=video
[2026-08-10 03:33:58] [INFO] HlsMuxer: starting segment 11: /tmp/hls_output/camera-12/segment_000011.ts
[2026-08-10 03:33:58] [INFO] HlsMuxer: wrote segment header with codec=video
[2026-08-10 03:33:58] [INFO] HlsMuxer: starting segment 11: /tmp/hls_output/camera-14/segment_000011.ts
[2026-08-10 03:33:58] [INFO] HlsMuxer: wrote segment header with codec=video
[2026-08-10 03:33:58] [INFO] HttpServer: GET /api/health
[2026-08-10 03:33:58] [INFO] StreamWorker[camera-16] processed 600 video packets (segments=9)
[2026-08-10 03:33:58] [INFO] StreamWorker[camera-49] processed 500 video packets (segments=8)
[2026-08-10 03:33:58] [INFO] Multi-stream status: 50 active, 0 error, total_reconnects=0, packets_written=28592
[2026-08-10 03:33:58] [INFO] StreamWorker[camera-50] processed 500 video packets (segments=8)
[2026-08-10 03:33:58] [INFO] HttpServer: GET /api/health
[2026-08-10 03:33:58] [INFO] StreamWorker[camera-17] processed 600 video packets (segments=9)
[2026-08-10 03:33:59] [INFO] HlsMuxer: closed segment 9: duration=1.97s, packets_total=548
[2026-08-10 03:33:59] [INFO] HlsMuxer: closed segment 10: duration=1.97s, packets_total=607
[2026-08-10 03:33:59] [INFO] HlsMuxer: starting segment 10: /tmp/hls_output/camera-35/segment_000010.ts
[2026-08-10 03:33:59] [INFO] HlsMuxer: starting segment 11: /tmp/hls_output/camera-15/segment_000011.ts
[2026-08-10 03:33:59] [INFO] HlsMuxer: wrote segment header with codec=video
[2026-08-10 03:33:59] [INFO] HlsMuxer: wrote segment header with codec=video
[2026-08-10 03:33:59] [INFO] HttpServer: GET /api/health
[2026-08-10 03:33:59] [INFO] StreamWorker[camera-18] processed 600 video packets (segments=9)
[2026-08-10 03:33:59] [INFO] StreamWorker[camera-19] processed 600 video packets (segments=9)
[2026-08-10 03:33:59] [INFO] HttpServer: GET /api/health
[2026-08-10 03:33:59] [INFO] HlsMuxer: closed segment 10: duration=1.97s, packets_total=605
[2026-08-10 03:33:59] [INFO] HlsMuxer: closed segment 9: duration=1.97s, packets_total=551
[2026-08-10 03:33:59] [INFO] HlsMuxer: closed segment 10: duration=1.97s, packets_total=609
[2026-08-10 03:33:59] [INFO] HlsMuxer: starting segment 10: /tmp/hls_output/camera-36/segment_000010.ts
[2026-08-10 03:33:59] [INFO] HlsMuxer: starting segment 11: /tmp/hls_output/camera-17/segment_000011.ts
[2026-08-10 03:33:59] [INFO] HlsMuxer: wrote segment header with codec=video
[2026-08-10 03:33:59] [INFO] HlsMuxer: wrote segment header with codec=video
[2026-08-10 03:33:59] [INFO] HlsMuxer: closed segment 10: duration=1.97s, packets_total=612
[2026-08-10 03:33:59] [INFO] HlsMuxer: starting segment 11: /tmp/hls_output/camera-18/segment_000011.ts
[2026-08-10 03:33:59] [INFO] HlsMuxer: wrote segment header with codec=video
[2026-08-10 03:33:59] [INFO] StreamWorker[camera-20] processed 600 video packets (segments=9)
[2026-08-10 03:33:59] [INFO] HlsMuxer: starting segment 11: /tmp/hls_output/camera-16/segment_000011.ts
[2026-08-10 03:33:59] [INFO] HlsMuxer: wrote segment header with codec=video
[2026-08-10 03:33:59] [INFO] HttpServer: GET /api/health
[2026-08-10 03:33:59] [INFO] StreamWorker[camera-21] processed 600 video packets (segments=9)
[2026-08-10 03:33:59] [INFO] Multi-stream status: 50 active, 0 error, total_reconnects=0, packets_written=29334
[2026-08-10 03:33:59] [INFO] HlsMuxer: closed segment 9: duration=1.97s, packets_total=540
[2026-08-10 03:33:59] [INFO] HlsMuxer: closed segment 66: duration=1.97s, packets_total=660
[2026-08-10 03:33:59] [INFO] HlsMuxer: closed segment 9: duration=1.97s, packets_total=544
[2026-08-10 03:33:59] [INFO] HlsMuxer: closed segment 9: duration=1.97s, packets_total=546
[2026-08-10 03:33:59] [INFO] HlsMuxer: closed segment 10: duration=1.97s, packets_total=601
[2026-08-10 03:33:59] [INFO] HlsMuxer: starting segment 10: /tmp/hls_output/camera-41/segment_000010.ts
[2026-08-10 03:33:59] [INFO] HlsMuxer: starting segment 10: /tmp/hls_output/camera-40/segment_000010.ts
[2026-08-10 03:33:59] [INFO] HlsMuxer: wrote segment header with codec=video
[2026-08-10 03:33:59] [INFO] HlsMuxer: wrote segment header with codec=video
[2026-08-10 03:33:59] [INFO] HlsMuxer: starting segment 67: /tmp/hls_output/camera-1/segment_000067.ts
[2026-08-10 03:33:59] [INFO] HlsMuxer: wrote segment header with codec=video
[2026-08-10 03:33:59] [INFO] HlsMuxer: starting segment 10: /tmp/hls_output/camera-39/segment_000010.ts
[2026-08-10 03:33:59] [INFO] HlsMuxer: starting segment 11: /tmp/hls_output/camera-21/segment_000011.ts
[2026-08-10 03:33:59] [INFO] HlsMuxer: wrote segment header with codec=video
[2026-08-10 03:33:59] [INFO] HlsMuxer: wrote segment header with codec=video
[2026-08-10 03:33:59] [INFO] HlsMuxer: closed segment 10: duration=1.97s, packets_total=604
[2026-08-10 03:33:59] [INFO] HlsMuxer: closed segment 10: duration=2.00s, packets_total=607
[2026-08-10 03:33:59] [INFO] HttpServer: GET /api/health
[2026-08-10 03:33:59] [INFO] HlsMuxer: starting segment 11: /tmp/hls_output/camera-20/segment_000011.ts
[2026-08-10 03:33:59] [INFO] HlsMuxer: wrote segment header with codec=video
[2026-08-10 03:33:59] [INFO] HlsMuxer: starting segment 11: /tmp/hls_output/camera-19/segment_000011.ts
[2026-08-10 03:33:59] [INFO] HlsMuxer: wrote segment header with codec=video
[2026-08-10 03:33:59] [INFO] StreamWorker[camera-22] processed 600 video packets (segments=9)
[2026-08-10 03:33:59] [INFO] HlsMuxer: closed segment 9: duration=1.97s, packets_total=545
[2026-08-10 03:33:59] [INFO] HlsMuxer: closed segment 9: duration=1.97s, packets_total=548
[2026-08-10 03:33:59] [INFO] HlsMuxer: starting segment 10: /tmp/hls_output/camera-38/segment_000010.ts
[2026-08-10 03:33:59] [INFO] HlsMuxer: starting segment 10: /tmp/hls_output/camera-37/segment_000010.ts
[2026-08-10 03:33:59] [INFO] HlsMuxer: wrote segment header with codec=video
[2026-08-10 03:33:59] [INFO] HlsMuxer: wrote segment header with codec=video
[2026-08-10 03:33:59] [INFO] HttpServer: GET /api/health
[2026-08-10 03:33:59] [INFO] StreamWorker[camera-23] processed 600 video packets (segments=9)
[2026-08-10 03:33:59] [INFO] StreamWorker[camera-24] processed 600 video packets (segments=9)
[2026-08-10 03:33:59] [INFO] HttpServer: GET /api/health
[2026-08-10 03:33:59] [INFO] HlsMuxer: closed segment 10: duration=1.93s, packets_total=605
[2026-08-10 03:33:59] [INFO] HlsMuxer: starting segment 11: /tmp/hls_output/camera-22/segment_000011.ts
[2026-08-10 03:33:59] [INFO] HlsMuxer: wrote segment header with codec=video
[2026-08-10 03:33:59] [INFO] HlsMuxer: closed segment 48: duration=1.93s, packets_total=665
[2026-08-10 03:33:59] [INFO] HlsMuxer: closed segment 9: duration=1.93s, packets_total=543
[2026-08-10 03:33:59] [INFO] HlsMuxer: closed segment 9: duration=1.93s, packets_total=545
[2026-08-10 03:33:59] [INFO] HlsMuxer: closed segment 10: duration=1.93s, packets_total=602
[2026-08-10 03:33:59] [INFO] HlsMuxer: starting segment 49: /tmp/hls_output/camera-2/segment_000049.ts
[2026-08-10 03:33:59] [INFO] HlsMuxer: starting segment 10: /tmp/hls_output/camera-43/segment_000010.ts
[2026-08-10 03:33:59] [INFO] HlsMuxer: wrote segment header with codec=video
[2026-08-10 03:33:59] [INFO] HlsMuxer: wrote segment header with codec=video
[2026-08-10 03:33:59] [INFO] HlsMuxer: starting segment 10: /tmp/hls_output/camera-42/segment_000010.ts
[2026-08-10 03:33:59] [INFO] HlsMuxer: starting segment 11: /tmp/hls_output/camera-23/segment_000011.ts
[2026-08-10 03:33:59] [INFO] HlsMuxer: wrote segment header with codec=video
[2026-08-10 03:33:59] [INFO] HlsMuxer: wrote segment header with codec=video
[2026-08-10 03:33:59] [INFO] StreamWorker[camera-25] processed 600 video packets (segments=9)
[2026-08-10 03:33:59] [INFO] HttpServer: GET /api/health
[2026-08-10 03:33:59] [INFO] StreamWorker[camera-26] processed 600 video packets (segments=9)
[2026-08-10 03:33:59] [INFO] Multi-stream status: 50 active, 0 error, total_reconnects=0, packets_written=30088
[2026-08-10 03:33:59] [INFO] HlsMuxer: closed segment 9: duration=1.90s, packets_total=545
[2026-08-10 03:33:59] [INFO] HlsMuxer: closed segment 9: duration=1.90s, packets_total=542
[2026-08-10 03:33:59] [INFO] HlsMuxer: closed segment 48: duration=1.90s, packets_total=669
[2026-08-10 03:33:59] [INFO] HlsMuxer: closed segment 10: duration=1.90s, packets_total=602
[2026-08-10 03:33:59] [INFO] HttpServer: GET /api/health
[2026-08-10 03:33:59] [INFO] HlsMuxer: starting segment 10: /tmp/hls_output/camera-44/segment_000010.ts
[2026-08-10 03:33:59] [INFO] HlsMuxer: wrote segment header with codec=video
[2026-08-10 03:33:59] [INFO] HlsMuxer: starting segment 10: /tmp/hls_output/camera-45/segment_000010.ts
[2026-08-10 03:33:59] [INFO] HlsMuxer: wrote segment header with codec=video
[2026-08-10 03:33:59] [INFO] HlsMuxer: starting segment 49: /tmp/hls_output/camera-3/segment_000049.ts
[2026-08-10 03:33:59] [INFO] HlsMuxer: starting segment 11: /tmp/hls_output/camera-25/segment_000011.ts
[2026-08-10 03:33:59] [INFO] HlsMuxer: wrote segment header with codec=video
[2026-08-10 03:33:59] [INFO] HlsMuxer: wrote segment header with codec=video
[2026-08-10 03:33:59] [INFO] HlsMuxer: closed segment 48: duration=2.00s, packets_total=666
[2026-08-10 03:33:59] [INFO] HlsMuxer: closed segment 10: duration=2.00s, packets_total=607
[2026-08-10 03:33:59] [INFO] HlsMuxer: starting segment 49: /tmp/hls_output/camera-4/segment_000049.ts
[2026-08-10 03:33:59] [INFO] HlsMuxer: wrote segment header with codec=video
[2026-08-10 03:33:59] [INFO] HlsMuxer: starting segment 11: /tmp/hls_output/camera-24/segment_000011.ts
[2026-08-10 03:33:59] [INFO] HlsMuxer: wrote segment header with codec=video
[2026-08-10 03:33:59] [INFO] StreamWorker[camera-27] processed 600 video packets (segments=9)
[2026-08-10 03:34:00] [INFO] HttpServer: GET /api/health
[2026-08-10 03:34:00] [INFO] StreamWorker[camera-28] processed 600 video packets (segments=9)
[2026-08-10 03:34:00] [INFO] HlsMuxer: closed segment 10: duration=1.97s, packets_total=605
[2026-08-10 03:34:00] [INFO] HlsMuxer: closed segment 48: duration=1.97s, packets_total=668
[2026-08-10 03:34:00] [INFO] HlsMuxer: closed segment 9: duration=1.97s, packets_total=546
[2026-08-10 03:34:00] [INFO] HlsMuxer: closed segment 30: duration=1.97s, packets_total=665
[2026-08-10 03:34:00] [INFO] HlsMuxer: starting segment 11: /tmp/hls_output/camera-26/segment_000011.ts
[2026-08-10 03:34:00] [INFO] HlsMuxer: wrote segment header with codec=video
[2026-08-10 03:34:00] [INFO] HlsMuxer: starting segment 31: /tmp/hls_output/camera-6/segment_000031.ts
[2026-08-10 03:34:00] [INFO] HlsMuxer: starting segment 49: /tmp/hls_output/camera-5/segment_000049.ts
[2026-08-10 03:34:00] [INFO] HlsMuxer: wrote segment header with codec=video
[2026-08-10 03:34:00] [INFO] HlsMuxer: wrote segment header with codec=video
[2026-08-10 03:34:00] [INFO] HlsMuxer: starting segment 10: /tmp/hls_output/camera-46/segment_000010.ts
[2026-08-10 03:34:00] [INFO] HlsMuxer: wrote segment header with codec=video
[2026-08-10 03:34:00] [INFO] HttpServer: GET /api/health
[2026-08-10 03:34:00] [INFO] StreamWorker[camera-29] processed 600 video packets (segments=9)
[2026-08-10 03:34:00] [INFO] StreamWorker[camera-30] processed 600 video packets (segments=9)
[2026-08-10 03:34:00] [INFO] HttpServer: GET /api/health
[2026-08-10 03:34:00] [INFO] HlsMuxer: closed segment 10: duration=1.93s, packets_total=607
[2026-08-10 03:34:00] [INFO] HlsMuxer: starting segment 11: /tmp/hls_output/camera-27/segment_000011.ts
[2026-08-10 03:34:00] [INFO] HlsMuxer: wrote segment header with codec=video
[2026-08-10 03:34:00] [INFO] HlsMuxer: closed segment 9: duration=1.93s, packets_total=547
[2026-08-10 03:34:00] [INFO] HlsMuxer: starting segment 10: /tmp/hls_output/camera-47/segment_000010.ts
[2026-08-10 03:34:00] [INFO] HlsMuxer: wrote segment header with codec=video
[2026-08-10 03:34:00] [INFO] HttpServer: GET /api/health
[2026-08-10 03:34:00] [INFO] Multi-stream status: 50 active, 0 error, total_reconnects=0, packets_written=30792
[2026-08-10 03:34:00] [INFO] StreamWorker[camera-31] processed 600 video packets (segments=9)
[2026-08-10 03:34:00] [INFO] StreamWorker[camera-32] processed 600 video packets (segments=9)
[2026-08-10 03:34:00] [INFO] HlsMuxer: closed segment 9: duration=1.93s, packets_total=547
[2026-08-10 03:34:00] [INFO] HlsMuxer: closed segment 9: duration=1.93s, packets_total=550
[2026-08-10 03:34:00] [INFO] HlsMuxer: starting segment 10: /tmp/hls_output/camera-49/segment_000010.ts
[2026-08-10 03:34:00] [INFO] HlsMuxer: wrote segment header with codec=video
[2026-08-10 03:34:00] [INFO] HlsMuxer: closed segment 30: duration=1.93s, packets_total=673
[2026-08-10 03:34:00] [INFO] HlsMuxer: closed segment 10: duration=1.93s, packets_total=610
[2026-08-10 03:34:00] [INFO] HlsMuxer: closed segment 9: duration=1.93s, packets_total=545
[2026-08-10 03:34:00] [INFO] HlsMuxer: starting segment 10: /tmp/hls_output/camera-48/segment_000010.ts
[2026-08-10 03:34:00] [INFO] HlsMuxer: wrote segment header with codec=video
[2026-08-10 03:34:00] [INFO] HlsMuxer: starting segment 10: /tmp/hls_output/camera-50/segment_000010.ts
[2026-08-10 03:34:00] [INFO] HlsMuxer: wrote segment header with codec=video
[2026-08-10 03:34:00] [INFO] HlsMuxer: starting segment 11: /tmp/hls_output/camera-28/segment_000011.ts
[2026-08-10 03:34:00] [INFO] HlsMuxer: starting segment 31: /tmp/hls_output/camera-7/segment_000031.ts
[2026-08-10 03:34:00] [INFO] HlsMuxer: wrote segment header with codec=video
[2026-08-10 03:34:00] [INFO] HlsMuxer: wrote segment header with codec=video
[2026-08-10 03:34:00] [INFO] HlsMuxer: closed segment 30: duration=1.93s, packets_total=671
[2026-08-10 03:34:00] [INFO] HlsMuxer: closed segment 10: duration=1.93s, packets_total=605
[2026-08-10 03:34:00] [INFO] HlsMuxer: starting segment 31: /tmp/hls_output/camera-8/segment_000031.ts
[2026-08-10 03:34:00] [INFO] HlsMuxer: wrote segment header with codec=video
[2026-08-10 03:34:00] [INFO] HlsMuxer: starting segment 11: /tmp/hls_output/camera-30/segment_000011.ts
[2026-08-10 03:34:00] [INFO] HlsMuxer: wrote segment header with codec=video
[2026-08-10 03:34:00] [INFO] HlsMuxer: closed segment 10: duration=2.00s, packets_total=608
[2026-08-10 03:34:00] [INFO] HlsMuxer: starting segment 11: /tmp/hls_output/camera-29/segment_000011.ts
[2026-08-10 03:34:00] [INFO] HlsMuxer: wrote segment header with codec=video
[2026-08-10 03:34:00] [INFO] HlsMuxer: closed segment 30: duration=1.93s, packets_total=669
[2026-08-10 03:34:00] [INFO] HlsMuxer: closed segment 30: duration=1.93s, packets_total=666
[2026-08-10 03:34:00] [INFO] HlsMuxer: starting segment 31: /tmp/hls_output/camera-10/segment_000031.ts
[2026-08-10 03:34:00] [INFO] HlsMuxer: starting segment 31: /tmp/hls_output/camera-9/segment_000031.ts
[2026-08-10 03:34:00] [INFO] HlsMuxer: wrote segment header with codec=video
[2026-08-10 03:34:00] [INFO] HlsMuxer: wrote segment header with codec=video
[2026-08-10 03:34:00] [INFO] HttpServer: GET /api/health
[2026-08-10 03:34:00] [INFO] StreamWorker[camera-33] processed 600 video packets (segments=9)
[2026-08-10 03:34:00] [INFO] HttpServer: GET /api/health
[2026-08-10 03:34:00] [INFO] HlsMuxer: closed segment 11: duration=1.97s, packets_total=667
[2026-08-10 03:34:00] [INFO] HlsMuxer: closed segment 10: duration=1.97s, packets_total=604
[2026-08-10 03:34:00] [INFO] HlsMuxer: closed segment 10: duration=1.97s, packets_total=606
[2026-08-10 03:34:00] [INFO] HlsMuxer: starting segment 11: /tmp/hls_output/camera-31/segment_000011.ts
[2026-08-10 03:34:00] [INFO] HlsMuxer: starting segment 11: /tmp/hls_output/camera-32/segment_000011.ts
[2026-08-10 03:34:00] [INFO] HlsMuxer: starting segment 12: /tmp/hls_output/camera-11/segment_000012.ts
[2026-08-10 03:34:00] [INFO] HlsMuxer: wrote segment header with codec=video
[2026-08-10 03:34:00] [INFO] HlsMuxer: wrote segment header with codec=video
[2026-08-10 03:34:00] [INFO] HlsMuxer: wrote segment header with codec=video
[2026-08-10 03:34:00] [INFO] StreamWorker[camera-34] processed 600 video packets (segments=9)
[2026-08-10 03:34:00] [INFO] StreamWorker[camera-1] processed 700 video packets (segments=11)
[2026-08-10 03:34:00] [INFO] StreamWorker[camera-35] processed 600 video packets (segments=9)
[2026-08-10 03:34:00] [INFO] HttpServer: GET /api/health
[2026-08-10 03:34:00] [INFO] HlsMuxer: closed segment 10: duration=1.93s, packets_total=605
[2026-08-10 03:34:00] [INFO] HlsMuxer: closed segment 11: duration=1.93s, packets_total=668
[2026-08-10 03:34:00] [INFO] HlsMuxer: closed segment 11: duration=1.93s, packets_total=666
[2026-08-10 03:34:00] [INFO] HlsMuxer: closed segment 10: duration=1.93s, packets_total=603
[2026-08-10 03:34:00] [INFO] HlsMuxer: closed segment 11: duration=1.93s, packets_total=663
[2026-08-10 03:34:00] [INFO] HlsMuxer: starting segment 11: /tmp/hls_output/camera-33/segment_000011.ts
[2026-08-10 03:34:00] [INFO] HlsMuxer: starting segment 12: /tmp/hls_output/camera-12/segment_000012.ts
[2026-08-10 03:34:00] [INFO] HlsMuxer: wrote segment header with codec=video
[2026-08-10 03:34:00] [INFO] HlsMuxer: wrote segment header with codec=video
[2026-08-10 03:34:00] [INFO] HlsMuxer: starting segment 11: /tmp/hls_output/camera-34/segment_000011.ts
[2026-08-10 03:34:00] [INFO] HlsMuxer: starting segment 12: /tmp/hls_output/camera-13/segment_000012.ts
[2026-08-10 03:34:00] [INFO] HlsMuxer: wrote segment header with codec=video
[2026-08-10 03:34:00] [INFO] HlsMuxer: wrote segment header with codec=video
[2026-08-10 03:34:00] [INFO] HlsMuxer: starting segment 12: /tmp/hls_output/camera-14/segment_000012.ts
[2026-08-10 03:34:00] [INFO] HlsMuxer: wrote segment header with codec=video
[2026-08-10 03:34:00] [INFO] StreamWorker[camera-2] processed 700 video packets (segments=11)
[2026-08-10 03:34:00] [INFO] HttpServer: GET /api/health
[2026-08-10 03:34:00] [INFO] Multi-stream status: 50 active, 0 error, total_reconnects=0, packets_written=31542
[2026-08-10 03:34:00] [INFO] StreamWorker[camera-3] processed 700 video packets (segments=11)
[2026-08-10 03:34:00] [INFO] StreamWorker[camera-36] processed 600 video packets (segments=9)
[2026-08-10 03:34:00] [INFO] StreamWorker[camera-37] processed 600 video packets (segments=9)
[2026-08-10 03:34:00] [INFO] HttpServer: GET /api/health
[2026-08-10 03:34:01] [INFO] StreamWorker[camera-4] processed 700 video packets (segments=11)
[2026-08-10 03:34:01] [INFO] StreamWorker[camera-38] processed 600 video packets (segments=9)
[2026-08-10 03:34:01] [INFO] HlsMuxer: closed segment 11: duration=1.90s, packets_total=668
[2026-08-10 03:34:01] [INFO] HlsMuxer: closed segment 10: duration=1.90s, packets_total=609
[2026-08-10 03:34:01] [INFO] HttpServer: GET /api/health
[2026-08-10 03:34:01] [INFO] HlsMuxer: starting segment 12: /tmp/hls_output/camera-15/segment_000012.ts
[2026-08-10 03:34:01] [INFO] HlsMuxer: wrote segment header with codec=video
[2026-08-10 03:34:01] [INFO] HlsMuxer: starting segment 11: /tmp/hls_output/camera-35/segment_000011.ts
[2026-08-10 03:34:01] [INFO] HlsMuxer: wrote segment header with codec=video
[2026-08-10 03:34:01] [INFO] StreamWorker[camera-5] processed 700 video packets (segments=11)
[2026-08-10 03:34:01] [INFO] StreamWorker[camera-39] processed 600 video packets (segments=9)
[2026-08-10 03:34:01] [INFO] StreamWorker[camera-6] processed 700 video packets (segments=11)
[2026-08-10 03:34:01] [INFO] HttpServer: GET /api/health
[2026-08-10 03:34:01] [INFO] StreamWorker[camera-40] processed 600 video packets (segments=9)
[2026-08-10 03:34:01] [INFO] StreamWorker[camera-7] processed 700 video packets (segments=11)
[2026-08-10 03:34:01] [INFO] HttpServer: GET /api/health
[2026-08-10 03:34:01] [INFO] Multi-stream status: 50 active, 0 error, total_reconnects=0, packets_written=32292
[2026-08-10 03:34:01] [INFO] HlsMuxer: closed segment 11: duration=1.97s, packets_total=672
[2026-08-10 03:34:01] [INFO] HlsMuxer: closed segment 11: duration=1.97s, packets_total=675
[2026-08-10 03:34:01] [INFO] HlsMuxer: closed segment 10: duration=1.97s, packets_total=614
[2026-08-10 03:34:01] [INFO] HlsMuxer: closed segment 11: duration=1.97s, packets_total=668
[2026-08-10 03:34:01] [INFO] HlsMuxer: starting segment 12: /tmp/hls_output/camera-18/segment_000012.ts
[2026-08-10 03:34:01] [INFO] HlsMuxer: wrote segment header with codec=video
[2026-08-10 03:34:01] [INFO] HlsMuxer: closed segment 10: duration=1.93s, packets_total=603
[2026-08-10 03:34:01] [INFO] HlsMuxer: closed segment 10: duration=1.93s, packets_total=599
[2026-08-10 03:34:01] [INFO] HlsMuxer: starting segment 11: /tmp/hls_output/camera-40/segment_000011.ts
[2026-08-10 03:34:01] [INFO] HlsMuxer: wrote segment header with codec=video
[2026-08-10 03:34:01] [INFO] HlsMuxer: closed segment 11: duration=1.93s, packets_total=660
[2026-08-10 03:34:01] [INFO] HlsMuxer: starting segment 12: /tmp/hls_output/camera-21/segment_000012.ts
[2026-08-10 03:34:01] [INFO] HlsMuxer: closed segment 10: duration=1.97s, packets_total=608
[2026-08-10 03:34:01] [INFO] HlsMuxer: wrote segment header with codec=video
[2026-08-10 03:34:01] [INFO] HlsMuxer: closed segment 10: duration=1.93s, packets_total=605
[2026-08-10 03:34:01] [INFO] HlsMuxer: closed segment 67: duration=1.93s, packets_total=719
[2026-08-10 03:34:01] [INFO] HlsMuxer: starting segment 12: /tmp/hls_output/camera-16/segment_000012.ts
[2026-08-10 03:34:01] [INFO] HlsMuxer: wrote segment header with codec=video
[2026-08-10 03:34:01] [INFO] HlsMuxer: starting segment 11: /tmp/hls_output/camera-38/segment_000011.ts
[2026-08-10 03:34:01] [INFO] HlsMuxer: starting segment 68: /tmp/hls_output/camera-1/segment_000068.ts
[2026-08-10 03:34:01] [INFO] HlsMuxer: wrote segment header with codec=video
[2026-08-10 03:34:01] [INFO] HlsMuxer: wrote segment header with codec=video
[2026-08-10 03:34:01] [INFO] StreamWorker[camera-8] processed 700 video packets (segments=11)
[2026-08-10 03:34:01] [INFO] HlsMuxer: closed segment 10: duration=1.97s, packets_total=611
[2026-08-10 03:34:01] [INFO] HlsMuxer: starting segment 11: /tmp/hls_output/camera-36/segment_000011.ts
[2026-08-10 03:34:01] [INFO] HlsMuxer: starting segment 11: /tmp/hls_output/camera-41/segment_000011.ts
[2026-08-10 03:34:01] [INFO] HlsMuxer: wrote segment header with codec=video
[2026-08-10 03:34:01] [INFO] HlsMuxer: wrote segment header with codec=video
[2026-08-10 03:34:01] [INFO] StreamWorker[camera-41] processed 600 video packets (segments=10)
[2026-08-10 03:34:01] [INFO] HlsMuxer: starting segment 11: /tmp/hls_output/camera-37/segment_000011.ts
[2026-08-10 03:34:01] [INFO] HlsMuxer: wrote segment header with codec=video
[2026-08-10 03:34:01] [INFO] HlsMuxer: starting segment 11: /tmp/hls_output/camera-39/segment_000011.ts
[2026-08-10 03:34:01] [INFO] HlsMuxer: wrote segment header with codec=video
[2026-08-10 03:34:01] [INFO] HlsMuxer: starting segment 12: /tmp/hls_output/camera-17/segment_000012.ts
[2026-08-10 03:34:01] [INFO] HlsMuxer: wrote segment header with codec=video
[2026-08-10 03:34:01] [INFO] HlsMuxer: closed segment 11: duration=1.97s, packets_total=664
[2026-08-10 03:34:01] [INFO] HlsMuxer: closed segment 11: duration=1.97s, packets_total=667
[2026-08-10 03:34:01] [INFO] HlsMuxer: starting segment 12: /tmp/hls_output/camera-20/segment_000012.ts
[2026-08-10 03:34:01] [INFO] HlsMuxer: starting segment 12: /tmp/hls_output/camera-19/segment_000012.ts
[2026-08-10 03:34:01] [INFO] HlsMuxer: wrote segment header with codec=video
[2026-08-10 03:34:01] [INFO] HlsMuxer: wrote segment header with codec=video
[2026-08-10 03:34:01] [INFO] HttpServer: GET /api/health
[2026-08-10 03:34:01] [INFO] StreamWorker[camera-42] processed 600 video packets (segments=9)
[2026-08-10 03:34:01] [INFO] StreamWorker[camera-9] processed 700 video packets (segments=11)
[2026-08-10 03:34:01] [INFO] StreamWorker[camera-43] processed 600 video packets (segments=9)
[2026-08-10 03:34:01] [INFO] HttpServer: GET /api/health
[2026-08-10 03:34:01] [INFO] StreamWorker[camera-10] processed 700 video packets (segments=11)
[2026-08-10 03:34:01] [INFO] StreamWorker[camera-44] processed 600 video packets (segments=9)
[2026-08-10 03:34:01] [INFO] StreamWorker[camera-11] processed 700 video packets (segments=11)
[2026-08-10 03:34:01] [INFO] HttpServer: GET /api/health
[2026-08-10 03:34:01] [INFO] StreamWorker[camera-45] processed 600 video packets (segments=9)
[2026-08-10 03:34:01] [INFO] HlsMuxer: closed segment 10: duration=1.97s, packets_total=605
[2026-08-10 03:34:01] [INFO] HlsMuxer: closed segment 49: duration=1.97s, packets_total=727
[2026-08-10 03:34:01] [INFO] HlsMuxer: closed segment 11: duration=1.97s, packets_total=664
[2026-08-10 03:34:01] [INFO] HlsMuxer: closed segment 10: duration=1.97s, packets_total=607
[2026-08-10 03:34:01] [INFO] HlsMuxer: closed segment 11: duration=1.97s, packets_total=667
[2026-08-10 03:34:01] [INFO] HlsMuxer: starting segment 11: /tmp/hls_output/camera-43/segment_000011.ts
[2026-08-10 03:34:01] [INFO] HlsMuxer: starting segment 11: /tmp/hls_output/camera-42/segment_000011.ts
[2026-08-10 03:34:01] [INFO] HlsMuxer: wrote segment header with codec=video
[2026-08-10 03:34:01] [INFO] HlsMuxer: wrote segment header with codec=video
[2026-08-10 03:34:01] [INFO] HlsMuxer: starting segment 12: /tmp/hls_output/camera-23/segment_000012.ts
[2026-08-10 03:34:01] [INFO] HlsMuxer: starting segment 50: /tmp/hls_output/camera-2/segment_000050.ts
[2026-08-10 03:34:01] [INFO] HlsMuxer: wrote segment header with codec=video
[2026-08-10 03:34:01] [INFO] HlsMuxer: starting segment 12: /tmp/hls_output/camera-22/segment_000012.ts
[2026-08-10 03:34:01] [INFO] HlsMuxer: wrote segment header with codec=video
[2026-08-10 03:34:01] [INFO] HlsMuxer: wrote segment header with codec=video
[2026-08-10 03:34:01] [INFO] StreamWorker[camera-12] processed 700 video packets (segments=11)
[2026-08-10 03:34:01] [INFO] HttpServer: GET /api/health
[2026-08-10 03:34:01] [INFO] StreamWorker[camera-46] processed 600 video packets (segments=9)
[2026-08-10 03:34:01] [INFO] Multi-stream status: 50 active, 0 error, total_reconnects=0, packets_written=33042
[2026-08-10 03:34:01] [INFO] StreamWorker[camera-13] processed 700 video packets (segments=11)
[2026-08-10 03:34:01] [INFO] HlsMuxer: closed segment 10: duration=1.90s, packets_total=602
[2026-08-10 03:34:01] [INFO] HlsMuxer: closed segment 11: duration=1.90s, packets_total=662
[2026-08-10 03:34:01] [INFO] HlsMuxer: closed segment 49: duration=1.90s, packets_total=729
[2026-08-10 03:34:01] [INFO] HlsMuxer: starting segment 11: /tmp/hls_output/camera-45/segment_000011.ts
[2026-08-10 03:34:01] [INFO] HlsMuxer: starting segment 50: /tmp/hls_output/camera-3/segment_000050.ts
[2026-08-10 03:34:01] [INFO] HlsMuxer: starting segment 12: /tmp/hls_output/camera-25/segment_000012.ts
[2026-08-10 03:34:01] [INFO] HlsMuxer: wrote segment header with codec=video
[2026-08-10 03:34:01] [INFO] HlsMuxer: wrote segment header with codec=video
[2026-08-10 03:34:01] [INFO] HlsMuxer: wrote segment header with codec=video
[2026-08-10 03:34:01] [INFO] HlsMuxer: closed segment 10: duration=2.00s, packets_total=606
[2026-08-10 03:34:01] [INFO] HlsMuxer: closed segment 11: duration=2.00s, packets_total=667
[2026-08-10 03:34:01] [INFO] HlsMuxer: closed segment 49: duration=2.00s, packets_total=726
[2026-08-10 03:34:01] [INFO] HlsMuxer: starting segment 11: /tmp/hls_output/camera-44/segment_000011.ts
[2026-08-10 03:34:01] [INFO] HlsMuxer: starting segment 12: /tmp/hls_output/camera-24/segment_000012.ts
[2026-08-10 03:34:01] [INFO] HlsMuxer: starting segment 50: /tmp/hls_output/camera-4/segment_000050.ts
[2026-08-10 03:34:01] [INFO] HlsMuxer: wrote segment header with codec=video
[2026-08-10 03:34:01] [INFO] HlsMuxer: wrote segment header with codec=video
[2026-08-10 03:34:01] [INFO] HlsMuxer: wrote segment header with codec=video
[2026-08-10 03:34:01] [INFO] HttpServer: GET /api/health
[2026-08-10 03:34:01] [INFO] StreamWorker[camera-14] processed 700 video packets (segments=11)
[2026-08-10 03:34:01] [INFO] StreamWorker[camera-47] processed 600 video packets (segments=9)
[2026-08-10 03:34:02] [INFO] HttpServer: GET /api/health
[2026-08-10 03:34:02] [INFO] StreamWorker[camera-48] processed 600 video packets (segments=9)
[2026-08-10 03:34:02] [INFO] HlsMuxer: closed segment 49: duration=1.97s, packets_total=729
[2026-08-10 03:34:02] [INFO] HlsMuxer: closed segment 11: duration=1.97s, packets_total=666
[2026-08-10 03:34:02] [INFO] HlsMuxer: closed segment 31: duration=1.97s, packets_total=726
[2026-08-10 03:34:02] [INFO] HlsMuxer: starting segment 50: /tmp/hls_output/camera-5/segment_000050.ts
[2026-08-10 03:34:02] [INFO] HlsMuxer: closed segment 10: duration=1.97s, packets_total=607
[2026-08-10 03:34:02] [INFO] HlsMuxer: wrote segment header with codec=video
[2026-08-10 03:34:02] [INFO] StreamWorker[camera-15] processed 700 video packets (segments=11)
[2026-08-10 03:34:02] [INFO] HlsMuxer: starting segment 12: /tmp/hls_output/camera-26/segment_000012.ts
[2026-08-10 03:34:02] [INFO] HlsMuxer: starting segment 11: /tmp/hls_output/camera-46/segment_000011.ts
[2026-08-10 03:34:02] [INFO] HlsMuxer: wrote segment header with codec=video
[2026-08-10 03:34:02] [INFO] HlsMuxer: wrote segment header with codec=video
[2026-08-10 03:34:02] [INFO] HlsMuxer: starting segment 32: /tmp/hls_output/camera-6/segment_000032.ts
[2026-08-10 03:34:02] [INFO] HlsMuxer: wrote segment header with codec=video
[2026-08-10 03:34:02] [INFO] HttpServer: GET /api/health
[2026-08-10 03:34:02] [INFO] StreamWorker[camera-49] processed 600 video packets (segments=9)
[2026-08-10 03:34:02] [INFO] StreamWorker[camera-16] processed 700 video packets (segments=11)
[2026-08-10 03:34:02] [INFO] HlsMuxer: closed segment 11: duration=1.90s, packets_total=667
[2026-08-10 03:34:02] [INFO] StreamWorker[camera-50] processed 600 video packets (segments=9)
[2026-08-10 03:34:02] [INFO] HlsMuxer: closed segment 10: duration=1.90s, packets_total=607
[2026-08-10 03:34:02] [INFO] HlsMuxer: starting segment 12: /tmp/hls_output/camera-27/segment_000012.ts
[2026-08-10 03:34:02] [INFO] HlsMuxer: wrote segment header with codec=video
[2026-08-10 03:34:02] [INFO] HlsMuxer: starting segment 11: /tmp/hls_output/camera-47/segment_000011.ts
[2026-08-10 03:34:02] [INFO] HlsMuxer: wrote segment header with codec=video
[2026-08-10 03:34:02] [INFO] HttpServer: GET /api/health
[2026-08-10 03:34:02] [INFO] StreamWorker[camera-17] processed 700 video packets (segments=11)
[2026-08-10 03:34:02] [INFO] HlsMuxer: closed segment 31: duration=1.87s, packets_total=729
[2026-08-10 03:34:02] [INFO] HlsMuxer: closed segment 10: duration=1.87s, packets_total=608
[2026-08-10 03:34:02] [INFO] HlsMuxer: closed segment 11: duration=1.87s, packets_total=663
[2026-08-10 03:34:02] [INFO] HlsMuxer: closed segment 11: duration=1.87s, packets_total=668
[2026-08-10 03:34:02] [INFO] HlsMuxer: closed segment 10: duration=1.87s, packets_total=605
[2026-08-10 03:34:02] [INFO] HlsMuxer: closed segment 31: duration=1.87s, packets_total=731
[2026-08-10 03:34:02] [INFO] HlsMuxer: starting segment 12: /tmp/hls_output/camera-30/segment_000012.ts
[2026-08-10 03:34:02] [INFO] HlsMuxer: starting segment 12: /tmp/hls_output/camera-28/segment_000012.ts
[2026-08-10 03:34:02] [INFO] HlsMuxer: starting segment 11: /tmp/hls_output/camera-48/segment_000011.ts
[2026-08-10 03:34:02] [INFO] HlsMuxer: starting segment 32: /tmp/hls_output/camera-8/segment_000032.ts
[2026-08-10 03:34:02] [INFO] HlsMuxer: starting segment 11: /tmp/hls_output/camera-49/segment_000011.ts
[2026-08-10 03:34:02] [INFO] HlsMuxer: starting segment 32: /tmp/hls_output/camera-7/segment_000032.ts
[2026-08-10 03:34:02] [INFO] HlsMuxer: wrote segment header with codec=video
[2026-08-10 03:34:02] [INFO] HlsMuxer: wrote segment header with codec=video
[2026-08-10 03:34:02] [INFO] HlsMuxer: wrote segment header with codec=video
[2026-08-10 03:34:02] [INFO] HlsMuxer: wrote segment header with codec=video
[2026-08-10 03:34:02] [INFO] HlsMuxer: wrote segment header with codec=video
[2026-08-10 03:34:02] [INFO] HlsMuxer: closed segment 10: duration=1.87s, packets_total=603
[2026-08-10 03:34:02] [INFO] HlsMuxer: wrote segment header with codec=video
[2026-08-10 03:34:02] [INFO] HlsMuxer: starting segment 11: /tmp/hls_output/camera-50/segment_000011.ts
[2026-08-10 03:34:02] [INFO] HlsMuxer: wrote segment header with codec=video
[2026-08-10 03:34:02] [INFO] Multi-stream status: 50 active, 0 error, total_reconnects=0, packets_written=33842
[2026-08-10 03:34:02] [INFO] HttpServer: GET /api/health
[2026-08-10 03:34:02] [INFO] StreamWorker[camera-18] processed 700 video packets (segments=11)
[2026-08-10 03:34:02] [INFO] HlsMuxer: closed segment 11: duration=2.00s, packets_total=666
[2026-08-10 03:34:02] [INFO] HlsMuxer: starting segment 12: /tmp/hls_output/camera-29/segment_000012.ts
[2026-08-10 03:34:02] [INFO] HlsMuxer: wrote segment header with codec=video
[2026-08-10 03:34:02] [INFO] StreamWorker[camera-19] processed 700 video packets (segments=11)
[2026-08-10 03:34:02] [INFO] HlsMuxer: closed segment 31: duration=1.90s, packets_total=729
[2026-08-10 03:34:02] [INFO] HlsMuxer: closed segment 31: duration=1.90s, packets_total=726
[2026-08-10 03:34:02] [INFO] HlsMuxer: starting segment 32: /tmp/hls_output/camera-9/segment_000032.ts
[2026-08-10 03:34:02] [INFO] HlsMuxer: starting segment 32: /tmp/hls_output/camera-10/segment_000032.ts
[2026-08-10 03:34:02] [INFO] HlsMuxer: wrote segment header with codec=video
[2026-08-10 03:34:02] [INFO] HlsMuxer: wrote segment header with codec=video
[2026-08-10 03:34:02] [INFO] HttpServer: GET /api/health
[2026-08-10 03:34:02] [INFO] StreamWorker[camera-20] processed 700 video packets (segments=11)
[2026-08-10 03:34:02] [INFO] HlsMuxer: closed segment 11: duration=1.93s, packets_total=667
[2026-08-10 03:34:02] [INFO] HlsMuxer: closed segment 11: duration=1.93s, packets_total=665
[2026-08-10 03:34:02] [INFO] HlsMuxer: closed segment 12: duration=1.93s, packets_total=728
[2026-08-10 03:34:02] [INFO] HlsMuxer: starting segment 12: /tmp/hls_output/camera-31/segment_000012.ts
[2026-08-10 03:34:02] [INFO] HlsMuxer: wrote segment header with codec=video
[2026-08-10 03:34:02] [INFO] HlsMuxer: starting segment 12: /tmp/hls_output/camera-32/segment_000012.ts
[2026-08-10 03:34:02] [INFO] HlsMuxer: starting segment 13: /tmp/hls_output/camera-11/segment_000013.ts
[2026-08-10 03:34:02] [INFO] HlsMuxer: wrote segment header with codec=video
[2026-08-10 03:34:02] [INFO] HlsMuxer: wrote segment header with codec=video
[2026-08-10 03:34:02] [INFO] HttpServer: GET /api/health
[2026-08-10 03:34:02] [INFO] StreamWorker[camera-21] processed 700 video packets (segments=11)
[2026-08-10 03:34:02] [INFO] HlsMuxer: closed segment 11: duration=1.90s, packets_total=663
[2026-08-10 03:34:02] [INFO] HlsMuxer: closed segment 12: duration=1.90s, packets_total=726
[2026-08-10 03:34:02] [INFO] HlsMuxer: starting segment 13: /tmp/hls_output/camera-13/segment_000013.ts
[2026-08-10 03:34:02] [INFO] HlsMuxer: starting segment 12: /tmp/hls_output/camera-34/segment_000012.ts
[2026-08-10 03:34:02] [INFO] HlsMuxer: wrote segment header with codec=video
[2026-08-10 03:34:02] [INFO] HlsMuxer: wrote segment header with codec=video
[2026-08-10 03:34:02] [INFO] HlsMuxer: closed segment 12: duration=1.90s, packets_total=728
[2026-08-10 03:34:02] [INFO] HlsMuxer: closed segment 12: duration=1.90s, packets_total=723
[2026-08-10 03:34:02] [INFO] HlsMuxer: closed segment 11: duration=1.90s, packets_total=665
[2026-08-10 03:34:02] [INFO] HlsMuxer: starting segment 13: /tmp/hls_output/camera-12/segment_000013.ts
[2026-08-10 03:34:02] [INFO] HlsMuxer: starting segment 13: /tmp/hls_output/camera-14/segment_000013.ts
[2026-08-10 03:34:02] [INFO] HlsMuxer: starting segment 12: /tmp/hls_output/camera-33/segment_000012.ts
[2026-08-10 03:34:02] [INFO] HlsMuxer: wrote segment header with codec=video
[2026-08-10 03:34:02] [INFO] HlsMuxer: wrote segment header with codec=video
[2026-08-10 03:34:02] [INFO] HlsMuxer: wrote segment header with codec=video
[2026-08-10 03:34:02] [INFO] HttpServer: GET /api/health
[2026-08-10 03:34:02] [INFO] StreamWorker[camera-22] processed 700 video packets (segments=11)
[2026-08-10 03:34:02] [INFO] HttpServer: GET /api/health
[2026-08-10 03:34:02] [INFO] Multi-stream status: 50 active, 0 error, total_reconnects=0, packets_written=34592
[2026-08-10 03:34:02] [INFO] StreamWorker[camera-23] processed 700 video packets (segments=11)
[2026-08-10 03:34:02] [INFO] StreamWorker[camera-24] processed 700 video packets (segments=11)
[2026-08-10 03:34:02] [INFO] HttpServer: GET /api/health
[2026-08-10 03:34:03] [INFO] StreamWorker[camera-25] processed 700 video packets (segments=11)
[2026-08-10 03:34:03] [INFO] HttpServer: GET /api/health
[2026-08-10 03:34:03] [INFO] HlsMuxer: closed segment 12: duration=1.97s, packets_total=731
[2026-08-10 03:34:03] [INFO] HlsMuxer: closed segment 11: duration=1.97s, packets_total=672
[2026-08-10 03:34:03] [INFO] HlsMuxer: starting segment 13: /tmp/hls_output/camera-15/segment_000013.ts
[2026-08-10 03:34:03] [INFO] HlsMuxer: starting segment 12: /tmp/hls_output/camera-35/segment_000012.ts
[2026-08-10 03:34:03] [INFO] HlsMuxer: wrote segment header with codec=video
[2026-08-10 03:34:03] [INFO] HlsMuxer: wrote segment header with codec=video
[2026-08-10 03:34:03] [INFO] StreamWorker[camera-26] processed 700 video packets (segments=11)
[2026-08-10 03:34:03] [INFO] HttpServer: GET /api/health
[2026-08-10 03:34:03] [INFO] StreamWorker[camera-27] processed 700 video packets (segments=11)
[2026-08-10 03:34:03] [INFO] HttpServer: GET /api/health
[2026-08-10 03:34:03] [INFO] Multi-stream status: 50 active, 0 error, total_reconnects=0, packets_written=35342
[2026-08-10 03:34:03] [INFO] HlsMuxer: closed segment 12: duration=1.97s, packets_total=721
[2026-08-10 03:34:03] [INFO] HlsMuxer: starting segment 13: /tmp/hls_output/camera-21/segment_000013.ts
[2026-08-10 03:34:03] [INFO] HlsMuxer: wrote segment header with codec=video
[2026-08-10 03:34:03] [INFO] HlsMuxer: closed segment 11: duration=1.97s, packets_total=666
[2026-08-10 03:34:03] [INFO] HlsMuxer: closed segment 12: duration=1.97s, packets_total=736
[2026-08-10 03:34:03] [INFO] HlsMuxer: starting segment 13: /tmp/hls_output/camera-16/segment_000013.ts
[2026-08-10 03:34:03] [INFO] HlsMuxer: wrote segment header with codec=video
[2026-08-10 03:34:03] [INFO] HlsMuxer: closed segment 68: duration=1.97s, packets_total=780
[2026-08-10 03:34:03] [INFO] HlsMuxer: starting segment 69: /tmp/hls_output/camera-1/segment_000069.ts
[2026-08-10 03:34:03] [INFO] HlsMuxer: closed segment 11: duration=1.97s, packets_total=669
[2026-08-10 03:34:03] [INFO] HlsMuxer: wrote segment header with codec=video
[2026-08-10 03:34:03] [INFO] StreamWorker[camera-28] processed 700 video packets (segments=11)
[2026-08-10 03:34:03] [INFO] HlsMuxer: starting segment 12: /tmp/hls_output/camera-38/segment_000012.ts
[2026-08-10 03:34:03] [INFO] HlsMuxer: closed segment 11: duration=1.97s, packets_total=672
[2026-08-10 03:34:03] [INFO] HlsMuxer: wrote segment header with codec=video
[2026-08-10 03:34:03] [INFO] HlsMuxer: closed segment 12: duration=1.97s, packets_total=733
[2026-08-10 03:34:03] [INFO] HlsMuxer: starting segment 12: /tmp/hls_output/camera-39/segment_000012.ts
[2026-08-10 03:34:03] [INFO] HlsMuxer: closed segment 12: duration=1.97s, packets_total=729
[2026-08-10 03:34:03] [INFO] HlsMuxer: starting segment 12: /tmp/hls_output/camera-37/segment_000012.ts
[2026-08-10 03:34:03] [INFO] HlsMuxer: starting segment 13: /tmp/hls_output/camera-17/segment_000013.ts
[2026-08-10 03:34:03] [INFO] HlsMuxer: wrote segment header with codec=video
[2026-08-10 03:34:03] [INFO] HlsMuxer: wrote segment header with codec=video
[2026-08-10 03:34:03] [INFO] HlsMuxer: wrote segment header with codec=video
[2026-08-10 03:34:03] [INFO] HlsMuxer: starting segment 13: /tmp/hls_output/camera-18/segment_000013.ts
[2026-08-10 03:34:03] [INFO] HlsMuxer: wrote segment header with codec=video
[2026-08-10 03:34:03] [INFO] HlsMuxer: closed segment 11: duration=1.97s, packets_total=660
[2026-08-10 03:34:03] [INFO] HlsMuxer: closed segment 11: duration=1.97s, packets_total=664
[2026-08-10 03:34:03] [INFO] HlsMuxer: closed segment 11: duration=1.97s, packets_total=675
[2026-08-10 03:34:03] [INFO] HlsMuxer: starting segment 12: /tmp/hls_output/camera-41/segment_000012.ts
[2026-08-10 03:34:03] [INFO] HlsMuxer: starting segment 12: /tmp/hls_output/camera-40/segment_000012.ts
[2026-08-10 03:34:03] [INFO] HlsMuxer: wrote segment header with codec=video
[2026-08-10 03:34:03] [INFO] HlsMuxer: starting segment 12: /tmp/hls_output/camera-36/segment_000012.ts
[2026-08-10 03:34:03] [INFO] HlsMuxer: wrote segment header with codec=video
[2026-08-10 03:34:03] [INFO] HlsMuxer: wrote segment header with codec=video
[2026-08-10 03:34:03] [INFO] HlsMuxer: closed segment 12: duration=1.97s, packets_total=727
[2026-08-10 03:34:03] [INFO] HlsMuxer: starting segment 13: /tmp/hls_output/camera-19/segment_000013.ts
[2026-08-10 03:34:03] [INFO] HlsMuxer: wrote segment header with codec=video
[2026-08-10 03:34:03] [INFO] HlsMuxer: closed segment 12: duration=1.97s, packets_total=724
[2026-08-10 03:34:03] [INFO] HlsMuxer: starting segment 13: /tmp/hls_output/camera-20/segment_000013.ts
[2026-08-10 03:34:03] [INFO] HlsMuxer: wrote segment header with codec=video
[2026-08-10 03:34:03] [INFO] HttpServer: GET /api/health
[2026-08-10 03:34:03] [INFO] HttpServer: GET /api/health
[2026-08-10 03:34:03] [INFO] StreamWorker[camera-29] processed 700 video packets (segments=11)
[2026-08-10 03:34:03] [INFO] StreamWorker[camera-30] processed 700 video packets (segments=11)
[2026-08-10 03:34:03] [INFO] HttpServer: GET /api/health
[2026-08-10 03:34:03] [INFO] HttpServer: GET /api/health
[2026-08-10 03:34:03] [INFO] StreamWorker[camera-31] processed 700 video packets (segments=11)
[2026-08-10 03:34:03] [INFO] HlsMuxer: closed segment 50: duration=1.97s, packets_total=788
[2026-08-10 03:34:03] [INFO] HlsMuxer: closed segment 11: duration=1.97s, packets_total=666
[2026-08-10 03:34:03] [INFO] HlsMuxer: closed segment 12: duration=1.97s, packets_total=728
[2026-08-10 03:34:03] [INFO] HlsMuxer: starting segment 51: /tmp/hls_output/camera-2/segment_000051.ts
[2026-08-10 03:34:03] [INFO] HlsMuxer: starting segment 12: /tmp/hls_output/camera-43/segment_000012.ts
[2026-08-10 03:34:03] [INFO] HlsMuxer: wrote segment header with codec=video
[2026-08-10 03:34:03] [INFO] HlsMuxer: wrote segment header with codec=video
[2026-08-10 03:34:03] [INFO] HlsMuxer: closed segment 12: duration=1.97s, packets_total=725
[2026-08-10 03:34:03] [INFO] HlsMuxer: closed segment 11: duration=1.97s, packets_total=668
[2026-08-10 03:34:03] [INFO] StreamWorker[camera-32] processed 700 video packets (segments=11)
[2026-08-10 03:34:03] [INFO] HlsMuxer: starting segment 13: /tmp/hls_output/camera-22/segment_000013.ts
[2026-08-10 03:34:03] [INFO] HlsMuxer: starting segment 13: /tmp/hls_output/camera-23/segment_000013.ts
[2026-08-10 03:34:03] [INFO] HlsMuxer: wrote segment header with codec=video
[2026-08-10 03:34:03] [INFO] HlsMuxer: starting segment 12: /tmp/hls_output/camera-42/segment_000012.ts
[2026-08-10 03:34:03] [INFO] HlsMuxer: wrote segment header with codec=video
[2026-08-10 03:34:03] [INFO] HlsMuxer: wrote segment header with codec=video
[2026-08-10 03:34:03] [INFO] HttpServer: GET /api/health
[2026-08-10 03:34:03] [INFO] HlsMuxer: closed segment 50: duration=1.90s, packets_total=789
[2026-08-10 03:34:03] [INFO] HlsMuxer: closed segment 12: duration=1.90s, packets_total=722
[2026-08-10 03:34:03] [INFO] StreamWorker[camera-33] processed 700 video packets (segments=11)
[2026-08-10 03:34:03] [INFO] HlsMuxer: closed segment 11: duration=1.90s, packets_total=662
[2026-08-10 03:34:03] [INFO] HlsMuxer: closed segment 12: duration=2.00s, packets_total=727
[2026-08-10 03:34:03] [INFO] HlsMuxer: closed segment 11: duration=2.00s, packets_total=666
[2026-08-10 03:34:03] [INFO] Multi-stream status: 50 active, 0 error, total_reconnects=0, packets_written=36112
[2026-08-10 03:34:03] [INFO] HlsMuxer: starting segment 12: /tmp/hls_output/camera-44/segment_000012.ts
[2026-08-10 03:34:03] [INFO] HlsMuxer: starting segment 51: /tmp/hls_output/camera-3/segment_000051.ts
[2026-08-10 03:34:03] [INFO] HlsMuxer: starting segment 13: /tmp/hls_output/camera-24/segment_000013.ts
[2026-08-10 03:34:03] [INFO] HlsMuxer: closed segment 50: duration=2.00s, packets_total=786
[2026-08-10 03:34:03] [INFO] HlsMuxer: wrote segment header with codec=video
[2026-08-10 03:34:03] [INFO] HlsMuxer: wrote segment header with codec=video
[2026-08-10 03:34:03] [INFO] HlsMuxer: wrote segment header with codec=video
[2026-08-10 03:34:03] [INFO] HlsMuxer: starting segment 13: /tmp/hls_output/camera-25/segment_000013.ts
[2026-08-10 03:34:03] [INFO] HlsMuxer: wrote segment header with codec=video
[2026-08-10 03:34:03] [INFO] HlsMuxer: starting segment 12: /tmp/hls_output/camera-45/segment_000012.ts
[2026-08-10 03:34:03] [INFO] HlsMuxer: starting segment 51: /tmp/hls_output/camera-4/segment_000051.ts
[2026-08-10 03:34:03] [INFO] HlsMuxer: wrote segment header with codec=video
[2026-08-10 03:34:03] [INFO] HlsMuxer: wrote segment header with codec=video
[2026-08-10 03:34:03] [INFO] HttpServer: GET /api/health
[2026-08-10 03:34:03] [INFO] StreamWorker[camera-34] processed 700 video packets (segments=11)
[2026-08-10 03:34:04] [INFO] StreamWorker[camera-1] processed 800 video packets (segments=13)
[2026-08-10 03:34:04] [INFO] HttpServer: GET /api/health
[2026-08-10 03:34:04] [INFO] HlsMuxer: closed segment 50: duration=1.90s, packets_total=788
[2026-08-10 03:34:04] [INFO] HlsMuxer: closed segment 12: duration=1.90s, packets_total=725
[2026-08-10 03:34:04] [INFO] HlsMuxer: closed segment 11: duration=1.90s, packets_total=666
[2026-08-10 03:34:04] [INFO] HlsMuxer: starting segment 51: /tmp/hls_output/camera-5/segment_000051.ts
[2026-08-10 03:34:04] [INFO] HlsMuxer: starting segment 13: /tmp/hls_output/camera-26/segment_000013.ts
[2026-08-10 03:34:04] [INFO] HlsMuxer: starting segment 12: /tmp/hls_output/camera-46/segment_000012.ts
[2026-08-10 03:34:04] [INFO] HlsMuxer: wrote segment header with codec=video
[2026-08-10 03:34:04] [INFO] HlsMuxer: wrote segment header with codec=video
[2026-08-10 03:34:04] [INFO] HlsMuxer: wrote segment header with codec=video
[2026-08-10 03:34:04] [INFO] StreamWorker[camera-35] processed 700 video packets (segments=11)
[2026-08-10 03:34:04] [INFO] HlsMuxer: closed segment 32: duration=1.90s, packets_total=785
[2026-08-10 03:34:04] [INFO] HlsMuxer: starting segment 33: /tmp/hls_output/camera-6/segment_000033.ts
[2026-08-10 03:34:04] [INFO] HlsMuxer: wrote segment header with codec=video
[2026-08-10 03:34:04] [INFO] StreamWorker[camera-2] processed 800 video packets (segments=13)
[2026-08-10 03:34:04] [INFO] HttpServer: GET /api/health
[2026-08-10 03:34:04] [INFO] StreamWorker[camera-36] processed 700 video packets (segments=11)
[2026-08-10 03:34:04] [INFO] StreamWorker[camera-3] processed 800 video packets (segments=13)
[2026-08-10 03:34:04] [INFO] HlsMuxer: closed segment 11: duration=1.90s, packets_total=668
[2026-08-10 03:34:04] [INFO] HlsMuxer: closed segment 12: duration=1.90s, packets_total=728
[2026-08-10 03:34:04] [INFO] HlsMuxer: starting segment 13: /tmp/hls_output/camera-27/segment_000013.ts
[2026-08-10 03:34:04] [INFO] HlsMuxer: starting segment 12: /tmp/hls_output/camera-47/segment_000012.ts
[2026-08-10 03:34:04] [INFO] HlsMuxer: wrote segment header with codec=video
[2026-08-10 03:34:04] [INFO] HlsMuxer: wrote segment header with codec=video
[2026-08-10 03:34:04] [INFO] HttpServer: GET /api/health
[2026-08-10 03:34:04] [INFO] StreamWorker[camera-37] processed 700 video packets (segments=11)
[2026-08-10 03:34:04] [INFO] StreamWorker[camera-4] processed 800 video packets (segments=13)
[2026-08-10 03:34:04] [INFO] StreamWorker[camera-38] processed 700 video packets (segments=11)
[2026-08-10 03:34:04] [INFO] HlsMuxer: closed segment 12: duration=1.90s, packets_total=729
[2026-08-10 03:34:04] [INFO] HlsMuxer: closed segment 11: duration=1.90s, packets_total=664
[2026-08-10 03:34:04] [INFO] HlsMuxer: closed segment 11: duration=1.90s, packets_total=666
[2026-08-10 03:34:04] [INFO] HlsMuxer: closed segment 32: duration=1.90s, packets_total=790
[2026-08-10 03:34:04] [INFO] HlsMuxer: closed segment 11: duration=1.90s, packets_total=669
[2026-08-10 03:34:04] [INFO] HlsMuxer: closed segment 12: duration=1.90s, packets_total=724
[2026-08-10 03:34:04] [INFO] HlsMuxer: closed segment 32: duration=1.90s, packets_total=792
[2026-08-10 03:34:04] [INFO] HlsMuxer: starting segment 12: /tmp/hls_output/camera-50/segment_000012.ts
[2026-08-10 03:34:04] [INFO] HlsMuxer: starting segment 12: /tmp/hls_output/camera-48/segment_000012.ts
[2026-08-10 03:34:04] [INFO] HlsMuxer: starting segment 33: /tmp/hls_output/camera-7/segment_000033.ts
[2026-08-10 03:34:04] [INFO] HlsMuxer: starting segment 12: /tmp/hls_output/camera-49/segment_000012.ts
[2026-08-10 03:34:04] [INFO] HlsMuxer: wrote segment header with codec=video
[2026-08-10 03:34:04] [INFO] HlsMuxer: wrote segment header with codec=video
[2026-08-10 03:34:04] [INFO] HlsMuxer: wrote segment header with codec=video
[2026-08-10 03:34:04] [INFO] HlsMuxer: starting segment 13: /tmp/hls_output/camera-28/segment_000013.ts
[2026-08-10 03:34:04] [INFO] HlsMuxer: wrote segment header with codec=video
[2026-08-10 03:34:04] [INFO] HlsMuxer: starting segment 13: /tmp/hls_output/camera-30/segment_000013.ts
[2026-08-10 03:34:04] [INFO] HlsMuxer: wrote segment header with codec=video
[2026-08-10 03:34:04] [INFO] HlsMuxer: wrote segment header with codec=video
[2026-08-10 03:34:04] [INFO] HlsMuxer: starting segment 33: /tmp/hls_output/camera-8/segment_000033.ts
[2026-08-10 03:34:04] [INFO] HlsMuxer: wrote segment header with codec=video
[2026-08-10 03:34:04] [INFO] Multi-stream status: 50 active, 0 error, total_reconnects=0, packets_written=36892
[2026-08-10 03:34:04] [INFO] HttpServer: GET /api/health
[2026-08-10 03:34:04] [INFO] StreamWorker[camera-5] processed 800 video packets (segments=13)
[2026-08-10 03:34:04] [INFO] HlsMuxer: closed segment 12: duration=2.00s, packets_total=727
[2026-08-10 03:34:04] [INFO] HlsMuxer: starting segment 13: /tmp/hls_output/camera-29/segment_000013.ts
[2026-08-10 03:34:04] [INFO] HlsMuxer: wrote segment header with codec=video
[2026-08-10 03:34:04] [INFO] StreamWorker[camera-39] processed 700 video packets (segments=11)
[2026-08-10 03:34:04] [INFO] StreamWorker[camera-6] processed 800 video packets (segments=13)
[2026-08-10 03:34:04] [INFO] HttpServer: GET /api/health
[2026-08-10 03:34:04] [INFO] StreamWorker[camera-40] processed 700 video packets (segments=11)
[2026-08-10 03:34:04] [INFO] HlsMuxer: closed segment 13: duration=1.90s, packets_total=787
[2026-08-10 03:34:04] [INFO] HlsMuxer: closed segment 32: duration=1.97s, packets_total=792
[2026-08-10 03:34:04] [INFO] HlsMuxer: closed segment 12: duration=1.90s, packets_total=726
[2026-08-10 03:34:04] [INFO] HlsMuxer: starting segment 14: /tmp/hls_output/camera-11/segment_000014.ts
[2026-08-10 03:34:04] [INFO] HlsMuxer: starting segment 33: /tmp/hls_output/camera-9/segment_000033.ts
[2026-08-10 03:34:04] [INFO] HlsMuxer: wrote segment header with codec=video
[2026-08-10 03:34:04] [INFO] HlsMuxer: starting segment 13: /tmp/hls_output/camera-31/segment_000013.ts
[2026-08-10 03:34:04] [INFO] HlsMuxer: wrote segment header with codec=video
[2026-08-10 03:34:04] [INFO] HlsMuxer: wrote segment header with codec=video
[2026-08-10 03:34:04] [INFO] HlsMuxer: closed segment 32: duration=1.97s, packets_total=789
[2026-08-10 03:34:04] [INFO] HlsMuxer: closed segment 12: duration=1.90s, packets_total=724
[2026-08-10 03:34:04] [INFO] HlsMuxer: starting segment 33: /tmp/hls_output/camera-10/segment_000033.ts
[2026-08-10 03:34:04] [INFO] HlsMuxer: wrote segment header with codec=video
[2026-08-10 03:34:04] [INFO] HlsMuxer: starting segment 13: /tmp/hls_output/camera-32/segment_000013.ts
[2026-08-10 03:34:04] [INFO] HlsMuxer: wrote segment header with codec=video
[2026-08-10 03:34:04] [INFO] StreamWorker[camera-7] processed 800 video packets (segments=13)
[2026-08-10 03:34:04] [INFO] HttpServer: GET /api/health
[2026-08-10 03:34:04] [INFO] StreamWorker[camera-41] processed 700 video packets (segments=11)
[2026-08-10 03:34:04] [INFO] StreamWorker[camera-8] processed 800 video packets (segments=13)
[2026-08-10 03:34:04] [INFO] HttpServer: GET /api/health
[2026-08-10 03:34:04] [INFO] StreamWorker[camera-9] processed 800 video packets (segments=13)
[2026-08-10 03:34:04] [INFO] StreamWorker[camera-42] processed 700 video packets (segments=11)
[2026-08-10 03:34:04] [INFO] HlsMuxer: closed segment 12: duration=1.97s, packets_total=728
[2026-08-10 03:34:04] [INFO] HlsMuxer: closed segment 13: duration=1.97s, packets_total=789
[2026-08-10 03:34:04] [INFO] HlsMuxer: closed segment 13: duration=1.97s, packets_total=786
[2026-08-10 03:34:04] [INFO] StreamWorker[camera-43] processed 700 video packets (segments=11)
[2026-08-10 03:34:04] [INFO] HlsMuxer: starting segment 13: /tmp/hls_output/camera-33/segment_000013.ts
[2026-08-10 03:34:04] [INFO] HlsMuxer: starting segment 14: /tmp/hls_output/camera-14/segment_000014.ts
[2026-08-10 03:34:04] [INFO] HlsMuxer: wrote segment header with codec=video
[2026-08-10 03:34:04] [INFO] HlsMuxer: wrote segment header with codec=video
[2026-08-10 03:34:04] [INFO] HlsMuxer: closed segment 12: duration=1.97s, packets_total=726
[2026-08-10 03:34:04] [INFO] HlsMuxer: starting segment 13: /tmp/hls_output/camera-34/segment_000013.ts
[2026-08-10 03:34:04] [INFO] HlsMuxer: wrote segment header with codec=video
[2026-08-10 03:34:04] [INFO] HlsMuxer: starting segment 14: /tmp/hls_output/camera-13/segment_000014.ts
[2026-08-10 03:34:04] [INFO] HlsMuxer: wrote segment header with codec=video
[2026-08-10 03:34:04] [INFO] HlsMuxer: closed segment 13: duration=1.97s, packets_total=791
[2026-08-10 03:34:04] [INFO] HlsMuxer: starting segment 14: /tmp/hls_output/camera-12/segment_000014.ts
[2026-08-10 03:34:04] [INFO] HlsMuxer: wrote segment header with codec=video
[2026-08-10 03:34:04] [INFO] Multi-stream status: 50 active, 0 error, total_reconnects=0, packets_written=37642
[2026-08-10 03:34:04] [INFO] HttpServer: GET /api/health
[2026-08-10 03:34:04] [INFO] StreamWorker[camera-10] processed 800 video packets (segments=13)
[2026-08-10 03:34:05] [INFO] StreamWorker[camera-11] processed 800 video packets (segments=13)
[2026-08-10 03:34:05] [INFO] StreamWorker[camera-44] processed 700 video packets (segments=11)
[2026-08-10 03:34:05] [INFO] HttpServer: GET /api/health
[2026-08-10 03:34:05] [INFO] StreamWorker[camera-12] processed 800 video packets (segments=13)
[2026-08-10 03:34:05] [INFO] StreamWorker[camera-45] processed 700 video packets (segments=11)
[2026-08-10 03:34:05] [INFO] HttpServer: GET /api/health
[2026-08-10 03:34:05] [INFO] StreamWorker[camera-46] processed 700 video packets (segments=11)
[2026-08-10 03:34:05] [INFO] StreamWorker[camera-13] processed 800 video packets (segments=13)
[2026-08-10 03:34:05] [INFO] HlsMuxer: closed segment 12: duration=1.97s, packets_total=734
[2026-08-10 03:34:05] [INFO] HlsMuxer: closed segment 13: duration=1.97s, packets_total=793
[2026-08-10 03:34:05] [INFO] HlsMuxer: starting segment 14: /tmp/hls_output/camera-15/segment_000014.ts
[2026-08-10 03:34:05] [INFO] HlsMuxer: starting segment 13: /tmp/hls_output/camera-35/segment_000013.ts
[2026-08-10 03:34:05] [INFO] HlsMuxer: wrote segment header with codec=video
[2026-08-10 03:34:05] [INFO] HlsMuxer: wrote segment header with codec=video
[2026-08-10 03:34:05] [INFO] HttpServer: GET /api/health
[2026-08-10 03:34:05] [INFO] StreamWorker[camera-47] processed 700 video packets (segments=11)
[2026-08-10 03:34:05] [INFO] StreamWorker[camera-14] processed 800 video packets (segments=13)
[2026-08-10 03:34:05] [INFO] HlsMuxer: closed segment 13: duration=1.90s, packets_total=787
[2026-08-10 03:34:05] [INFO] HlsMuxer: closed segment 12: duration=1.90s, packets_total=718
[2026-08-10 03:34:05] [INFO] HlsMuxer: closed segment 12: duration=1.90s, packets_total=727
[2026-08-10 03:34:05] [INFO] HlsMuxer: starting segment 14: /tmp/hls_output/camera-18/segment_000014.ts
[2026-08-10 03:34:05] [INFO] HlsMuxer: closed segment 12: duration=1.90s, packets_total=724
[2026-08-10 03:34:05] [INFO] HlsMuxer: starting segment 13: /tmp/hls_output/camera-41/segment_000013.ts
[2026-08-10 03:34:05] [INFO] HlsMuxer: wrote segment header with codec=video
[2026-08-10 03:34:05] [INFO] HlsMuxer: starting segment 13: /tmp/hls_output/camera-38/segment_000013.ts
[2026-08-10 03:34:05] [INFO] HlsMuxer: closed segment 13: duration=1.90s, packets_total=794
[2026-08-10 03:34:05] [INFO] HlsMuxer: wrote segment header with codec=video
[2026-08-10 03:34:05] [INFO] HlsMuxer: wrote segment header with codec=video
[2026-08-10 03:34:05] [INFO] HlsMuxer: closed segment 69: duration=1.90s, packets_total=838
[2026-08-10 03:34:05] [INFO] HlsMuxer: closed segment 12: duration=1.90s, packets_total=730
[2026-08-10 03:34:05] [INFO] HlsMuxer: closed segment 13: duration=1.90s, packets_total=779
[2026-08-10 03:34:05] [INFO] HlsMuxer: starting segment 70: /tmp/hls_output/camera-1/segment_000070.ts
[2026-08-10 03:34:05] [INFO] HlsMuxer: starting segment 14: /tmp/hls_output/camera-16/segment_000014.ts
[2026-08-10 03:34:05] [INFO] HlsMuxer: closed segment 12: duration=1.90s, packets_total=722
[2026-08-10 03:34:05] [INFO] HlsMuxer: starting segment 13: /tmp/hls_output/camera-39/segment_000013.ts
[2026-08-10 03:34:05] [INFO] HlsMuxer: starting segment 13: /tmp/hls_output/camera-37/segment_000013.ts
[2026-08-10 03:34:05] [INFO] HlsMuxer: closed segment 12: duration=1.90s, packets_total=733
[2026-08-10 03:34:05] [INFO] HlsMuxer: wrote segment header with codec=video
[2026-08-10 03:34:05] [INFO] HlsMuxer: wrote segment header with codec=video
[2026-08-10 03:34:05] [INFO] HlsMuxer: wrote segment header with codec=video
[2026-08-10 03:34:05] [INFO] HlsMuxer: wrote segment header with codec=video
[2026-08-10 03:34:05] [INFO] HlsMuxer: starting segment 14: /tmp/hls_output/camera-21/segment_000014.ts
[2026-08-10 03:34:05] [INFO] HlsMuxer: wrote segment header with codec=video
[2026-08-10 03:34:05] [INFO] HlsMuxer: starting segment 13: /tmp/hls_output/camera-40/segment_000013.ts
[2026-08-10 03:34:05] [INFO] HlsMuxer: wrote segment header with codec=video
[2026-08-10 03:34:05] [INFO] HlsMuxer: closed segment 13: duration=1.90s, packets_total=791
[2026-08-10 03:34:05] [INFO] HlsMuxer: starting segment 13: /tmp/hls_output/camera-36/segment_000013.ts
[2026-08-10 03:34:05] [INFO] HlsMuxer: wrote segment header with codec=video
[2026-08-10 03:34:05] [INFO] HlsMuxer: starting segment 14: /tmp/hls_output/camera-17/segment_000014.ts
[2026-08-10 03:34:05] [INFO] HlsMuxer: wrote segment header with codec=video
[2026-08-10 03:34:05] [INFO] HttpServer: GET /api/health
[2026-08-10 03:34:05] [INFO] StreamWorker[camera-48] processed 700 video packets (segments=11)
[2026-08-10 03:34:05] [INFO] Multi-stream status: 50 active, 0 error, total_reconnects=0, packets_written=38392
[2026-08-10 03:34:05] [INFO] HlsMuxer: closed segment 13: duration=1.97s, packets_total=784
[2026-08-10 03:34:05] [INFO] StreamWorker[camera-15] processed 800 video packets (segments=13)
[2026-08-10 03:34:05] [INFO] HlsMuxer: closed segment 13: duration=1.97s, packets_total=787
[2026-08-10 03:34:05] [INFO] HlsMuxer: starting segment 14: /tmp/hls_output/camera-20/segment_000014.ts
[2026-08-10 03:34:05] [INFO] HlsMuxer: wrote segment header with codec=video
[2026-08-10 03:34:05] [INFO] HlsMuxer: starting segment 14: /tmp/hls_output/camera-19/segment_000014.ts
[2026-08-10 03:34:05] [INFO] HlsMuxer: wrote segment header with codec=video
[2026-08-10 03:34:05] [INFO] StreamWorker[camera-49] processed 700 video packets (segments=11)
[2026-08-10 03:34:05] [INFO] StreamWorker[camera-16] processed 800 video packets (segments=13)
[2026-08-10 03:34:05] [INFO] HttpServer: GET /api/health
[2026-08-10 03:34:05] [INFO] StreamWorker[camera-50] processed 700 video packets (segments=11)
[2026-08-10 03:34:05] [INFO] StreamWorker[camera-17] processed 800 video packets (segments=13)
[2026-08-10 03:34:05] [INFO] HttpServer: GET /api/health
[2026-08-10 03:34:05] [INFO] HttpServer: GET /api/health
[2026-08-10 03:34:05] [INFO] StreamWorker[camera-18] processed 800 video packets (segments=13)
[2026-08-10 03:34:05] [INFO] StreamWorker[camera-19] processed 800 video packets (segments=13)
[2026-08-10 03:34:05] [INFO] HttpServer: GET /api/health
[2026-08-10 03:34:05] [INFO] Multi-stream status: 50 active, 0 error, total_reconnects=0, packets_written=39122
[2026-08-10 03:34:05] [INFO] StreamWorker[camera-20] processed 800 video packets (segments=13)
[2026-08-10 03:34:05] [INFO] HlsMuxer: closed segment 12: duration=1.97s, packets_total=724
[2026-08-10 03:34:05] [INFO] HlsMuxer: closed segment 51: duration=1.97s, packets_total=847
[2026-08-10 03:34:05] [INFO] HlsMuxer: starting segment 13: /tmp/hls_output/camera-45/segment_000013.ts
[2026-08-10 03:34:05] [INFO] HlsMuxer: wrote segment header with codec=video
[2026-08-10 03:34:05] [INFO] HlsMuxer: starting segment 52: /tmp/hls_output/camera-4/segment_000052.ts
[2026-08-10 03:34:05] [INFO] HlsMuxer: closed segment 13: duration=1.97s, packets_total=788
[2026-08-10 03:34:05] [INFO] HlsMuxer: wrote segment header with codec=video
[2026-08-10 03:34:05] [INFO] HttpServer: GET /api/health
[2026-08-10 03:34:05] [INFO] StreamWorker[camera-21] processed 800 video packets (segments=13)
[2026-08-10 03:34:05] [INFO] HlsMuxer: closed segment 12: duration=1.97s, packets_total=727
[2026-08-10 03:34:05] [INFO] HlsMuxer: closed segment 13: duration=1.97s, packets_total=784
[2026-08-10 03:34:05] [INFO] HlsMuxer: closed segment 51: duration=1.97s, packets_total=851
[2026-08-10 03:34:05] [INFO] HlsMuxer: starting segment 14: /tmp/hls_output/camera-24/segment_000014.ts
[2026-08-10 03:34:05] [INFO] HlsMuxer: wrote segment header with codec=video
[2026-08-10 03:34:05] [INFO] HlsMuxer: starting segment 52: /tmp/hls_output/camera-3/segment_000052.ts
[2026-08-10 03:34:05] [INFO] HlsMuxer: wrote segment header with codec=video
[2026-08-10 03:34:05] [INFO] HlsMuxer: starting segment 14: /tmp/hls_output/camera-25/segment_000014.ts
[2026-08-10 03:34:05] [INFO] HlsMuxer: starting segment 13: /tmp/hls_output/camera-44/segment_000013.ts
[2026-08-10 03:34:05] [INFO] HlsMuxer: wrote segment header with codec=video
[2026-08-10 03:34:05] [INFO] HlsMuxer: wrote segment header with codec=video
[2026-08-10 03:34:06] [INFO] HlsMuxer: closed segment 13: duration=1.93s, packets_total=786
[2026-08-10 03:34:06] [INFO] HlsMuxer: closed segment 12: duration=1.93s, packets_total=727
[2026-08-10 03:34:06] [INFO] HlsMuxer: closed segment 51: duration=1.93s, packets_total=849
[2026-08-10 03:34:06] [INFO] HlsMuxer: closed segment 12: duration=1.93s, packets_total=729
[2026-08-10 03:34:06] [INFO] HlsMuxer: closed segment 13: duration=1.93s, packets_total=789
[2026-08-10 03:34:06] [INFO] HlsMuxer: starting segment 13: /tmp/hls_output/camera-43/segment_000013.ts
[2026-08-10 03:34:06] [INFO] HlsMuxer: wrote segment header with codec=video
[2026-08-10 03:34:06] [INFO] HlsMuxer: starting segment 13: /tmp/hls_output/camera-42/segment_000013.ts
[2026-08-10 03:34:06] [INFO] HlsMuxer: starting segment 14: /tmp/hls_output/camera-23/segment_000014.ts
[2026-08-10 03:34:06] [INFO] HlsMuxer: starting segment 52: /tmp/hls_output/camera-2/segment_000052.ts
[2026-08-10 03:34:06] [INFO] HlsMuxer: wrote segment header with codec=video
[2026-08-10 03:34:06] [INFO] HlsMuxer: wrote segment header with codec=video
[2026-08-10 03:34:06] [INFO] HlsMuxer: wrote segment header with codec=video
[2026-08-10 03:34:06] [INFO] HlsMuxer: starting segment 14: /tmp/hls_output/camera-22/segment_000014.ts
[2026-08-10 03:34:06] [INFO] HlsMuxer: wrote segment header with codec=video
[2026-08-10 03:34:06] [INFO] HlsMuxer: closed segment 12: duration=1.90s, packets_total=726
[2026-08-10 03:34:06] [INFO] HttpServer: GET /api/health
[2026-08-10 03:34:06] [INFO] HlsMuxer: closed segment 13: duration=1.90s, packets_total=785
[2026-08-10 03:34:06] [INFO] HlsMuxer: closed segment 33: duration=1.90s, packets_total=845
[2026-08-10 03:34:06] [INFO] HlsMuxer: starting segment 13: /tmp/hls_output/camera-46/segment_000013.ts
[2026-08-10 03:34:06] [INFO] HlsMuxer: wrote segment header with codec=video
[2026-08-10 03:34:06] [INFO] HlsMuxer: closed segment 51: duration=1.90s, packets_total=848
[2026-08-10 03:34:06] [INFO] HlsMuxer: starting segment 14: /tmp/hls_output/camera-26/segment_000014.ts
[2026-08-10 03:34:06] [INFO] HlsMuxer: starting segment 34: /tmp/hls_output/camera-6/segment_000034.ts
[2026-08-10 03:34:06] [INFO] HlsMuxer: wrote segment header with codec=video
[2026-08-10 03:34:06] [INFO] HlsMuxer: wrote segment header with codec=video
[2026-08-10 03:34:06] [INFO] HlsMuxer: starting segment 52: /tmp/hls_output/camera-5/segment_000052.ts
[2026-08-10 03:34:06] [INFO] HlsMuxer: wrote segment header with codec=video
[2026-08-10 03:34:06] [INFO] StreamWorker[camera-22] processed 800 video packets (segments=13)
[2026-08-10 03:34:06] [INFO] HttpServer: GET /api/health
[2026-08-10 03:34:06] [INFO] StreamWorker[camera-23] processed 800 video packets (segments=13)
[2026-08-10 03:34:06] [INFO] StreamWorker[camera-24] processed 800 video packets (segments=13)
[2026-08-10 03:34:06] [INFO] HlsMuxer: closed segment 13: duration=1.93s, packets_total=790
[2026-08-10 03:34:06] [INFO] HlsMuxer: closed segment 12: duration=1.93s, packets_total=730
[2026-08-10 03:34:06] [INFO] HlsMuxer: starting segment 14: /tmp/hls_output/camera-27/segment_000014.ts
[2026-08-10 03:34:06] [INFO] HlsMuxer: starting segment 13: /tmp/hls_output/camera-47/segment_000013.ts
[2026-08-10 03:34:06] [INFO] HlsMuxer: wrote segment header with codec=video
[2026-08-10 03:34:06] [INFO] HlsMuxer: wrote segment header with codec=video
[2026-08-10 03:34:06] [INFO] HttpServer: GET /api/health
[2026-08-10 03:34:06] [INFO] Multi-stream status: 50 active, 0 error, total_reconnects=0, packets_written=39892
[2026-08-10 03:34:06] [INFO] StreamWorker[camera-25] processed 800 video packets (segments=13)
[2026-08-10 03:34:06] [INFO] HttpServer: GET /api/health
[2026-08-10 03:34:06] [INFO] HlsMuxer: closed segment 13: duration=1.93s, packets_total=785
[2026-08-10 03:34:06] [INFO] HlsMuxer: closed segment 12: duration=1.93s, packets_total=725
[2026-08-10 03:34:06] [INFO] HlsMuxer: closed segment 12: duration=1.93s, packets_total=730
[2026-08-10 03:34:06] [INFO] HlsMuxer: closed segment 33: duration=1.93s, packets_total=853
[2026-08-10 03:34:06] [INFO] HlsMuxer: starting segment 14: /tmp/hls_output/camera-30/segment_000014.ts
[2026-08-10 03:34:06] [INFO] HlsMuxer: wrote segment header with codec=video
[2026-08-10 03:34:06] [INFO] HlsMuxer: starting segment 13: /tmp/hls_output/camera-50/segment_000013.ts
[2026-08-10 03:34:06] [INFO] HlsMuxer: wrote segment header with codec=video
[2026-08-10 03:34:06] [INFO] HlsMuxer: starting segment 34: /tmp/hls_output/camera-7/segment_000034.ts
[2026-08-10 03:34:06] [INFO] HlsMuxer: starting segment 13: /tmp/hls_output/camera-48/segment_000013.ts
[2026-08-10 03:34:06] [INFO] HlsMuxer: wrote segment header with codec=video
[2026-08-10 03:34:06] [INFO] HlsMuxer: wrote segment header with codec=video
[2026-08-10 03:34:06] [INFO] HlsMuxer: closed segment 33: duration=1.93s, packets_total=851
[2026-08-10 03:34:06] [INFO] HlsMuxer: closed segment 13: duration=1.93s, packets_total=787
[2026-08-10 03:34:06] [INFO] HlsMuxer: starting segment 34: /tmp/hls_output/camera-8/segment_000034.ts
[2026-08-10 03:34:06] [INFO] HlsMuxer: wrote segment header with codec=video
[2026-08-10 03:34:06] [INFO] HlsMuxer: closed segment 12: duration=1.93s, packets_total=727
[2026-08-10 03:34:06] [INFO] HlsMuxer: starting segment 14: /tmp/hls_output/camera-29/segment_000014.ts
[2026-08-10 03:34:06] [INFO] HlsMuxer: wrote segment header with codec=video
[2026-08-10 03:34:06] [INFO] HlsMuxer: closed segment 13: duration=1.93s, packets_total=790
[2026-08-10 03:34:06] [INFO] HlsMuxer: starting segment 13: /tmp/hls_output/camera-49/segment_000013.ts
[2026-08-10 03:34:06] [INFO] HlsMuxer: wrote segment header with codec=video
[2026-08-10 03:34:06] [INFO] HlsMuxer: starting segment 14: /tmp/hls_output/camera-28/segment_000014.ts
[2026-08-10 03:34:06] [INFO] StreamWorker[camera-26] processed 800 video packets (segments=13)
[2026-08-10 03:34:06] [INFO] HlsMuxer: wrote segment header with codec=video
[2026-08-10 03:34:06] [INFO] HttpServer: GET /api/health
[2026-08-10 03:34:06] [INFO] StreamWorker[camera-27] processed 800 video packets (segments=13)
[2026-08-10 03:34:06] [INFO] HlsMuxer: closed segment 33: duration=1.93s, packets_total=853
[2026-08-10 03:34:06] [INFO] HlsMuxer: closed segment 13: duration=1.93s, packets_total=787
[2026-08-10 03:34:06] [INFO] HlsMuxer: closed segment 14: duration=1.93s, packets_total=848
[2026-08-10 03:34:06] [INFO] HlsMuxer: closed segment 13: duration=1.93s, packets_total=785
[2026-08-10 03:34:06] [INFO] HlsMuxer: starting segment 34: /tmp/hls_output/camera-9/segment_000034.ts
[2026-08-10 03:34:06] [INFO] HlsMuxer: wrote segment header with codec=video
[2026-08-10 03:34:06] [INFO] HlsMuxer: starting segment 14: /tmp/hls_output/camera-31/segment_000014.ts
[2026-08-10 03:34:06] [INFO] HlsMuxer: wrote segment header with codec=video
[2026-08-10 03:34:06] [INFO] HlsMuxer: closed segment 33: duration=1.93s, packets_total=850
[2026-08-10 03:34:06] [INFO] HlsMuxer: starting segment 14: /tmp/hls_output/camera-32/segment_000014.ts
[2026-08-10 03:34:06] [INFO] HlsMuxer: starting segment 15: /tmp/hls_output/camera-11/segment_000015.ts
[2026-08-10 03:34:06] [INFO] HlsMuxer: wrote segment header with codec=video
[2026-08-10 03:34:06] [INFO] HlsMuxer: wrote segment header with codec=video
[2026-08-10 03:34:06] [INFO] HlsMuxer: starting segment 34: /tmp/hls_output/camera-10/segment_000034.ts
[2026-08-10 03:34:06] [INFO] HlsMuxer: wrote segment header with codec=video
[2026-08-10 03:34:06] [INFO] HttpServer: GET /api/health
[2026-08-10 03:34:06] [INFO] StreamWorker[camera-28] processed 800 video packets (segments=13)
[2026-08-10 03:34:06] [INFO] StreamWorker[camera-29] processed 800 video packets (segments=13)
[2026-08-10 03:34:06] [INFO] HttpServer: GET /api/health
[2026-08-10 03:34:06] [INFO] StreamWorker[camera-30] processed 800 video packets (segments=13)
[2026-08-10 03:34:06] [INFO] Multi-stream status: 50 active, 0 error, total_reconnects=0, packets_written=40632
[2026-08-10 03:34:06] [INFO] HlsMuxer: closed segment 13: duration=1.90s, packets_total=788
[2026-08-10 03:34:06] [INFO] HlsMuxer: closed segment 14: duration=1.90s, packets_total=851
[2026-08-10 03:34:06] [INFO] HlsMuxer: starting segment 14: /tmp/hls_output/camera-33/segment_000014.ts
[2026-08-10 03:34:06] [INFO] HlsMuxer: closed segment 14: duration=1.90s, packets_total=846
[2026-08-10 03:34:06] [INFO] HlsMuxer: wrote segment header with codec=video
[2026-08-10 03:34:06] [INFO] HlsMuxer: closed segment 14: duration=1.90s, packets_total=849
[2026-08-10 03:34:06] [INFO] HlsMuxer: closed segment 13: duration=1.90s, packets_total=786
[2026-08-10 03:34:06] [INFO] HlsMuxer: starting segment 15: /tmp/hls_output/camera-12/segment_000015.ts
[2026-08-10 03:34:06] [INFO] HlsMuxer: wrote segment header with codec=video
[2026-08-10 03:34:06] [INFO] HlsMuxer: starting segment 15: /tmp/hls_output/camera-13/segment_000015.ts
[2026-08-10 03:34:06] [INFO] HlsMuxer: starting segment 15: /tmp/hls_output/camera-14/segment_000015.ts
[2026-08-10 03:34:06] [INFO] HlsMuxer: wrote segment header with codec=video
[2026-08-10 03:34:06] [INFO] HlsMuxer: wrote segment header with codec=video
[2026-08-10 03:34:06] [INFO] HlsMuxer: starting segment 14: /tmp/hls_output/camera-34/segment_000014.ts
[2026-08-10 03:34:06] [INFO] HlsMuxer: wrote segment header with codec=video
[2026-08-10 03:34:06] [INFO] HttpServer: GET /api/health
[2026-08-10 03:34:07] [INFO] StreamWorker[camera-31] processed 800 video packets (segments=13)
[2026-08-10 03:34:07] [INFO] HttpServer: GET /api/health
[2026-08-10 03:34:07] [INFO] StreamWorker[camera-32] processed 800 video packets (segments=13)
[2026-08-10 03:34:07] [INFO] HttpServer: GET /api/health
[2026-08-10 03:34:07] [INFO] StreamWorker[camera-33] processed 800 video packets (segments=13)
[2026-08-10 03:34:07] [INFO] HlsMuxer: closed segment 13: duration=1.93s, packets_total=795
[2026-08-10 03:34:07] [INFO] HlsMuxer: closed segment 14: duration=1.93s, packets_total=854
[2026-08-10 03:34:07] [INFO] HlsMuxer: starting segment 14: /tmp/hls_output/camera-35/segment_000014.ts
[2026-08-10 03:34:07] [INFO] HlsMuxer: wrote segment header with codec=video
[2026-08-10 03:34:07] [INFO] HlsMuxer: starting segment 15: /tmp/hls_output/camera-15/segment_000015.ts
[2026-08-10 03:34:07] [INFO] HlsMuxer: wrote segment header with codec=video
[2026-08-10 03:34:07] [INFO] StreamWorker[camera-34] processed 800 video packets (segments=13)
[2026-08-10 03:34:07] [INFO] HttpServer: GET /api/health
[2026-08-10 03:34:07] [INFO] StreamWorker[camera-1] processed 900 video packets (segments=14)
[2026-08-10 03:34:07] [INFO] StreamWorker[camera-35] processed 800 video packets (segments=13)
[2026-08-10 03:34:07] [INFO] Multi-stream status: 50 active, 0 error, total_reconnects=0, packets_written=41381
[2026-08-10 03:34:07] [INFO] HlsMuxer: closed segment 14: duration=1.97s, packets_total=841
[2026-08-10 03:34:07] [INFO] HlsMuxer: starting segment 15: /tmp/hls_output/camera-21/segment_000015.ts
[2026-08-10 03:34:07] [INFO] HlsMuxer: closed segment 14: duration=1.97s, packets_total=856
[2026-08-10 03:34:07] [INFO] HlsMuxer: wrote segment header with codec=video
[2026-08-10 03:34:07] [INFO] HlsMuxer: closed segment 13: duration=1.97s, packets_total=795
[2026-08-10 03:34:07] [INFO] HlsMuxer: starting segment 15: /tmp/hls_output/camera-16/segment_000015.ts
[2026-08-10 03:34:07] [INFO] HlsMuxer: wrote segment header with codec=video
[2026-08-10 03:34:07] [INFO] HlsMuxer: closed segment 13: duration=1.97s, packets_total=786
[2026-08-10 03:34:07] [INFO] HlsMuxer: starting segment 14: /tmp/hls_output/camera-36/segment_000014.ts
[2026-08-10 03:34:07] [INFO] HlsMuxer: wrote segment header with codec=video
[2026-08-10 03:34:07] [INFO] HlsMuxer: closed segment 14: duration=1.97s, packets_total=853
[2026-08-10 03:34:07] [INFO] HlsMuxer: starting segment 14: /tmp/hls_output/camera-39/segment_000014.ts
[2026-08-10 03:34:07] [INFO] HlsMuxer: wrote segment header with codec=video
[2026-08-10 03:34:07] [INFO] HlsMuxer: closed segment 14: duration=1.97s, packets_total=849
[2026-08-10 03:34:07] [INFO] HlsMuxer: starting segment 15: /tmp/hls_output/camera-17/segment_000015.ts
[2026-08-10 03:34:07] [INFO] HlsMuxer: wrote segment header with codec=video
[2026-08-10 03:34:07] [INFO] HlsMuxer: closed segment 70: duration=1.97s, packets_total=900
[2026-08-10 03:34:07] [INFO] HlsMuxer: closed segment 14: duration=1.97s, packets_total=847
[2026-08-10 03:34:07] [INFO] HlsMuxer: starting segment 15: /tmp/hls_output/camera-18/segment_000015.ts
[2026-08-10 03:34:07] [INFO] HlsMuxer: wrote segment header with codec=video
[2026-08-10 03:34:07] [INFO] HlsMuxer: closed segment 13: duration=1.97s, packets_total=792
[2026-08-10 03:34:07] [INFO] HlsMuxer: closed segment 13: duration=1.97s, packets_total=780
[2026-08-10 03:34:07] [INFO] HlsMuxer: closed segment 14: duration=1.97s, packets_total=844
[2026-08-10 03:34:07] [INFO] HlsMuxer: closed segment 13: duration=1.97s, packets_total=784
[2026-08-10 03:34:07] [INFO] HttpServer: GET /api/health
[2026-08-10 03:34:07] [INFO] HlsMuxer: closed segment 13: duration=1.97s, packets_total=789
[2026-08-10 03:34:07] [INFO] HlsMuxer: starting segment 71: /tmp/hls_output/camera-1/segment_000071.ts
[2026-08-10 03:34:07] [INFO] HlsMuxer: wrote segment header with codec=video
[2026-08-10 03:34:07] [INFO] HlsMuxer: starting segment 15: /tmp/hls_output/camera-19/segment_000015.ts
[2026-08-10 03:34:07] [INFO] HlsMuxer: wrote segment header with codec=video
[2026-08-10 03:34:07] [INFO] HlsMuxer: starting segment 14: /tmp/hls_output/camera-40/segment_000014.ts
[2026-08-10 03:34:07] [INFO] HlsMuxer: wrote segment header with codec=video
[2026-08-10 03:34:07] [INFO] HlsMuxer: starting segment 14: /tmp/hls_output/camera-37/segment_000014.ts
[2026-08-10 03:34:07] [INFO] HlsMuxer: starting segment 15: /tmp/hls_output/camera-20/segment_000015.ts
[2026-08-10 03:34:07] [INFO] HlsMuxer: starting segment 14: /tmp/hls_output/camera-41/segment_000014.ts
[2026-08-10 03:34:07] [INFO] HlsMuxer: wrote segment header with codec=video
[2026-08-10 03:34:07] [INFO] HlsMuxer: wrote segment header with codec=video
[2026-08-10 03:34:07] [INFO] HlsMuxer: starting segment 14: /tmp/hls_output/camera-38/segment_000014.ts
[2026-08-10 03:34:07] [INFO] HlsMuxer: wrote segment header with codec=video
[2026-08-10 03:34:07] [INFO] HlsMuxer: wrote segment header with codec=video
[2026-08-10 03:34:07] [INFO] StreamWorker[camera-2] processed 900 video packets (segments=14)
[2026-08-10 03:34:07] [INFO] StreamWorker[camera-36] processed 800 video packets (segments=13)
[2026-08-10 03:34:07] [INFO] StreamWorker[camera-3] processed 900 video packets (segments=14)
[2026-08-10 03:34:07] [INFO] HttpServer: GET /api/health
[2026-08-10 03:34:07] [INFO] StreamWorker[camera-37] processed 800 video packets (segments=13)
[2026-08-10 03:34:07] [INFO] StreamWorker[camera-4] processed 900 video packets (segments=14)
[2026-08-10 03:34:07] [INFO] HttpServer: GET /api/health
[2026-08-10 03:34:07] [INFO] StreamWorker[camera-38] processed 800 video packets (segments=13)
[2026-08-10 03:34:07] [INFO] StreamWorker[camera-5] processed 900 video packets (segments=14)
[2026-08-10 03:34:07] [INFO] HttpServer: GET /api/health
[2026-08-10 03:34:07] [INFO] HlsMuxer: closed segment 13: duration=1.97s, packets_total=790
[2026-08-10 03:34:07] [INFO] HlsMuxer: closed segment 13: duration=1.97s, packets_total=788
[2026-08-10 03:34:07] [INFO] HlsMuxer: starting segment 14: /tmp/hls_output/camera-43/segment_000014.ts
[2026-08-10 03:34:07] [INFO] HlsMuxer: wrote segment header with codec=video
[2026-08-10 03:34:07] [INFO] HlsMuxer: closed segment 14: duration=1.97s, packets_total=847
[2026-08-10 03:34:07] [INFO] StreamWorker[camera-39] processed 800 video packets (segments=13)
[2026-08-10 03:34:07] [INFO] HlsMuxer: closed segment 52: duration=1.97s, packets_total=910
[2026-08-10 03:34:07] [INFO] HlsMuxer: starting segment 53: /tmp/hls_output/camera-2/segment_000053.ts
[2026-08-10 03:34:07] [INFO] HlsMuxer: starting segment 15: /tmp/hls_output/camera-23/segment_000015.ts
[2026-08-10 03:34:07] [INFO] HlsMuxer: wrote segment header with codec=video
[2026-08-10 03:34:07] [INFO] HlsMuxer: wrote segment header with codec=video
[2026-08-10 03:34:07] [INFO] HlsMuxer: closed segment 14: duration=1.97s, packets_total=850
[2026-08-10 03:34:07] [INFO] HlsMuxer: starting segment 15: /tmp/hls_output/camera-22/segment_000015.ts
[2026-08-10 03:34:07] [INFO] HlsMuxer: wrote segment header with codec=video
[2026-08-10 03:34:07] [INFO] HlsMuxer: starting segment 14: /tmp/hls_output/camera-42/segment_000014.ts
[2026-08-10 03:34:07] [INFO] HlsMuxer: wrote segment header with codec=video
[2026-08-10 03:34:07] [INFO] StreamWorker[camera-6] processed 900 video packets (segments=14)
[2026-08-10 03:34:07] [INFO] StreamWorker[camera-40] processed 800 video packets (segments=13)
[2026-08-10 03:34:07] [INFO] Multi-stream status: 50 active, 0 error, total_reconnects=0, packets_written=42142
[2026-08-10 03:34:07] [INFO] HttpServer: GET /api/health
[2026-08-10 03:34:07] [INFO] StreamWorker[camera-7] processed 900 video packets (segments=14)
[2026-08-10 03:34:07] [INFO] HlsMuxer: closed segment 52: duration=1.90s, packets_total=908
[2026-08-10 03:34:07] [INFO] HlsMuxer: closed segment 14: duration=1.90s, packets_total=845
[2026-08-10 03:34:07] [INFO] HlsMuxer: closed segment 13: duration=1.90s, packets_total=785
[2026-08-10 03:34:07] [INFO] HlsMuxer: closed segment 13: duration=1.90s, packets_total=788
[2026-08-10 03:34:07] [INFO] HlsMuxer: closed segment 14: duration=1.90s, packets_total=849
[2026-08-10 03:34:07] [INFO] HlsMuxer: starting segment 15: /tmp/hls_output/camera-25/segment_000015.ts
[2026-08-10 03:34:07] [INFO] HlsMuxer: starting segment 14: /tmp/hls_output/camera-44/segment_000014.ts
[2026-08-10 03:34:07] [INFO] HlsMuxer: wrote segment header with codec=video
[2026-08-10 03:34:07] [INFO] HlsMuxer: starting segment 14: /tmp/hls_output/camera-45/segment_000014.ts
[2026-08-10 03:34:07] [INFO] HlsMuxer: wrote segment header with codec=video
[2026-08-10 03:34:07] [INFO] HlsMuxer: starting segment 15: /tmp/hls_output/camera-24/segment_000015.ts
[2026-08-10 03:34:07] [INFO] HlsMuxer: wrote segment header with codec=video
[2026-08-10 03:34:07] [INFO] HlsMuxer: starting segment 53: /tmp/hls_output/camera-4/segment_000053.ts
[2026-08-10 03:34:07] [INFO] HlsMuxer: wrote segment header with codec=video
[2026-08-10 03:34:07] [INFO] HlsMuxer: wrote segment header with codec=video
[2026-08-10 03:34:08] [INFO] StreamWorker[camera-41] processed 800 video packets (segments=13)
[2026-08-10 03:34:08] [INFO] HlsMuxer: closed segment 52: duration=2.00s, packets_total=913
[2026-08-10 03:34:08] [INFO] StreamWorker[camera-8] processed 900 video packets (segments=14)
[2026-08-10 03:34:08] [INFO] HlsMuxer: starting segment 53: /tmp/hls_output/camera-3/segment_000053.ts
[2026-08-10 03:34:08] [INFO] HlsMuxer: wrote segment header with codec=video
[2026-08-10 03:34:08] [INFO] HttpServer: GET /api/health
[2026-08-10 03:34:08] [INFO] StreamWorker[camera-42] processed 800 video packets (segments=13)
[2026-08-10 03:34:08] [INFO] HttpServer: GET /api/health
[2026-08-10 03:34:08] [INFO] HlsMuxer: closed segment 34: duration=1.97s, packets_total=908
[2026-08-10 03:34:08] [INFO] HlsMuxer: closed segment 14: duration=1.97s, packets_total=848
[2026-08-10 03:34:08] [INFO] HlsMuxer: starting segment 35: /tmp/hls_output/camera-6/segment_000035.ts
[2026-08-10 03:34:08] [INFO] HlsMuxer: starting segment 15: /tmp/hls_output/camera-26/segment_000015.ts
[2026-08-10 03:34:08] [INFO] HlsMuxer: wrote segment header with codec=video
[2026-08-10 03:34:08] [INFO] StreamWorker[camera-9] processed 900 video packets (segments=14)
[2026-08-10 03:34:08] [INFO] HlsMuxer: closed segment 13: duration=1.97s, packets_total=789
[2026-08-10 03:34:08] [INFO] HlsMuxer: closed segment 52: duration=1.97s, packets_total=911
[2026-08-10 03:34:08] [INFO] HlsMuxer: wrote segment header with codec=video
[2026-08-10 03:34:08] [INFO] HlsMuxer: starting segment 53: /tmp/hls_output/camera-5/segment_000053.ts
[2026-08-10 03:34:08] [INFO] HlsMuxer: wrote segment header with codec=video
[2026-08-10 03:34:08] [INFO] HlsMuxer: starting segment 14: /tmp/hls_output/camera-46/segment_000014.ts
[2026-08-10 03:34:08] [INFO] HlsMuxer: wrote segment header with codec=video
[2026-08-10 03:34:08] [INFO] StreamWorker[camera-43] processed 800 video packets (segments=13)
[2026-08-10 03:34:08] [INFO] StreamWorker[camera-10] processed 900 video packets (segments=14)
[2026-08-10 03:34:08] [INFO] HttpServer: GET /api/health
[2026-08-10 03:34:08] [INFO] StreamWorker[camera-44] processed 800 video packets (segments=13)
[2026-08-10 03:34:08] [INFO] StreamWorker[camera-11] processed 900 video packets (segments=14)
[2026-08-10 03:34:08] [INFO] HlsMuxer: closed segment 14: duration=1.93s, packets_total=851
[2026-08-10 03:34:08] [INFO] HlsMuxer: closed segment 13: duration=1.93s, packets_total=791
[2026-08-10 03:34:08] [INFO] HlsMuxer: starting segment 15: /tmp/hls_output/camera-27/segment_000015.ts
[2026-08-10 03:34:08] [INFO] HlsMuxer: starting segment 14: /tmp/hls_output/camera-47/segment_000014.ts
[2026-08-10 03:34:08] [INFO] HlsMuxer: wrote segment header with codec=video
[2026-08-10 03:34:08] [INFO] HlsMuxer: wrote segment header with codec=video
[2026-08-10 03:34:08] [INFO] Multi-stream status: 50 active, 0 error, total_reconnects=0, packets_written=42842
[2026-08-10 03:34:08] [INFO] HttpServer: GET /api/health
[2026-08-10 03:34:08] [INFO] StreamWorker[camera-45] processed 800 video packets (segments=13)
[2026-08-10 03:34:08] [INFO] HlsMuxer: closed segment 13: duration=1.90s, packets_total=788
[2026-08-10 03:34:08] [INFO] HlsMuxer: closed segment 34: duration=1.90s, packets_total=912
[2026-08-10 03:34:08] [INFO] HlsMuxer: closed segment 13: duration=1.90s, packets_total=791
[2026-08-10 03:34:08] [INFO] HlsMuxer: closed segment 14: duration=1.90s, packets_total=851
[2026-08-10 03:34:08] [INFO] StreamWorker[camera-12] processed 900 video packets (segments=14)
[2026-08-10 03:34:08] [INFO] HlsMuxer: closed segment 34: duration=1.90s, packets_total=914
[2026-08-10 03:34:08] [INFO] HlsMuxer: starting segment 14: /tmp/hls_output/camera-48/segment_000014.ts
[2026-08-10 03:34:08] [INFO] HlsMuxer: starting segment 35: /tmp/hls_output/camera-8/segment_000035.ts
[2026-08-10 03:34:08] [INFO] HlsMuxer: closed segment 14: duration=1.90s, packets_total=848
[2026-08-10 03:34:08] [INFO] HlsMuxer: closed segment 13: duration=1.90s, packets_total=786
[2026-08-10 03:34:08] [INFO] HlsMuxer: starting segment 35: /tmp/hls_output/camera-7/segment_000035.ts
[2026-08-10 03:34:08] [INFO] HlsMuxer: wrote segment header with codec=video
[2026-08-10 03:34:08] [INFO] HlsMuxer: wrote segment header with codec=video
[2026-08-10 03:34:08] [INFO] HlsMuxer: wrote segment header with codec=video
[2026-08-10 03:34:08] [INFO] HlsMuxer: starting segment 14: /tmp/hls_output/camera-49/segment_000014.ts
[2026-08-10 03:34:08] [INFO] HlsMuxer: starting segment 15: /tmp/hls_output/camera-29/segment_000015.ts
[2026-08-10 03:34:08] [INFO] HlsMuxer: wrote segment header with codec=video
[2026-08-10 03:34:08] [INFO] HlsMuxer: starting segment 15: /tmp/hls_output/camera-28/segment_000015.ts
[2026-08-10 03:34:08] [INFO] HlsMuxer: starting segment 14: /tmp/hls_output/camera-50/segment_000014.ts
[2026-08-10 03:34:08] [INFO] HlsMuxer: closed segment 14: duration=1.90s, packets_total=846
[2026-08-10 03:34:08] [INFO] HlsMuxer: wrote segment header with codec=video
[2026-08-10 03:34:08] [INFO] HlsMuxer: wrote segment header with codec=video
[2026-08-10 03:34:08] [INFO] HlsMuxer: starting segment 15: /tmp/hls_output/camera-30/segment_000015.ts
[2026-08-10 03:34:08] [INFO] HlsMuxer: wrote segment header with codec=video
[2026-08-10 03:34:08] [INFO] HlsMuxer: wrote segment header with codec=video
[2026-08-10 03:34:08] [INFO] StreamWorker[camera-46] processed 800 video packets (segments=13)
[2026-08-10 03:34:08] [INFO] StreamWorker[camera-13] processed 900 video packets (segments=14)
[2026-08-10 03:34:08] [INFO] HttpServer: GET /api/health
[2026-08-10 03:34:08] [INFO] HlsMuxer: closed segment 14: duration=1.93s, packets_total=847
[2026-08-10 03:34:08] [INFO] HlsMuxer: closed segment 14: duration=1.93s, packets_total=845
[2026-08-10 03:34:08] [INFO] StreamWorker[camera-14] processed 900 video packets (segments=14)
[2026-08-10 03:34:08] [INFO] StreamWorker[camera-47] processed 800 video packets (segments=13)
[2026-08-10 03:34:08] [INFO] HlsMuxer: closed segment 34: duration=1.93s, packets_total=910
[2026-08-10 03:34:08] [INFO] HlsMuxer: closed segment 34: duration=1.93s, packets_total=913
[2026-08-10 03:34:08] [INFO] HlsMuxer: closed segment 15: duration=1.93s, packets_total=908
[2026-08-10 03:34:08] [INFO] HlsMuxer: starting segment 15: /tmp/hls_output/camera-31/segment_000015.ts
[2026-08-10 03:34:08] [INFO] HlsMuxer: starting segment 15: /tmp/hls_output/camera-32/segment_000015.ts
[2026-08-10 03:34:08] [INFO] HlsMuxer: wrote segment header with codec=video
[2026-08-10 03:34:08] [INFO] HlsMuxer: starting segment 35: /tmp/hls_output/camera-10/segment_000035.ts
[2026-08-10 03:34:08] [INFO] HlsMuxer: starting segment 35: /tmp/hls_output/camera-9/segment_000035.ts
[2026-08-10 03:34:08] [INFO] HlsMuxer: wrote segment header with codec=video
[2026-08-10 03:34:08] [INFO] HlsMuxer: starting segment 16: /tmp/hls_output/camera-11/segment_000016.ts
[2026-08-10 03:34:08] [INFO] HlsMuxer: wrote segment header with codec=video
[2026-08-10 03:34:08] [INFO] HlsMuxer: wrote segment header with codec=video
[2026-08-10 03:34:08] [INFO] HlsMuxer: wrote segment header with codec=video
[2026-08-10 03:34:08] [INFO] HttpServer: GET /api/health
[2026-08-10 03:34:08] [INFO] StreamWorker[camera-48] processed 800 video packets (segments=13)
[2026-08-10 03:34:08] [INFO] HttpServer: GET /api/health
[2026-08-10 03:34:08] [INFO] StreamWorker[camera-15] processed 900 video packets (segments=14)
[2026-08-10 03:34:08] [INFO] StreamWorker[camera-49] processed 800 video packets (segments=13)
[2026-08-10 03:34:08] [INFO] StreamWorker[camera-16] processed 900 video packets (segments=14)
[2026-08-10 03:34:08] [INFO] StreamWorker[camera-50] processed 800 video packets (segments=13)
[2026-08-10 03:34:08] [INFO] HttpServer: GET /api/health
[2026-08-10 03:34:08] [INFO] Multi-stream status: 50 active, 0 error, total_reconnects=0, packets_written=43642
[2026-08-10 03:34:08] [INFO] StreamWorker[camera-17] processed 900 video packets (segments=14)
[2026-08-10 03:34:08] [INFO] HlsMuxer: closed segment 14: duration=1.93s, packets_total=850
[2026-08-10 03:34:08] [INFO] HlsMuxer: closed segment 15: duration=1.93s, packets_total=911
[2026-08-10 03:34:08] [INFO] HlsMuxer: closed segment 14: duration=1.93s, packets_total=848
[2026-08-10 03:34:08] [INFO] HlsMuxer: closed segment 15: duration=1.93s, packets_total=908
[2026-08-10 03:34:08] [INFO] HlsMuxer: starting segment 16: /tmp/hls_output/camera-13/segment_000016.ts
[2026-08-10 03:34:08] [INFO] HlsMuxer: starting segment 15: /tmp/hls_output/camera-34/segment_000015.ts
[2026-08-10 03:34:08] [INFO] HlsMuxer: wrote segment header with codec=video
[2026-08-10 03:34:08] [INFO] HlsMuxer: wrote segment header with codec=video
[2026-08-10 03:34:08] [INFO] HlsMuxer: starting segment 16: /tmp/hls_output/camera-14/segment_000016.ts
[2026-08-10 03:34:08] [INFO] HlsMuxer: wrote segment header with codec=video
[2026-08-10 03:34:08] [INFO] HlsMuxer: closed segment 15: duration=1.93s, packets_total=913
[2026-08-10 03:34:08] [INFO] HlsMuxer: starting segment 15: /tmp/hls_output/camera-33/segment_000015.ts
[2026-08-10 03:34:08] [INFO] HlsMuxer: wrote segment header with codec=video
[2026-08-10 03:34:08] [INFO] HlsMuxer: starting segment 16: /tmp/hls_output/camera-12/segment_000016.ts
[2026-08-10 03:34:08] [INFO] HlsMuxer: wrote segment header with codec=video
[2026-08-10 03:34:08] [INFO] HttpServer: GET /api/health
[2026-08-10 03:34:09] [INFO] StreamWorker[camera-18] processed 900 video packets (segments=14)
[2026-08-10 03:34:09] [INFO] HttpServer: GET /api/health
[2026-08-10 03:34:09] [INFO] StreamWorker[camera-19] processed 900 video packets (segments=14)
[2026-08-10 03:34:09] [INFO] HttpServer: GET /api/health
[2026-08-10 03:34:09] [INFO] StreamWorker[camera-20] processed 900 video packets (segments=14)
[2026-08-10 03:34:09] [INFO] StreamWorker[camera-21] processed 900 video packets (segments=14)
[2026-08-10 03:34:09] [INFO] HttpServer: GET /api/health
[2026-08-10 03:34:09] [INFO] HlsMuxer: closed segment 15: duration=1.93s, packets_total=915
[2026-08-10 03:34:09] [INFO] HlsMuxer: closed segment 14: duration=1.93s, packets_total=854
[2026-08-10 03:34:09] [INFO] HlsMuxer: closed segment 15: duration=1.93s, packets_total=900
[2026-08-10 03:34:09] [INFO] HlsMuxer: closed segment 14: duration=1.97s, packets_total=858
[2026-08-10 03:34:09] [INFO] HlsMuxer: closed segment 15: duration=1.97s, packets_total=917
[2026-08-10 03:34:09] [INFO] HlsMuxer: starting segment 16: /tmp/hls_output/camera-16/segment_000016.ts
[2026-08-10 03:34:09] [INFO] HlsMuxer: wrote segment header with codec=video
[2026-08-10 03:34:09] [INFO] HlsMuxer: starting segment 16: /tmp/hls_output/camera-15/segment_000016.ts
[2026-08-10 03:34:09] [INFO] HlsMuxer: starting segment 15: /tmp/hls_output/camera-35/segment_000015.ts
[2026-08-10 03:34:09] [INFO] HlsMuxer: wrote segment header with codec=video
[2026-08-10 03:34:09] [INFO] HlsMuxer: wrote segment header with codec=video
[2026-08-10 03:34:09] [INFO] HlsMuxer: closed segment 14: duration=1.93s, packets_total=845
[2026-08-10 03:34:09] [INFO] HlsMuxer: starting segment 15: /tmp/hls_output/camera-39/segment_000015.ts
[2026-08-10 03:34:09] [INFO] HlsMuxer: wrote segment header with codec=video
[2026-08-10 03:34:09] [INFO] HlsMuxer: closed segment 71: duration=1.93s, packets_total=959
[2026-08-10 03:34:09] [INFO] HlsMuxer: starting segment 72: /tmp/hls_output/camera-1/segment_000072.ts
[2026-08-10 03:34:09] [INFO] HlsMuxer: closed segment 15: duration=2.00s, packets_total=913
[2026-08-10 03:34:09] [INFO] HlsMuxer: starting segment 15: /tmp/hls_output/camera-36/segment_000015.ts
[2026-08-10 03:34:09] [INFO] HlsMuxer: wrote segment header with codec=video
[2026-08-10 03:34:09] [INFO] HlsMuxer: starting segment 16: /tmp/hls_output/camera-21/segment_000016.ts
[2026-08-10 03:34:09] [INFO] HlsMuxer: closed segment 14: duration=1.93s, packets_total=851
[2026-08-10 03:34:09] [INFO] HlsMuxer: starting segment 16: /tmp/hls_output/camera-17/segment_000016.ts
[2026-08-10 03:34:09] [INFO] HlsMuxer: wrote segment header with codec=video
[2026-08-10 03:34:09] [INFO] HlsMuxer: wrote segment header with codec=video
[2026-08-10 03:34:09] [INFO] HlsMuxer: closed segment 14: duration=1.93s, packets_total=843
[2026-08-10 03:34:09] [INFO] HlsMuxer: closed segment 14: duration=1.93s, packets_total=839
[2026-08-10 03:34:09] [INFO] HlsMuxer: starting segment 15: /tmp/hls_output/camera-37/segment_000015.ts
[2026-08-10 03:34:09] [INFO] HlsMuxer: wrote segment header with codec=video
[2026-08-10 03:34:09] [INFO] HlsMuxer: starting segment 15: /tmp/hls_output/camera-40/segment_000015.ts
[2026-08-10 03:34:09] [INFO] HlsMuxer: starting segment 15: /tmp/hls_output/camera-41/segment_000015.ts
[2026-08-10 03:34:09] [INFO] HlsMuxer: wrote segment header with codec=video
[2026-08-10 03:34:09] [INFO] HlsMuxer: closed segment 15: duration=1.93s, packets_total=908
[2026-08-10 03:34:09] [INFO] HlsMuxer: closed segment 14: duration=1.93s, packets_total=848
[2026-08-10 03:34:09] [INFO] HlsMuxer: starting segment 16: /tmp/hls_output/camera-18/segment_000016.ts
[2026-08-10 03:34:09] [INFO] HlsMuxer: wrote segment header with codec=video
[2026-08-10 03:34:09] [INFO] HlsMuxer: wrote segment header with codec=video
[2026-08-10 03:34:09] [INFO] HlsMuxer: starting segment 15: /tmp/hls_output/camera-38/segment_000015.ts
[2026-08-10 03:34:09] [INFO] HlsMuxer: wrote segment header with codec=video
[2026-08-10 03:34:09] [INFO] HlsMuxer: wrote segment header with codec=video
[2026-08-10 03:34:09] [INFO] Multi-stream status: 50 active, 0 error, total_reconnects=0, packets_written=44392
[2026-08-10 03:34:09] [INFO] HlsMuxer: closed segment 15: duration=1.97s, packets_total=904
[2026-08-10 03:34:09] [INFO] HlsMuxer: starting segment 16: /tmp/hls_output/camera-20/segment_000016.ts
[2026-08-10 03:34:09] [INFO] HlsMuxer: wrote segment header with codec=video
[2026-08-10 03:34:09] [INFO] HlsMuxer: closed segment 15: duration=1.97s, packets_total=907
[2026-08-10 03:34:09] [INFO] HlsMuxer: starting segment 16: /tmp/hls_output/camera-19/segment_000016.ts
[2026-08-10 03:34:09] [INFO] HlsMuxer: wrote segment header with codec=video
[2026-08-10 03:34:09] [INFO] StreamWorker[camera-22] processed 900 video packets (segments=14)
[2026-08-10 03:34:09] [INFO] HttpServer: GET /api/health
[2026-08-10 03:34:09] [INFO] StreamWorker[camera-23] processed 900 video packets (segments=14)
[2026-08-10 03:34:09] [INFO] HttpServer: GET /api/health
[2026-08-10 03:34:09] [INFO] StreamWorker[camera-24] processed 900 video packets (segments=14)
[2026-08-10 03:34:09] [INFO] HttpServer: GET /api/health
[2026-08-10 03:34:09] [INFO] StreamWorker[camera-25] processed 900 video packets (segments=14)
[2026-08-10 03:34:09] [INFO] HttpServer: GET /api/health
[2026-08-10 03:34:09] [INFO] HlsMuxer: closed segment 14: duration=1.90s, packets_total=851
[2026-08-10 03:34:09] [INFO] StreamWorker[camera-26] processed 900 video packets (segments=14)
[2026-08-10 03:34:09] [INFO] HlsMuxer: starting segment 15: /tmp/hls_output/camera-42/segment_000015.ts
[2026-08-10 03:34:09] [INFO] HlsMuxer: closed segment 53: duration=1.90s, packets_total=971
[2026-08-10 03:34:09] [INFO] HlsMuxer: starting segment 54: /tmp/hls_output/camera-2/segment_000054.ts
[2026-08-10 03:34:09] [INFO] HlsMuxer: closed segment 14: duration=1.90s, packets_total=849
[2026-08-10 03:34:09] [INFO] HlsMuxer: wrote segment header with codec=video
[2026-08-10 03:34:09] [INFO] HlsMuxer: closed segment 15: duration=1.90s, packets_total=911
[2026-08-10 03:34:09] [INFO] HlsMuxer: starting segment 15: /tmp/hls_output/camera-43/segment_000015.ts
[2026-08-10 03:34:09] [INFO] HlsMuxer: wrote segment header with codec=video
[2026-08-10 03:34:09] [INFO] HlsMuxer: starting segment 16: /tmp/hls_output/camera-22/segment_000016.ts
[2026-08-10 03:34:09] [INFO] HlsMuxer: wrote segment header with codec=video
[2026-08-10 03:34:09] [INFO] HlsMuxer: closed segment 15: duration=1.90s, packets_total=908
[2026-08-10 03:34:09] [INFO] HlsMuxer: wrote segment header with codec=video
[2026-08-10 03:34:09] [INFO] HlsMuxer: starting segment 16: /tmp/hls_output/camera-23/segment_000016.ts
[2026-08-10 03:34:09] [INFO] HlsMuxer: wrote segment header with codec=video
[2026-08-10 03:34:09] [INFO] Multi-stream status: 50 active, 0 error, total_reconnects=0, packets_written=45142
[2026-08-10 03:34:09] [INFO] HttpServer: GET /api/health
[2026-08-10 03:34:09] [INFO] StreamWorker[camera-27] processed 900 video packets (segments=14)
[2026-08-10 03:34:10] [INFO] HlsMuxer: closed segment 15: duration=1.97s, packets_total=911
[2026-08-10 03:34:10] [INFO] HlsMuxer: closed segment 53: duration=1.97s, packets_total=970
[2026-08-10 03:34:10] [INFO] HlsMuxer: closed segment 14: duration=1.97s, packets_total=847
[2026-08-10 03:34:10] [INFO] HlsMuxer: closed segment 53: duration=1.97s, packets_total=974
[2026-08-10 03:34:10] [INFO] HlsMuxer: closed segment 15: duration=1.97s, packets_total=907
[2026-08-10 03:34:10] [INFO] HlsMuxer: closed segment 14: duration=1.97s, packets_total=850
[2026-08-10 03:34:10] [INFO] HlsMuxer: starting segment 15: /tmp/hls_output/camera-45/segment_000015.ts
[2026-08-10 03:34:10] [INFO] HlsMuxer: starting segment 16: /tmp/hls_output/camera-24/segment_000016.ts
[2026-08-10 03:34:10] [INFO] HlsMuxer: starting segment 54: /tmp/hls_output/camera-4/segment_000054.ts
[2026-08-10 03:34:10] [INFO] HlsMuxer: starting segment 54: /tmp/hls_output/camera-3/segment_000054.ts
[2026-08-10 03:34:10] [INFO] HlsMuxer: starting segment 16: /tmp/hls_output/camera-25/segment_000016.ts
[2026-08-10 03:34:10] [INFO] HlsMuxer: wrote segment header with codec=video
[2026-08-10 03:34:10] [INFO] HlsMuxer: wrote segment header with codec=video
[2026-08-10 03:34:10] [INFO] HlsMuxer: wrote segment header with codec=video
[2026-08-10 03:34:10] [INFO] HlsMuxer: wrote segment header with codec=video
[2026-08-10 03:34:10] [INFO] HlsMuxer: starting segment 15: /tmp/hls_output/camera-44/segment_000015.ts
[2026-08-10 03:34:10] [INFO] HlsMuxer: wrote segment header with codec=video
[2026-08-10 03:34:10] [INFO] HlsMuxer: wrote segment header with codec=video
[2026-08-10 03:34:10] [INFO] StreamWorker[camera-28] processed 900 video packets (segments=14)
[2026-08-10 03:34:10] [INFO] HttpServer: GET /api/health
[2026-08-10 03:34:10] [INFO] StreamWorker[camera-29] processed 900 video packets (segments=14)
[2026-08-10 03:34:10] [INFO] HttpServer: GET /api/health
[2026-08-10 03:34:10] [INFO] HlsMuxer: closed segment 53: duration=1.97s, packets_total=973
[2026-08-10 03:34:10] [INFO] HlsMuxer: closed segment 14: duration=1.97s, packets_total=851
[2026-08-10 03:34:10] [INFO] HlsMuxer: closed segment 35: duration=1.97s, packets_total=970
[2026-08-10 03:34:10] [INFO] StreamWorker[camera-30] processed 900 video packets (segments=14)
[2026-08-10 03:34:10] [INFO] HlsMuxer: closed segment 15: duration=1.97s, packets_total=910
[2026-08-10 03:34:10] [INFO] HlsMuxer: starting segment 36: /tmp/hls_output/camera-6/segment_000036.ts
[2026-08-10 03:34:10] [INFO] HlsMuxer: starting segment 15: /tmp/hls_output/camera-46/segment_000015.ts
[2026-08-10 03:34:10] [INFO] HlsMuxer: starting segment 54: /tmp/hls_output/camera-5/segment_000054.ts
[2026-08-10 03:34:10] [INFO] HlsMuxer: wrote segment header with codec=video
[2026-08-10 03:34:10] [INFO] HlsMuxer: wrote segment header with codec=video
[2026-08-10 03:34:10] [INFO] HlsMuxer: wrote segment header with codec=video
[2026-08-10 03:34:10] [INFO] HlsMuxer: starting segment 16: /tmp/hls_output/camera-26/segment_000016.ts
[2026-08-10 03:34:10] [INFO] HlsMuxer: wrote segment header with codec=video
[2026-08-10 03:34:10] [INFO] HttpServer: GET /api/health
[2026-08-10 03:34:10] [INFO] StreamWorker[camera-31] processed 900 video packets (segments=14)
[2026-08-10 03:34:10] [INFO] HlsMuxer: closed segment 14: duration=1.90s, packets_total=851
[2026-08-10 03:34:10] [INFO] HlsMuxer: starting segment 15: /tmp/hls_output/camera-47/segment_000015.ts
[2026-08-10 03:34:10] [INFO] HlsMuxer: wrote segment header with codec=video
[2026-08-10 03:34:10] [INFO] Multi-stream status: 50 active, 0 error, total_reconnects=0, packets_written=45842
[2026-08-10 03:34:10] [INFO] HlsMuxer: closed segment 15: duration=2.00s, packets_total=912
[2026-08-10 03:34:10] [INFO] HlsMuxer: starting segment 16: /tmp/hls_output/camera-27/segment_000016.ts
[2026-08-10 03:34:10] [INFO] StreamWorker[camera-32] processed 900 video packets (segments=14)
[2026-08-10 03:34:10] [INFO] HlsMuxer: wrote segment header with codec=video
[2026-08-10 03:34:10] [INFO] HttpServer: GET /api/health
[2026-08-10 03:34:10] [INFO] HlsMuxer: closed segment 15: duration=1.97s, packets_total=913
[2026-08-10 03:34:10] [INFO] HlsMuxer: closed segment 14: duration=1.97s, packets_total=848
[2026-08-10 03:34:10] [INFO] StreamWorker[camera-33] processed 900 video packets (segments=14)
[2026-08-10 03:34:10] [INFO] HlsMuxer: closed segment 35: duration=1.97s, packets_total=974
[2026-08-10 03:34:10] [INFO] HlsMuxer: starting segment 15: /tmp/hls_output/camera-50/segment_000015.ts
[2026-08-10 03:34:10] [INFO] HlsMuxer: starting segment 16: /tmp/hls_output/camera-28/segment_000016.ts
[2026-08-10 03:34:10] [INFO] HlsMuxer: closed segment 14: duration=1.97s, packets_total=853
[2026-08-10 03:34:10] [INFO] HlsMuxer: closed segment 35: duration=1.97s, packets_total=976
[2026-08-10 03:34:10] [INFO] HlsMuxer: wrote segment header with codec=video
[2026-08-10 03:34:10] [INFO] HlsMuxer: wrote segment header with codec=video
[2026-08-10 03:34:10] [INFO] HlsMuxer: starting segment 36: /tmp/hls_output/camera-8/segment_000036.ts
[2026-08-10 03:34:10] [INFO] HlsMuxer: wrote segment header with codec=video
[2026-08-10 03:34:10] [INFO] HlsMuxer: starting segment 15: /tmp/hls_output/camera-48/segment_000015.ts
[2026-08-10 03:34:10] [INFO] HlsMuxer: starting segment 36: /tmp/hls_output/camera-7/segment_000036.ts
[2026-08-10 03:34:10] [INFO] HlsMuxer: wrote segment header with codec=video
[2026-08-10 03:34:10] [INFO] HlsMuxer: closed segment 15: duration=1.97s, packets_total=908
[2026-08-10 03:34:10] [INFO] HlsMuxer: closed segment 14: duration=1.97s, packets_total=850
[2026-08-10 03:34:10] [INFO] HlsMuxer: wrote segment header with codec=video
[2026-08-10 03:34:10] [INFO] HlsMuxer: closed segment 15: duration=1.97s, packets_total=910
[2026-08-10 03:34:10] [INFO] HlsMuxer: starting segment 16: /tmp/hls_output/camera-30/segment_000016.ts
[2026-08-10 03:34:10] [INFO] HlsMuxer: starting segment 15: /tmp/hls_output/camera-49/segment_000015.ts
[2026-08-10 03:34:10] [INFO] HlsMuxer: wrote segment header with codec=video
[2026-08-10 03:34:10] [INFO] HlsMuxer: wrote segment header with codec=video
[2026-08-10 03:34:10] [INFO] HlsMuxer: starting segment 16: /tmp/hls_output/camera-29/segment_000016.ts
[2026-08-10 03:34:10] [INFO] HlsMuxer: wrote segment header with codec=video
[2026-08-10 03:34:10] [INFO] HttpServer: GET /api/health
[2026-08-10 03:34:10] [INFO] StreamWorker[camera-34] processed 900 video packets (segments=14)
[2026-08-10 03:34:10] [INFO] HlsMuxer: closed segment 35: duration=1.93s, packets_total=971
[2026-08-10 03:34:10] [INFO] HlsMuxer: closed segment 16: duration=1.93s, packets_total=969
[2026-08-10 03:34:10] [INFO] HlsMuxer: starting segment 17: /tmp/hls_output/camera-11/segment_000017.ts
[2026-08-10 03:34:10] [INFO] HlsMuxer: closed segment 15: duration=1.93s, packets_total=906
[2026-08-10 03:34:10] [INFO] HlsMuxer: wrote segment header with codec=video
[2026-08-10 03:34:10] [INFO] HlsMuxer: closed segment 15: duration=1.93s, packets_total=908
[2026-08-10 03:34:10] [INFO] HlsMuxer: closed segment 35: duration=1.93s, packets_total=974
[2026-08-10 03:34:10] [INFO] HlsMuxer: starting segment 36: /tmp/hls_output/camera-10/segment_000036.ts
[2026-08-10 03:34:10] [INFO] HlsMuxer: wrote segment header with codec=video
[2026-08-10 03:34:10] [INFO] HlsMuxer: starting segment 36: /tmp/hls_output/camera-9/segment_000036.ts
[2026-08-10 03:34:10] [INFO] HlsMuxer: starting segment 16: /tmp/hls_output/camera-31/segment_000016.ts
[2026-08-10 03:34:10] [INFO] HlsMuxer: starting segment 16: /tmp/hls_output/camera-32/segment_000016.ts
[2026-08-10 03:34:10] [INFO] HlsMuxer: wrote segment header with codec=video
[2026-08-10 03:34:10] [INFO] HlsMuxer: wrote segment header with codec=video
[2026-08-10 03:34:10] [INFO] HlsMuxer: wrote segment header with codec=video
[2026-08-10 03:34:10] [INFO] HttpServer: GET /api/health
[2026-08-10 03:34:10] [INFO] StreamWorker[camera-1] processed 1000 video packets (segments=16)
[2026-08-10 03:34:10] [INFO] StreamWorker[camera-35] processed 900 video packets (segments=14)
[2026-08-10 03:34:10] [INFO] StreamWorker[camera-2] processed 1000 video packets (segments=16)
[2026-08-10 03:34:10] [INFO] HttpServer: GET /api/health
[2026-08-10 03:34:10] [INFO] StreamWorker[camera-3] processed 1000 video packets (segments=16)
[2026-08-10 03:34:10] [INFO] StreamWorker[camera-36] processed 900 video packets (segments=14)
[2026-08-10 03:34:10] [INFO] Multi-stream status: 50 active, 0 error, total_reconnects=0, packets_written=46642
[2026-08-10 03:34:10] [INFO] HttpServer: GET /api/health
[2026-08-10 03:34:10] [INFO] StreamWorker[camera-4] processed 1000 video packets (segments=16)
[2026-08-10 03:34:10] [INFO] StreamWorker[camera-37] processed 900 video packets (segments=14)
[2026-08-10 03:34:11] [INFO] HlsMuxer: closed segment 15: duration=1.97s, packets_total=911
[2026-08-10 03:34:11] [INFO] HlsMuxer: closed segment 16: duration=1.97s, packets_total=974
[2026-08-10 03:34:11] [INFO] HlsMuxer: closed segment 15: duration=1.97s, packets_total=913
[2026-08-10 03:34:11] [INFO] HlsMuxer: starting segment 16: /tmp/hls_output/camera-33/segment_000016.ts
[2026-08-10 03:34:11] [INFO] HlsMuxer: closed segment 16: duration=1.97s, packets_total=976
[2026-08-10 03:34:11] [INFO] HlsMuxer: wrote segment header with codec=video
[2026-08-10 03:34:11] [INFO] HlsMuxer: closed segment 16: duration=1.97s, packets_total=971
[2026-08-10 03:34:11] [INFO] HlsMuxer: starting segment 17: /tmp/hls_output/camera-12/segment_000017.ts
[2026-08-10 03:34:11] [INFO] HlsMuxer: wrote segment header with codec=video
[2026-08-10 03:34:11] [INFO] HlsMuxer: starting segment 17: /tmp/hls_output/camera-14/segment_000017.ts
[2026-08-10 03:34:11] [INFO] HlsMuxer: wrote segment header with codec=video
[2026-08-10 03:34:11] [INFO] HlsMuxer: starting segment 16: /tmp/hls_output/camera-34/segment_000016.ts
[2026-08-10 03:34:11] [INFO] HlsMuxer: starting segment 17: /tmp/hls_output/camera-13/segment_000017.ts
[2026-08-10 03:34:11] [INFO] HlsMuxer: wrote segment header with codec=video
[2026-08-10 03:34:11] [INFO] HlsMuxer: wrote segment header with codec=video
[2026-08-10 03:34:11] [INFO] HttpServer: GET /api/health
[2026-08-10 03:34:11] [INFO] StreamWorker[camera-38] processed 900 video packets (segments=14)
[2026-08-10 03:34:11] [INFO] StreamWorker[camera-5] processed 1000 video packets (segments=16)
[2026-08-10 03:34:11] [INFO] StreamWorker[camera-39] processed 900 video packets (segments=14)
[2026-08-10 03:34:11] [INFO] HttpServer: GET /api/health
[2026-08-10 03:34:11] [INFO] StreamWorker[camera-6] processed 1000 video packets (segments=16)
[2026-08-10 03:34:11] [INFO] StreamWorker[camera-40] processed 900 video packets (segments=14)
[2026-08-10 03:34:11] [INFO] HttpServer: GET /api/health
[2026-08-10 03:34:11] [INFO] StreamWorker[camera-7] processed 1000 video packets (segments=16)
[2026-08-10 03:34:11] [INFO] StreamWorker[camera-41] processed 900 video packets (segments=14)
[2026-08-10 03:34:11] [INFO] StreamWorker[camera-8] processed 1000 video packets (segments=16)
[2026-08-10 03:34:11] [INFO] HlsMuxer: closed segment 16: duration=1.97s, packets_total=978
[2026-08-10 03:34:11] [INFO] HlsMuxer: closed segment 15: duration=1.97s, packets_total=900
[2026-08-10 03:34:11] [INFO] HlsMuxer: closed segment 15: duration=1.97s, packets_total=912
[2026-08-10 03:34:11] [INFO] HlsMuxer: closed segment 16: duration=1.97s, packets_total=969
[2026-08-10 03:34:11] [INFO] HlsMuxer: starting segment 16: /tmp/hls_output/camera-41/segment_000016.ts
[2026-08-10 03:34:11] [INFO] HlsMuxer: starting segment 17: /tmp/hls_output/camera-18/segment_000017.ts
[2026-08-10 03:34:11] [INFO] HlsMuxer: closed segment 15: duration=1.97s, packets_total=904
[2026-08-10 03:34:11] [INFO] HlsMuxer: wrote segment header with codec=video
[2026-08-10 03:34:11] [INFO] HlsMuxer: closed segment 16: duration=1.97s, packets_total=976
[2026-08-10 03:34:11] [INFO] HlsMuxer: closed segment 15: duration=1.97s, packets_total=909
[2026-08-10 03:34:11] [INFO] HlsMuxer: closed segment 15: duration=1.97s, packets_total=906
[2026-08-10 03:34:11] [INFO] HlsMuxer: starting segment 16: /tmp/hls_output/camera-40/segment_000016.ts
[2026-08-10 03:34:11] [INFO] HlsMuxer: wrote segment header with codec=video
[2026-08-10 03:34:11] [INFO] HlsMuxer: starting segment 16: /tmp/hls_output/camera-38/segment_000016.ts
[2026-08-10 03:34:11] [INFO] HlsMuxer: wrote segment header with codec=video
[2026-08-10 03:34:11] [INFO] HlsMuxer: starting segment 17: /tmp/hls_output/camera-15/segment_000017.ts
[2026-08-10 03:34:11] [INFO] HlsMuxer: wrote segment header with codec=video
[2026-08-10 03:34:11] [INFO] HlsMuxer: starting segment 17: /tmp/hls_output/camera-16/segment_000017.ts
[2026-08-10 03:34:11] [INFO] HlsMuxer: closed segment 16: duration=1.97s, packets_total=961
[2026-08-10 03:34:11] [INFO] HlsMuxer: wrote segment header with codec=video
[2026-08-10 03:34:11] [INFO] HlsMuxer: starting segment 17: /tmp/hls_output/camera-21/segment_000017.ts
[2026-08-10 03:34:11] [INFO] HlsMuxer: wrote segment header with codec=video
[2026-08-10 03:34:11] [INFO] HlsMuxer: wrote segment header with codec=video
[2026-08-10 03:34:11] [INFO] HlsMuxer: starting segment 16: /tmp/hls_output/camera-39/segment_000016.ts
[2026-08-10 03:34:11] [INFO] HlsMuxer: closed segment 72: duration=1.97s, packets_total=1020
[2026-08-10 03:34:11] [INFO] HlsMuxer: wrote segment header with codec=video
[2026-08-10 03:34:11] [INFO] HlsMuxer: closed segment 15: duration=1.97s, packets_total=919
[2026-08-10 03:34:11] [INFO] HlsMuxer: starting segment 16: /tmp/hls_output/camera-37/segment_000016.ts
[2026-08-10 03:34:11] [INFO] HlsMuxer: wrote segment header with codec=video
[2026-08-10 03:34:11] [INFO] HlsMuxer: starting segment 73: /tmp/hls_output/camera-1/segment_000073.ts
[2026-08-10 03:34:11] [INFO] HlsMuxer: wrote segment header with codec=video
[2026-08-10 03:34:11] [INFO] HlsMuxer: starting segment 16: /tmp/hls_output/camera-35/segment_000016.ts
[2026-08-10 03:34:11] [INFO] HlsMuxer: wrote segment header with codec=video
[2026-08-10 03:34:11] [INFO] HttpServer: GET /api/health
[2026-08-10 03:34:11] [INFO] Multi-stream status: 50 active, 0 error, total_reconnects=0, packets_written=47392
[2026-08-10 03:34:11] [INFO] HlsMuxer: closed segment 16: duration=1.97s, packets_total=964
[2026-08-10 03:34:11] [INFO] HlsMuxer: closed segment 15: duration=2.00s, packets_total=916
[2026-08-10 03:34:11] [INFO] HlsMuxer: starting segment 16: /tmp/hls_output/camera-36/segment_000016.ts
[2026-08-10 03:34:11] [INFO] HlsMuxer: wrote segment header with codec=video
[2026-08-10 03:34:11] [INFO] HlsMuxer: closed segment 16: duration=2.00s, packets_total=974
[2026-08-10 03:34:11] [INFO] HlsMuxer: closed segment 16: duration=1.97s, packets_total=967
[2026-08-10 03:34:11] [INFO] HlsMuxer: starting segment 17: /tmp/hls_output/camera-17/segment_000017.ts
[2026-08-10 03:34:11] [INFO] HlsMuxer: starting segment 17: /tmp/hls_output/camera-19/segment_000017.ts
[2026-08-10 03:34:11] [INFO] HlsMuxer: wrote segment header with codec=video
[2026-08-10 03:34:11] [INFO] HlsMuxer: wrote segment header with codec=video
[2026-08-10 03:34:11] [INFO] HlsMuxer: starting segment 17: /tmp/hls_output/camera-20/segment_000017.ts
[2026-08-10 03:34:11] [INFO] HlsMuxer: wrote segment header with codec=video
[2026-08-10 03:34:11] [INFO] StreamWorker[camera-42] processed 900 video packets (segments=14)
[2026-08-10 03:34:11] [INFO] HttpServer: GET /api/health
[2026-08-10 03:34:11] [INFO] StreamWorker[camera-43] processed 900 video packets (segments=14)
[2026-08-10 03:34:11] [INFO] StreamWorker[camera-9] processed 1000 video packets (segments=16)
[2026-08-10 03:34:11] [INFO] StreamWorker[camera-10] processed 1000 video packets (segments=16)
[2026-08-10 03:34:11] [INFO] HttpServer: GET /api/health
[2026-08-10 03:34:11] [INFO] StreamWorker[camera-11] processed 1000 video packets (segments=16)
[2026-08-10 03:34:11] [INFO] StreamWorker[camera-44] processed 900 video packets (segments=14)
[2026-08-10 03:34:11] [INFO] HttpServer: GET /api/health
[2026-08-10 03:34:11] [INFO] StreamWorker[camera-45] processed 900 video packets (segments=14)
[2026-08-10 03:34:11] [INFO] StreamWorker[camera-46] processed 900 video packets (segments=14)
[2026-08-10 03:34:11] [INFO] StreamWorker[camera-12] processed 1000 video packets (segments=16)
[2026-08-10 03:34:11] [INFO] StreamWorker[camera-13] processed 1000 video packets (segments=16)
[2026-08-10 03:34:11] [INFO] HttpServer: GET /api/health
[2026-08-10 03:34:11] [INFO] Multi-stream status: 50 active, 0 error, total_reconnects=0, packets_written=48087
[2026-08-10 03:34:11] [INFO] StreamWorker[camera-47] processed 900 video packets (segments=14)
[2026-08-10 03:34:11] [INFO] StreamWorker[camera-14] processed 1000 video packets (segments=16)
[2026-08-10 03:34:11] [INFO] HttpServer: GET /api/health
[2026-08-10 03:34:12] [INFO] StreamWorker[camera-48] processed 900 video packets (segments=14)
[2026-08-10 03:34:12] [INFO] StreamWorker[camera-15] processed 1000 video packets (segments=16)
[2026-08-10 03:34:12] [INFO] HlsMuxer: closed segment 15: duration=1.97s, packets_total=908
[2026-08-10 03:34:12] [INFO] HlsMuxer: closed segment 54: duration=1.97s, packets_total=1035
[2026-08-10 03:34:12] [INFO] HlsMuxer: closed segment 16: duration=1.90s, packets_total=971
[2026-08-10 03:34:12] [INFO] HlsMuxer: closed segment 16: duration=1.97s, packets_total=968
[2026-08-10 03:34:12] [INFO] HlsMuxer: closed segment 15: duration=1.97s, packets_total=911
[2026-08-10 03:34:12] [INFO] HlsMuxer: closed segment 54: duration=1.97s, packets_total=1031
[2026-08-10 03:34:12] [INFO] HlsMuxer: closed segment 16: duration=1.97s, packets_total=972
[2026-08-10 03:34:12] [INFO] HlsMuxer: starting segment 16: /tmp/hls_output/camera-45/segment_000016.ts
[2026-08-10 03:34:12] [INFO] HlsMuxer: starting segment 55: /tmp/hls_output/camera-3/segment_000055.ts
[2026-08-10 03:34:12] [INFO] HlsMuxer: starting segment 16: /tmp/hls_output/camera-44/segment_000016.ts
[2026-08-10 03:34:12] [INFO] HlsMuxer: starting segment 17: /tmp/hls_output/camera-25/segment_000017.ts
[2026-08-10 03:34:12] [INFO] HlsMuxer: wrote segment header with codec=video
[2026-08-10 03:34:12] [INFO] HlsMuxer: wrote segment header with codec=video
[2026-08-10 03:34:12] [INFO] HlsMuxer: wrote segment header with codec=video
[2026-08-10 03:34:12] [INFO] HlsMuxer: wrote segment header with codec=video
[2026-08-10 03:34:12] [INFO] HlsMuxer: closed segment 15: duration=1.90s, packets_total=909
[2026-08-10 03:34:12] [INFO] HlsMuxer: starting segment 17: /tmp/hls_output/camera-22/segment_000017.ts
[2026-08-10 03:34:12] [INFO] HlsMuxer: wrote segment header with codec=video
[2026-08-10 03:34:12] [INFO] HlsMuxer: starting segment 17: /tmp/hls_output/camera-24/segment_000017.ts
[2026-08-10 03:34:12] [INFO] HlsMuxer: starting segment 55: /tmp/hls_output/camera-4/segment_000055.ts
[2026-08-10 03:34:12] [INFO] HlsMuxer: wrote segment header with codec=video
[2026-08-10 03:34:12] [INFO] HlsMuxer: wrote segment header with codec=video
[2026-08-10 03:34:12] [INFO] HlsMuxer: closed segment 54: duration=1.90s, packets_total=1031
[2026-08-10 03:34:12] [INFO] HlsMuxer: closed segment 16: duration=1.90s, packets_total=968
[2026-08-10 03:34:12] [INFO] HlsMuxer: closed segment 15: duration=1.90s, packets_total=911
[2026-08-10 03:34:12] [INFO] HlsMuxer: starting segment 16: /tmp/hls_output/camera-43/segment_000016.ts
[2026-08-10 03:34:12] [INFO] HlsMuxer: wrote segment header with codec=video
[2026-08-10 03:34:12] [INFO] HlsMuxer: starting segment 17: /tmp/hls_output/camera-23/segment_000017.ts
[2026-08-10 03:34:12] [INFO] HlsMuxer: wrote segment header with codec=video
[2026-08-10 03:34:12] [INFO] HlsMuxer: starting segment 55: /tmp/hls_output/camera-2/segment_000055.ts
[2026-08-10 03:34:12] [INFO] HlsMuxer: starting segment 16: /tmp/hls_output/camera-42/segment_000016.ts
[2026-08-10 03:34:12] [INFO] HlsMuxer: wrote segment header with codec=video
[2026-08-10 03:34:12] [INFO] HlsMuxer: wrote segment header with codec=video
[2026-08-10 03:34:12] [INFO] HttpServer: GET /api/health
[2026-08-10 03:34:12] [INFO] StreamWorker[camera-16] processed 1000 video packets (segments=16)
[2026-08-10 03:34:12] [INFO] StreamWorker[camera-49] processed 900 video packets (segments=14)
[2026-08-10 03:34:12] [INFO] StreamWorker[camera-50] processed 900 video packets (segments=14)
[2026-08-10 03:34:12] [INFO] HlsMuxer: closed segment 54: duration=1.93s, packets_total=1033
[2026-08-10 03:34:12] [INFO] HlsMuxer: closed segment 36: duration=1.93s, packets_total=1030
[2026-08-10 03:34:12] [INFO] HlsMuxer: closed segment 16: duration=1.93s, packets_total=970
[2026-08-10 03:34:12] [INFO] HlsMuxer: closed segment 15: duration=1.93s, packets_total=911
[2026-08-10 03:34:12] [INFO] HlsMuxer: starting segment 17: /tmp/hls_output/camera-26/segment_000017.ts
[2026-08-10 03:34:12] [INFO] HlsMuxer: starting segment 37: /tmp/hls_output/camera-6/segment_000037.ts
[2026-08-10 03:34:12] [INFO] HlsMuxer: starting segment 55: /tmp/hls_output/camera-5/segment_000055.ts
[2026-08-10 03:34:12] [INFO] HlsMuxer: wrote segment header with codec=video
[2026-08-10 03:34:12] [INFO] HlsMuxer: wrote segment header with codec=video
[2026-08-10 03:34:12] [INFO] HlsMuxer: wrote segment header with codec=video
[2026-08-10 03:34:12] [INFO] HlsMuxer: starting segment 16: /tmp/hls_output/camera-46/segment_000016.ts
[2026-08-10 03:34:12] [INFO] HlsMuxer: wrote segment header with codec=video
[2026-08-10 03:34:12] [INFO] StreamWorker[camera-17] processed 1000 video packets (segments=16)
[2026-08-10 03:34:12] [INFO] StreamWorker[camera-18] processed 1000 video packets (segments=16)
[2026-08-10 03:34:12] [INFO] Multi-stream status: 50 active, 0 error, total_reconnects=0, packets_written=48892
[2026-08-10 03:34:12] [INFO] StreamWorker[camera-19] processed 1000 video packets (segments=16)
[2026-08-10 03:34:12] [INFO] HlsMuxer: closed segment 15: duration=2.00s, packets_total=913
[2026-08-10 03:34:12] [INFO] HlsMuxer: closed segment 36: duration=1.90s, packets_total=1035
[2026-08-10 03:34:12] [INFO] HlsMuxer: closed segment 16: duration=1.90s, packets_total=969
[2026-08-10 03:34:12] [INFO] HlsMuxer: closed segment 16: duration=1.90s, packets_total=967
[2026-08-10 03:34:12] [INFO] HlsMuxer: closed segment 36: duration=1.90s, packets_total=1033
[2026-08-10 03:34:12] [INFO] HlsMuxer: closed segment 16: duration=1.90s, packets_total=972
[2026-08-10 03:34:12] [INFO] HlsMuxer: closed segment 15: duration=1.90s, packets_total=909
[2026-08-10 03:34:12] [INFO] HlsMuxer: closed segment 15: duration=1.90s, packets_total=907
[2026-08-10 03:34:12] [INFO] HlsMuxer: starting segment 16: /tmp/hls_output/camera-48/segment_000016.ts
[2026-08-10 03:34:12] [INFO] HlsMuxer: wrote segment header with codec=video
[2026-08-10 03:34:12] [INFO] HlsMuxer: starting segment 37: /tmp/hls_output/camera-8/segment_000037.ts
[2026-08-10 03:34:12] [INFO] HlsMuxer: wrote segment header with codec=video
[2026-08-10 03:34:12] [INFO] HlsMuxer: starting segment 17: /tmp/hls_output/camera-28/segment_000017.ts
[2026-08-10 03:34:12] [INFO] HlsMuxer: starting segment 17: /tmp/hls_output/camera-29/segment_000017.ts
[2026-08-10 03:34:12] [INFO] HlsMuxer: starting segment 16: /tmp/hls_output/camera-50/segment_000016.ts
[2026-08-10 03:34:12] [INFO] HlsMuxer: starting segment 16: /tmp/hls_output/camera-49/segment_000016.ts
[2026-08-10 03:34:12] [INFO] HlsMuxer: starting segment 17: /tmp/hls_output/camera-30/segment_000017.ts
[2026-08-10 03:34:12] [INFO] HlsMuxer: starting segment 37: /tmp/hls_output/camera-7/segment_000037.ts
[2026-08-10 03:34:12] [INFO] HlsMuxer: wrote segment header with codec=video
[2026-08-10 03:34:12] [INFO] HlsMuxer: wrote segment header with codec=video
[2026-08-10 03:34:12] [INFO] HlsMuxer: wrote segment header with codec=video
[2026-08-10 03:34:12] [INFO] HlsMuxer: wrote segment header with codec=video
[2026-08-10 03:34:12] [INFO] HlsMuxer: wrote segment header with codec=video
[2026-08-10 03:34:12] [INFO] HlsMuxer: wrote segment header with codec=video
[2026-08-10 03:34:12] [INFO] HlsMuxer: closed segment 16: duration=1.97s, packets_total=973
[2026-08-10 03:34:12] [INFO] HlsMuxer: closed segment 15: duration=1.97s, packets_total=913
[2026-08-10 03:34:12] [INFO] HlsMuxer: starting segment 17: /tmp/hls_output/camera-27/segment_000017.ts
[2026-08-10 03:34:12] [INFO] HlsMuxer: wrote segment header with codec=video
[2026-08-10 03:34:12] [INFO] HlsMuxer: starting segment 16: /tmp/hls_output/camera-47/segment_000016.ts
[2026-08-10 03:34:12] [INFO] HlsMuxer: wrote segment header with codec=video
[2026-08-10 03:34:12] [INFO] StreamWorker[camera-20] processed 1000 video packets (segments=16)
[2026-08-10 03:34:12] [INFO] StreamWorker[camera-21] processed 1000 video packets (segments=16)
[2026-08-10 03:34:12] [INFO] HlsMuxer: closed segment 16: duration=1.97s, packets_total=967
[2026-08-10 03:34:12] [INFO] HlsMuxer: closed segment 16: duration=1.97s, packets_total=969
[2026-08-10 03:34:12] [INFO] HlsMuxer: starting segment 17: /tmp/hls_output/camera-31/segment_000017.ts
[2026-08-10 03:34:12] [INFO] HlsMuxer: starting segment 17: /tmp/hls_output/camera-32/segment_000017.ts
[2026-08-10 03:34:12] [INFO] HlsMuxer: wrote segment header with codec=video
[2026-08-10 03:34:12] [INFO] HlsMuxer: wrote segment header with codec=video
[2026-08-10 03:34:12] [INFO] HlsMuxer: closed segment 17: duration=1.97s, packets_total=1030
[2026-08-10 03:34:12] [INFO] HlsMuxer: starting segment 18: /tmp/hls_output/camera-11/segment_000018.ts
[2026-08-10 03:34:12] [INFO] HlsMuxer: wrote segment header with codec=video
[2026-08-10 03:34:12] [INFO] HlsMuxer: closed segment 36: duration=1.97s, packets_total=1032
[2026-08-10 03:34:12] [INFO] HlsMuxer: closed segment 36: duration=1.97s, packets_total=1035
[2026-08-10 03:34:12] [INFO] HlsMuxer: starting segment 37: /tmp/hls_output/camera-10/segment_000037.ts
[2026-08-10 03:34:12] [INFO] HlsMuxer: starting segment 37: /tmp/hls_output/camera-9/segment_000037.ts
[2026-08-10 03:34:12] [INFO] HlsMuxer: wrote segment header with codec=video
[2026-08-10 03:34:12] [INFO] HlsMuxer: wrote segment header with codec=video
[2026-08-10 03:34:12] [INFO] StreamWorker[camera-22] processed 1000 video packets (segments=16)
[2026-08-10 03:34:12] [INFO] StreamWorker[camera-23] processed 1000 video packets (segments=16)
[2026-08-10 03:34:12] [INFO] Multi-stream status: 50 active, 0 error, total_reconnects=0, packets_written=49642
[2026-08-10 03:34:12] [INFO] StreamWorker[camera-24] processed 1000 video packets (segments=16)
[2026-08-10 03:34:13] [INFO] StreamWorker[camera-25] processed 1000 video packets (segments=16)
[2026-08-10 03:34:13] [INFO] HlsMuxer: closed segment 17: duration=1.97s, packets_total=1039
[2026-08-10 03:34:13] [INFO] HlsMuxer: starting segment 18: /tmp/hls_output/camera-12/segment_000018.ts
[2026-08-10 03:34:13] [INFO] HlsMuxer: wrote segment header with codec=video
[2026-08-10 03:34:13] [INFO] HlsMuxer: closed segment 17: duration=1.97s, packets_total=1034
[2026-08-10 03:34:13] [INFO] HlsMuxer: closed segment 17: duration=1.97s, packets_total=1037
[2026-08-10 03:34:13] [INFO] HlsMuxer: starting segment 18: /tmp/hls_output/camera-13/segment_000018.ts
[2026-08-10 03:34:13] [INFO] HlsMuxer: starting segment 18: /tmp/hls_output/camera-14/segment_000018.ts
[2026-08-10 03:34:13] [INFO] HlsMuxer: wrote segment header with codec=video
[2026-08-10 03:34:13] [INFO] HlsMuxer: wrote segment header with codec=video
[2026-08-10 03:34:13] [INFO] HlsMuxer: closed segment 16: duration=1.97s, packets_total=976
[2026-08-10 03:34:13] [INFO] HlsMuxer: closed segment 16: duration=1.97s, packets_total=974
[2026-08-10 03:34:13] [INFO] StreamWorker[camera-26] processed 1000 video packets (segments=16)
[2026-08-10 03:34:13] [INFO] HlsMuxer: starting segment 17: /tmp/hls_output/camera-33/segment_000017.ts
[2026-08-10 03:34:13] [INFO] HlsMuxer: starting segment 17: /tmp/hls_output/camera-34/segment_000017.ts
[2026-08-10 03:34:13] [INFO] HlsMuxer: wrote segment header with codec=video
[2026-08-10 03:34:13] [INFO] HlsMuxer: wrote segment header with codec=video
[2026-08-10 03:34:13] [INFO] StreamWorker[camera-27] processed 1000 video packets (segments=16)
[2026-08-10 03:34:13] [INFO] StreamWorker[camera-28] processed 1000 video packets (segments=16)
[2026-08-10 03:34:13] [INFO] HlsMuxer: closed segment 73: duration=1.93s, packets_total=1079
[2026-08-10 03:34:13] [INFO] HlsMuxer: closed segment 17: duration=1.93s, packets_total=1037
[2026-08-10 03:34:13] [INFO] HlsMuxer: closed segment 17: duration=1.93s, packets_total=1035
[2026-08-10 03:34:13] [INFO] HlsMuxer: closed segment 16: duration=1.93s, packets_total=971
[2026-08-10 03:34:13] [INFO] HlsMuxer: closed segment 16: duration=1.93s, packets_total=963
[2026-08-10 03:34:13] [INFO] HlsMuxer: closed segment 17: duration=1.93s, packets_total=1028
[2026-08-10 03:34:13] [INFO] HlsMuxer: closed segment 16: duration=1.93s, packets_total=959
[2026-08-10 03:34:13] [INFO] HlsMuxer: closed segment 16: duration=1.93s, packets_total=965
[2026-08-10 03:34:13] [INFO] HlsMuxer: closed segment 17: duration=1.93s, packets_total=1020
[2026-08-10 03:34:13] [INFO] HlsMuxer: closed segment 16: duration=1.93s, packets_total=968
[2026-08-10 03:34:13] [INFO] HlsMuxer: closed segment 16: duration=1.93s, packets_total=978
[2026-08-10 03:34:13] [INFO] HlsMuxer: starting segment 74: /tmp/hls_output/camera-1/segment_000074.ts
[2026-08-10 03:34:13] [INFO] HlsMuxer: starting segment 18: /tmp/hls_output/camera-16/segment_000018.ts
[2026-08-10 03:34:13] [INFO] HlsMuxer: starting segment 18: /tmp/hls_output/camera-15/segment_000018.ts
[2026-08-10 03:34:13] [INFO] HlsMuxer: wrote segment header with codec=video
[2026-08-10 03:34:13] [INFO] HlsMuxer: wrote segment header with codec=video
[2026-08-10 03:34:13] [INFO] HlsMuxer: wrote segment header with codec=video
[2026-08-10 03:34:13] [INFO] HlsMuxer: starting segment 17: /tmp/hls_output/camera-37/segment_000017.ts
[2026-08-10 03:34:13] [INFO] HlsMuxer: starting segment 17: /tmp/hls_output/camera-40/segment_000017.ts
[2026-08-10 03:34:13] [INFO] HlsMuxer: starting segment 18: /tmp/hls_output/camera-18/segment_000018.ts
[2026-08-10 03:34:13] [INFO] HlsMuxer: wrote segment header with codec=video
[2026-08-10 03:34:13] [INFO] HlsMuxer: wrote segment header with codec=video
[2026-08-10 03:34:13] [INFO] HlsMuxer: wrote segment header with codec=video
[2026-08-10 03:34:13] [INFO] Multi-stream status: 50 active, 0 error, total_reconnects=0, packets_written=50382
[2026-08-10 03:34:13] [INFO] HlsMuxer: starting segment 17: /tmp/hls_output/camera-41/segment_000017.ts
[2026-08-10 03:34:13] [INFO] HlsMuxer: starting segment 18: /tmp/hls_output/camera-21/segment_000018.ts
[2026-08-10 03:34:13] [INFO] HlsMuxer: starting segment 17: /tmp/hls_output/camera-39/segment_000017.ts
[2026-08-10 03:34:13] [INFO] HlsMuxer: wrote segment header with codec=video
[2026-08-10 03:34:13] [INFO] HlsMuxer: wrote segment header with codec=video
[2026-08-10 03:34:13] [INFO] HlsMuxer: wrote segment header with codec=video
[2026-08-10 03:34:13] [INFO] HlsMuxer: starting segment 17: /tmp/hls_output/camera-38/segment_000017.ts
[2026-08-10 03:34:13] [INFO] HlsMuxer: wrote segment header with codec=video
[2026-08-10 03:34:13] [INFO] HlsMuxer: starting segment 17: /tmp/hls_output/camera-35/segment_000017.ts
[2026-08-10 03:34:13] [INFO] HlsMuxer: wrote segment header with codec=video
[2026-08-10 03:34:13] [INFO] HlsMuxer: closed segment 17: duration=1.97s, packets_total=1024
[2026-08-10 03:34:13] [INFO] HlsMuxer: closed segment 17: duration=1.97s, packets_total=1034
[2026-08-10 03:34:13] [INFO] HlsMuxer: closed segment 17: duration=1.97s, packets_total=1027
[2026-08-10 03:34:13] [INFO] HlsMuxer: closed segment 16: duration=1.97s, packets_total=976
[2026-08-10 03:34:13] [INFO] HlsMuxer: starting segment 18: /tmp/hls_output/camera-20/segment_000018.ts
[2026-08-10 03:34:13] [INFO] HlsMuxer: wrote segment header with codec=video
[2026-08-10 03:34:13] [INFO] HlsMuxer: starting segment 18: /tmp/hls_output/camera-17/segment_000018.ts
[2026-08-10 03:34:13] [INFO] HlsMuxer: starting segment 17: /tmp/hls_output/camera-36/segment_000017.ts
[2026-08-10 03:34:13] [INFO] HlsMuxer: wrote segment header with codec=video
[2026-08-10 03:34:13] [INFO] HlsMuxer: wrote segment header with codec=video
[2026-08-10 03:34:13] [INFO] HlsMuxer: starting segment 18: /tmp/hls_output/camera-19/segment_000018.ts
[2026-08-10 03:34:13] [INFO] HlsMuxer: wrote segment header with codec=video
[2026-08-10 03:34:13] [INFO] StreamWorker[camera-29] processed 1000 video packets (segments=16)
[2026-08-10 03:34:13] [INFO] StreamWorker[camera-30] processed 1000 video packets (segments=16)
[2026-08-10 03:34:13] [INFO] StreamWorker[camera-31] processed 1000 video packets (segments=16)
[2026-08-10 03:34:13] [INFO] StreamWorker[camera-32] processed 1000 video packets (segments=16)
[2026-08-10 03:34:13] [INFO] Multi-stream status: 50 active, 0 error, total_reconnects=0, packets_written=51092
[2026-08-10 03:34:13] [INFO] HlsMuxer: closed segment 16: duration=1.93s, packets_total=972
[2026-08-10 03:34:13] [INFO] HlsMuxer: closed segment 55: duration=1.93s, packets_total=1092
[2026-08-10 03:34:13] [INFO] HlsMuxer: starting segment 17: /tmp/hls_output/camera-42/segment_000017.ts
[2026-08-10 03:34:13] [INFO] HlsMuxer: starting segment 56: /tmp/hls_output/camera-2/segment_000056.ts
[2026-08-10 03:34:13] [INFO] HlsMuxer: wrote segment header with codec=video
[2026-08-10 03:34:13] [INFO] HlsMuxer: wrote segment header with codec=video
[2026-08-10 03:34:13] [INFO] HlsMuxer: closed segment 17: duration=1.93s, packets_total=1029
[2026-08-10 03:34:13] [INFO] HlsMuxer: closed segment 16: duration=1.93s, packets_total=970
[2026-08-10 03:34:13] [INFO] StreamWorker[camera-33] processed 1000 video packets (segments=16)
[2026-08-10 03:34:13] [INFO] HlsMuxer: starting segment 18: /tmp/hls_output/camera-23/segment_000018.ts
[2026-08-10 03:34:13] [INFO] HlsMuxer: wrote segment header with codec=video
[2026-08-10 03:34:13] [INFO] HlsMuxer: starting segment 17: /tmp/hls_output/camera-43/segment_000017.ts
[2026-08-10 03:34:13] [INFO] HlsMuxer: wrote segment header with codec=video
[2026-08-10 03:34:13] [INFO] HlsMuxer: closed segment 17: duration=1.93s, packets_total=1032
[2026-08-10 03:34:13] [INFO] HlsMuxer: starting segment 18: /tmp/hls_output/camera-22/segment_000018.ts
[2026-08-10 03:34:13] [INFO] HlsMuxer: wrote segment header with codec=video
[2026-08-10 03:34:13] [INFO] StreamWorker[camera-34] processed 1000 video packets (segments=16)
[2026-08-10 03:34:14] [INFO] StreamWorker[camera-1] processed 1100 video packets (segments=18)
[2026-08-10 03:34:14] [INFO] StreamWorker[camera-35] processed 1000 video packets (segments=16)
[2026-08-10 03:34:14] [INFO] HlsMuxer: closed segment 16: duration=1.97s, packets_total=969
[2026-08-10 03:34:14] [INFO] HlsMuxer: closed segment 55: duration=1.97s, packets_total=1092
[2026-08-10 03:34:14] [INFO] HlsMuxer: starting segment 56: /tmp/hls_output/camera-4/segment_000056.ts
[2026-08-10 03:34:14] [INFO] HlsMuxer: wrote segment header with codec=video
[2026-08-10 03:34:14] [INFO] HlsMuxer: closed segment 55: duration=1.97s, packets_total=1096
[2026-08-10 03:34:14] [INFO] StreamWorker[camera-2] processed 1100 video packets (segments=18)
[2026-08-10 03:34:14] [INFO] HlsMuxer: closed segment 17: duration=1.97s, packets_total=1033
[2026-08-10 03:34:14] [INFO] HlsMuxer: closed segment 17: duration=1.97s, packets_total=1029
[2026-08-10 03:34:14] [INFO] HlsMuxer: closed segment 16: duration=1.97s, packets_total=972
[2026-08-10 03:34:14] [INFO] HlsMuxer: starting segment 56: /tmp/hls_output/camera-3/segment_000056.ts
[2026-08-10 03:34:14] [INFO] HlsMuxer: wrote segment header with codec=video
[2026-08-10 03:34:14] [INFO] HlsMuxer: starting segment 18: /tmp/hls_output/camera-24/segment_000018.ts
[2026-08-10 03:34:14] [INFO] HlsMuxer: starting segment 18: /tmp/hls_output/camera-25/segment_000018.ts
[2026-08-10 03:34:14] [INFO] HlsMuxer: starting segment 17: /tmp/hls_output/camera-45/segment_000017.ts
[2026-08-10 03:34:14] [INFO] HlsMuxer: wrote segment header with codec=video
[2026-08-10 03:34:14] [INFO] HlsMuxer: wrote segment header with codec=video
[2026-08-10 03:34:14] [INFO] HlsMuxer: starting segment 17: /tmp/hls_output/camera-44/segment_000017.ts
[2026-08-10 03:34:14] [INFO] HlsMuxer: wrote segment header with codec=video
[2026-08-10 03:34:14] [INFO] HlsMuxer: wrote segment header with codec=video
[2026-08-10 03:34:14] [INFO] StreamWorker[camera-36] processed 1000 video packets (segments=16)
[2026-08-10 03:34:14] [INFO] StreamWorker[camera-3] processed 1100 video packets (segments=18)
[2026-08-10 03:34:14] [INFO] HlsMuxer: closed segment 37: duration=1.90s, packets_total=1090
[2026-08-10 03:34:14] [INFO] HlsMuxer: closed segment 17: duration=1.90s, packets_total=1030
[2026-08-10 03:34:14] [INFO] HlsMuxer: closed segment 16: duration=1.90s, packets_total=971
[2026-08-10 03:34:14] [INFO] HlsMuxer: closed segment 55: duration=1.90s, packets_total=1093
[2026-08-10 03:34:14] [INFO] HlsMuxer: starting segment 17: /tmp/hls_output/camera-46/segment_000017.ts
[2026-08-10 03:34:14] [INFO] HlsMuxer: starting segment 18: /tmp/hls_output/camera-26/segment_000018.ts
[2026-08-10 03:34:14] [INFO] HlsMuxer: starting segment 56: /tmp/hls_output/camera-5/segment_000056.ts
[2026-08-10 03:34:14] [INFO] HlsMuxer: wrote segment header with codec=video
[2026-08-10 03:34:14] [INFO] HlsMuxer: wrote segment header with codec=video
[2026-08-10 03:34:14] [INFO] HlsMuxer: starting segment 38: /tmp/hls_output/camera-6/segment_000038.ts
[2026-08-10 03:34:14] [INFO] HlsMuxer: wrote segment header with codec=video
[2026-08-10 03:34:14] [INFO] HlsMuxer: wrote segment header with codec=video
[2026-08-10 03:34:14] [INFO] StreamWorker[camera-37] processed 1000 video packets (segments=16)
[2026-08-10 03:34:14] [INFO] StreamWorker[camera-4] processed 1100 video packets (segments=18)
[2026-08-10 03:34:14] [INFO] HlsMuxer: closed segment 16: duration=1.87s, packets_total=971
[2026-08-10 03:34:14] [INFO] HlsMuxer: closed segment 17: duration=1.87s, packets_total=1031
[2026-08-10 03:34:14] [INFO] HlsMuxer: starting segment 17: /tmp/hls_output/camera-47/segment_000017.ts
[2026-08-10 03:34:14] [INFO] HlsMuxer: starting segment 18: /tmp/hls_output/camera-27/segment_000018.ts
[2026-08-10 03:34:14] [INFO] HlsMuxer: wrote segment header with codec=video
[2026-08-10 03:34:14] [INFO] HlsMuxer: wrote segment header with codec=video
[2026-08-10 03:34:14] [INFO] Multi-stream status: 50 active, 0 error, total_reconnects=0, packets_written=51842
[2026-08-10 03:34:14] [INFO] StreamWorker[camera-5] processed 1100 video packets (segments=18)
[2026-08-10 03:34:14] [INFO] StreamWorker[camera-38] processed 1000 video packets (segments=16)
[2026-08-10 03:34:14] [INFO] HlsMuxer: closed segment 17: duration=1.90s, packets_total=1027
[2026-08-10 03:34:14] [INFO] HlsMuxer: closed segment 17: duration=1.90s, packets_total=1029
[2026-08-10 03:34:14] [INFO] HlsMuxer: closed segment 16: duration=1.90s, packets_total=969
[2026-08-10 03:34:14] [INFO] HlsMuxer: starting segment 18: /tmp/hls_output/camera-30/segment_000018.ts
[2026-08-10 03:34:14] [INFO] HlsMuxer: closed segment 37: duration=1.90s, packets_total=1095
[2026-08-10 03:34:14] [INFO] StreamWorker[camera-39] processed 1000 video packets (segments=16)
[2026-08-10 03:34:14] [INFO] HlsMuxer: wrote segment header with codec=video
[2026-08-10 03:34:14] [INFO] HlsMuxer: closed segment 37: duration=1.90s, packets_total=1093
[2026-08-10 03:34:14] [INFO] HlsMuxer: closed segment 17: duration=1.90s, packets_total=1032
[2026-08-10 03:34:14] [INFO] HlsMuxer: starting segment 17: /tmp/hls_output/camera-49/segment_000017.ts
[2026-08-10 03:34:14] [INFO] HlsMuxer: starting segment 38: /tmp/hls_output/camera-7/segment_000038.ts
[2026-08-10 03:34:14] [INFO] HlsMuxer: starting segment 18: /tmp/hls_output/camera-29/segment_000018.ts
[2026-08-10 03:34:14] [INFO] HlsMuxer: wrote segment header with codec=video
[2026-08-10 03:34:14] [INFO] HlsMuxer: starting segment 38: /tmp/hls_output/camera-8/segment_000038.ts
[2026-08-10 03:34:14] [INFO] HlsMuxer: wrote segment header with codec=video
[2026-08-10 03:34:14] [INFO] HlsMuxer: wrote segment header with codec=video
[2026-08-10 03:34:14] [INFO] HlsMuxer: wrote segment header with codec=video
[2026-08-10 03:34:14] [INFO] HlsMuxer: closed segment 16: duration=1.90s, packets_total=972
[2026-08-10 03:34:14] [INFO] HlsMuxer: starting segment 18: /tmp/hls_output/camera-28/segment_000018.ts
[2026-08-10 03:34:14] [INFO] HlsMuxer: closed segment 16: duration=1.90s, packets_total=967
[2026-08-10 03:34:14] [INFO] HlsMuxer: starting segment 17: /tmp/hls_output/camera-48/segment_000017.ts
[2026-08-10 03:34:14] [INFO] HlsMuxer: wrote segment header with codec=video
[2026-08-10 03:34:14] [INFO] HlsMuxer: wrote segment header with codec=video
[2026-08-10 03:34:14] [INFO] HlsMuxer: starting segment 17: /tmp/hls_output/camera-50/segment_000017.ts
[2026-08-10 03:34:14] [INFO] HlsMuxer: wrote segment header with codec=video
[2026-08-10 03:34:14] [INFO] StreamWorker[camera-6] processed 1100 video packets (segments=18)
[2026-08-10 03:34:14] [INFO] StreamWorker[camera-40] processed 1000 video packets (segments=16)
[2026-08-10 03:34:14] [INFO] StreamWorker[camera-7] processed 1100 video packets (segments=18)
[2026-08-10 03:34:14] [INFO] HlsMuxer: closed segment 17: duration=1.93s, packets_total=1029
[2026-08-10 03:34:14] [INFO] StreamWorker[camera-41] processed 1000 video packets (segments=16)
[2026-08-10 03:34:14] [INFO] StreamWorker[camera-8] processed 1100 video packets (segments=18)
[2026-08-10 03:34:14] [INFO] HlsMuxer: closed segment 18: duration=1.93s, packets_total=1090
[2026-08-10 03:34:14] [INFO] HlsMuxer: closed segment 37: duration=1.93s, packets_total=1095
[2026-08-10 03:34:14] [INFO] HlsMuxer: closed segment 37: duration=1.93s, packets_total=1092
[2026-08-10 03:34:14] [INFO] HlsMuxer: starting segment 19: /tmp/hls_output/camera-11/segment_000019.ts
[2026-08-10 03:34:14] [INFO] HlsMuxer: closed segment 17: duration=1.93s, packets_total=1027
[2026-08-10 03:34:14] [INFO] HlsMuxer: starting segment 38: /tmp/hls_output/camera-9/segment_000038.ts
[2026-08-10 03:34:14] [INFO] HlsMuxer: starting segment 38: /tmp/hls_output/camera-10/segment_000038.ts
[2026-08-10 03:34:14] [INFO] HlsMuxer: wrote segment header with codec=video
[2026-08-10 03:34:14] [INFO] HlsMuxer: wrote segment header with codec=video
[2026-08-10 03:34:14] [INFO] HlsMuxer: wrote segment header with codec=video
[2026-08-10 03:34:14] [INFO] HlsMuxer: starting segment 18: /tmp/hls_output/camera-31/segment_000018.ts
[2026-08-10 03:34:14] [INFO] HlsMuxer: wrote segment header with codec=video
[2026-08-10 03:34:14] [INFO] HlsMuxer: starting segment 18: /tmp/hls_output/camera-32/segment_000018.ts
[2026-08-10 03:34:14] [INFO] HlsMuxer: wrote segment header with codec=video
[2026-08-10 03:34:14] [INFO] StreamWorker[camera-42] processed 1000 video packets (segments=16)
[2026-08-10 03:34:14] [INFO] StreamWorker[camera-9] processed 1100 video packets (segments=18)
[2026-08-10 03:34:14] [INFO] StreamWorker[camera-43] processed 1000 video packets (segments=16)
[2026-08-10 03:34:14] [INFO] Multi-stream status: 50 active, 0 error, total_reconnects=0, packets_written=52642
[2026-08-10 03:34:14] [INFO] StreamWorker[camera-10] processed 1100 video packets (segments=18)
[2026-08-10 03:34:14] [INFO] StreamWorker[camera-44] processed 1000 video packets (segments=16)
[2026-08-10 03:34:14] [INFO] StreamWorker[camera-11] processed 1100 video packets (segments=18)
[2026-08-10 03:34:15] [INFO] StreamWorker[camera-45] processed 1000 video packets (segments=16)
[2026-08-10 03:34:15] [INFO] StreamWorker[camera-12] processed 1100 video packets (segments=17)
[2026-08-10 03:34:15] [INFO] HlsMuxer: closed segment 18: duration=1.93s, packets_total=1095
[2026-08-10 03:34:15] [INFO] HlsMuxer: closed segment 17: duration=1.93s, packets_total=1035
[2026-08-10 03:34:15] [INFO] StreamWorker[camera-46] processed 1000 video packets (segments=16)
[2026-08-10 03:34:15] [INFO] HlsMuxer: starting segment 18: /tmp/hls_output/camera-34/segment_000018.ts
[2026-08-10 03:34:15] [INFO] HlsMuxer: closed segment 18: duration=1.93s, packets_total=1098
[2026-08-10 03:34:15] [INFO] HlsMuxer: closed segment 18: duration=1.93s, packets_total=1100
[2026-08-10 03:34:15] [INFO] HlsMuxer: wrote segment header with codec=video
[2026-08-10 03:34:15] [INFO] HlsMuxer: starting segment 19: /tmp/hls_output/camera-13/segment_000019.ts
[2026-08-10 03:34:15] [INFO] HlsMuxer: wrote segment header with codec=video
[2026-08-10 03:34:15] [INFO] HlsMuxer: starting segment 19: /tmp/hls_output/camera-12/segment_000019.ts
[2026-08-10 03:34:15] [INFO] HlsMuxer: wrote segment header with codec=video
[2026-08-10 03:34:15] [INFO] HlsMuxer: starting segment 19: /tmp/hls_output/camera-14/segment_000019.ts
[2026-08-10 03:34:15] [INFO] HlsMuxer: wrote segment header with codec=video
[2026-08-10 03:34:15] [INFO] HlsMuxer: closed segment 17: duration=1.93s, packets_total=1037
[2026-08-10 03:34:15] [INFO] HlsMuxer: starting segment 18: /tmp/hls_output/camera-33/segment_000018.ts
[2026-08-10 03:34:15] [INFO] HlsMuxer: wrote segment header with codec=video
[2026-08-10 03:34:15] [INFO] StreamWorker[camera-13] processed 1100 video packets (segments=18)
[2026-08-10 03:34:15] [INFO] StreamWorker[camera-14] processed 1100 video packets (segments=18)
[2026-08-10 03:34:15] [INFO] StreamWorker[camera-47] processed 1000 video packets (segments=16)
[2026-08-10 03:34:15] [INFO] StreamWorker[camera-48] processed 1000 video packets (segments=16)
[2026-08-10 03:34:15] [INFO] HlsMuxer: closed segment 18: duration=1.97s, packets_total=1089
[2026-08-10 03:34:15] [INFO] HlsMuxer: closed segment 17: duration=1.97s, packets_total=1039
[2026-08-10 03:34:15] [INFO] HlsMuxer: closed segment 17: duration=1.97s, packets_total=1032
[2026-08-10 03:34:15] [INFO] HlsMuxer: starting segment 19: /tmp/hls_output/camera-18/segment_000019.ts
[2026-08-10 03:34:15] [INFO] HlsMuxer: closed segment 17: duration=1.97s, packets_total=1026
[2026-08-10 03:34:15] [INFO] HlsMuxer: starting segment 18: /tmp/hls_output/camera-37/segment_000018.ts
[2026-08-10 03:34:15] [INFO] HlsMuxer: wrote segment header with codec=video
[2026-08-10 03:34:15] [INFO] HlsMuxer: wrote segment header with codec=video
[2026-08-10 03:34:15] [INFO] HlsMuxer: closed segment 17: duration=1.97s, packets_total=1020
[2026-08-10 03:34:15] [INFO] HlsMuxer: starting segment 18: /tmp/hls_output/camera-39/segment_000018.ts
[2026-08-10 03:34:15] [INFO] HlsMuxer: wrote segment header with codec=video
[2026-08-10 03:34:15] [INFO] HlsMuxer: closed segment 17: duration=1.97s, packets_total=1024
[2026-08-10 03:34:15] [INFO] HlsMuxer: closed segment 17: duration=1.97s, packets_total=1029
[2026-08-10 03:34:15] [INFO] HlsMuxer: closed segment 18: duration=1.97s, packets_total=1081
[2026-08-10 03:34:15] [INFO] HlsMuxer: starting segment 18: /tmp/hls_output/camera-40/segment_000018.ts
[2026-08-10 03:34:15] [INFO] HlsMuxer: wrote segment header with codec=video
[2026-08-10 03:34:15] [INFO] HlsMuxer: starting segment 18: /tmp/hls_output/camera-38/segment_000018.ts
[2026-08-10 03:34:15] [INFO] HlsMuxer: closed segment 74: duration=1.97s, packets_total=1140
[2026-08-10 03:34:15] [INFO] HlsMuxer: starting segment 18: /tmp/hls_output/camera-41/segment_000018.ts
[2026-08-10 03:34:15] [INFO] HlsMuxer: wrote segment header with codec=video
[2026-08-10 03:34:15] [INFO] HlsMuxer: wrote segment header with codec=video
[2026-08-10 03:34:15] [INFO] HlsMuxer: starting segment 75: /tmp/hls_output/camera-1/segment_000075.ts
[2026-08-10 03:34:15] [INFO] HlsMuxer: wrote segment header with codec=video
[2026-08-10 03:34:15] [INFO] HlsMuxer: closed segment 18: duration=1.97s, packets_total=1096
[2026-08-10 03:34:15] [INFO] HlsMuxer: starting segment 18: /tmp/hls_output/camera-35/segment_000018.ts
[2026-08-10 03:34:15] [INFO] HlsMuxer: wrote segment header with codec=video
[2026-08-10 03:34:15] [INFO] HlsMuxer: closed segment 18: duration=1.97s, packets_total=1098
[2026-08-10 03:34:15] [INFO] HlsMuxer: starting segment 19: /tmp/hls_output/camera-16/segment_000019.ts
[2026-08-10 03:34:15] [INFO] HlsMuxer: starting segment 19: /tmp/hls_output/camera-21/segment_000019.ts
[2026-08-10 03:34:15] [INFO] HlsMuxer: wrote segment header with codec=video
[2026-08-10 03:34:15] [INFO] HlsMuxer: wrote segment header with codec=video
[2026-08-10 03:34:15] [INFO] HlsMuxer: starting segment 19: /tmp/hls_output/camera-15/segment_000019.ts
[2026-08-10 03:34:15] [INFO] HlsMuxer: wrote segment header with codec=video
[2026-08-10 03:34:15] [INFO] Multi-stream status: 50 active, 0 error, total_reconnects=0, packets_written=53392
[2026-08-10 03:34:15] [INFO] StreamWorker[camera-15] processed 1100 video packets (segments=18)
[2026-08-10 03:34:15] [INFO] HlsMuxer: closed segment 18: duration=1.97s, packets_total=1087
[2026-08-10 03:34:15] [INFO] HlsMuxer: closed segment 18: duration=1.97s, packets_total=1084
[2026-08-10 03:34:15] [INFO] HlsMuxer: starting segment 19: /tmp/hls_output/camera-20/segment_000019.ts
[2026-08-10 03:34:15] [INFO] HlsMuxer: starting segment 19: /tmp/hls_output/camera-19/segment_000019.ts
[2026-08-10 03:34:15] [INFO] HlsMuxer: wrote segment header with codec=video
[2026-08-10 03:34:15] [INFO] HlsMuxer: wrote segment header with codec=video
[2026-08-10 03:34:15] [INFO] HlsMuxer: closed segment 17: duration=1.97s, packets_total=1036
[2026-08-10 03:34:15] [INFO] HlsMuxer: starting segment 18: /tmp/hls_output/camera-36/segment_000018.ts
[2026-08-10 03:34:15] [INFO] HlsMuxer: closed segment 18: duration=1.97s, packets_total=1094
[2026-08-10 03:34:15] [INFO] HlsMuxer: wrote segment header with codec=video
[2026-08-10 03:34:15] [INFO] HlsMuxer: starting segment 19: /tmp/hls_output/camera-17/segment_000019.ts
[2026-08-10 03:34:15] [INFO] HlsMuxer: wrote segment header with codec=video
[2026-08-10 03:34:15] [INFO] StreamWorker[camera-49] processed 1000 video packets (segments=16)
[2026-08-10 03:34:15] [INFO] StreamWorker[camera-16] processed 1100 video packets (segments=18)
[2026-08-10 03:34:15] [INFO] StreamWorker[camera-50] processed 1000 video packets (segments=16)
[2026-08-10 03:34:15] [INFO] StreamWorker[camera-17] processed 1100 video packets (segments=18)
[2026-08-10 03:34:15] [INFO] StreamWorker[camera-18] processed 1100 video packets (segments=18)
[2026-08-10 03:34:15] [INFO] StreamWorker[camera-19] processed 1100 video packets (segments=18)
[2026-08-10 03:34:15] [INFO] HlsMuxer: closed segment 18: duration=1.90s, packets_total=1088
[2026-08-10 03:34:15] [INFO] HlsMuxer: closed segment 18: duration=1.90s, packets_total=1091
[2026-08-10 03:34:15] [INFO] HlsMuxer: starting segment 19: /tmp/hls_output/camera-22/segment_000019.ts
[2026-08-10 03:34:15] [INFO] HlsMuxer: closed segment 17: duration=1.90s, packets_total=1029
[2026-08-10 03:34:15] [INFO] HlsMuxer: wrote segment header with codec=video
[2026-08-10 03:34:15] [INFO] HlsMuxer: closed segment 17: duration=1.90s, packets_total=1031
[2026-08-10 03:34:15] [INFO] HlsMuxer: starting segment 18: /tmp/hls_output/camera-43/segment_000018.ts
[2026-08-10 03:34:15] [INFO] HlsMuxer: wrote segment header with codec=video
[2026-08-10 03:34:15] [INFO] HlsMuxer: closed segment 56: duration=1.90s, packets_total=1151
[2026-08-10 03:34:15] [INFO] HlsMuxer: starting segment 18: /tmp/hls_output/camera-42/segment_000018.ts
[2026-08-10 03:34:15] [INFO] HlsMuxer: wrote segment header with codec=video
[2026-08-10 03:34:15] [INFO] HlsMuxer: starting segment 57: /tmp/hls_output/camera-2/segment_000057.ts
[2026-08-10 03:34:15] [INFO] HlsMuxer: starting segment 19: /tmp/hls_output/camera-23/segment_000019.ts
[2026-08-10 03:34:15] [INFO] HlsMuxer: wrote segment header with codec=video
[2026-08-10 03:34:15] [INFO] HlsMuxer: wrote segment header with codec=video
[2026-08-10 03:34:15] [INFO] Multi-stream status: 50 active, 0 error, total_reconnects=0, packets_written=54142
[2026-08-10 03:34:15] [INFO] StreamWorker[camera-20] processed 1100 video packets (segments=18)
[2026-08-10 03:34:16] [INFO] StreamWorker[camera-21] processed 1100 video packets (segments=18)
[2026-08-10 03:34:16] [INFO] HlsMuxer: closed segment 56: duration=1.97s, packets_total=1157
[2026-08-10 03:34:16] [INFO] HlsMuxer: closed segment 18: duration=1.97s, packets_total=1094
[2026-08-10 03:34:16] [INFO] HlsMuxer: closed segment 17: duration=1.97s, packets_total=1033
[2026-08-10 03:34:16] [INFO] StreamWorker[camera-22] processed 1100 video packets (segments=18)
[2026-08-10 03:34:16] [INFO] HlsMuxer: closed segment 17: duration=1.97s, packets_total=1030
[2026-08-10 03:34:16] [INFO] HlsMuxer: closed segment 18: duration=1.97s, packets_total=1090
[2026-08-10 03:34:16] [INFO] HlsMuxer: starting segment 57: /tmp/hls_output/camera-3/segment_000057.ts
[2026-08-10 03:34:16] [INFO] HlsMuxer: starting segment 18: /tmp/hls_output/camera-45/segment_000018.ts
[2026-08-10 03:34:16] [INFO] HlsMuxer: wrote segment header with codec=video
[2026-08-10 03:34:16] [INFO] HlsMuxer: wrote segment header with codec=video
[2026-08-10 03:34:16] [INFO] HlsMuxer: closed segment 56: duration=1.97s, packets_total=1153
[2026-08-10 03:34:16] [INFO] HlsMuxer: starting segment 19: /tmp/hls_output/camera-25/segment_000019.ts
[2026-08-10 03:34:16] [INFO] HlsMuxer: starting segment 57: /tmp/hls_output/camera-4/segment_000057.ts
[2026-08-10 03:34:16] [INFO] HlsMuxer: starting segment 18: /tmp/hls_output/camera-44/segment_000018.ts
[2026-08-10 03:34:16] [INFO] HlsMuxer: wrote segment header with codec=video
[2026-08-10 03:34:16] [INFO] HlsMuxer: wrote segment header with codec=video
[2026-08-10 03:34:16] [INFO] HlsMuxer: wrote segment header with codec=video
[2026-08-10 03:34:16] [INFO] HlsMuxer: starting segment 19: /tmp/hls_output/camera-24/segment_000019.ts
[2026-08-10 03:34:16] [INFO] HlsMuxer: wrote segment header with codec=video
[2026-08-10 03:34:16] [INFO] StreamWorker[camera-23] processed 1100 video packets (segments=18)
[2026-08-10 03:34:16] [INFO] StreamWorker[camera-24] processed 1100 video packets (segments=18)
[2026-08-10 03:34:16] [INFO] HlsMuxer: closed segment 56: duration=1.97s, packets_total=1156
[2026-08-10 03:34:16] [INFO] HlsMuxer: closed segment 38: duration=1.97s, packets_total=1153
[2026-08-10 03:34:16] [INFO] HlsMuxer: closed segment 18: duration=1.97s, packets_total=1093
[2026-08-10 03:34:16] [INFO] HlsMuxer: closed segment 17: duration=1.97s, packets_total=1034
[2026-08-10 03:34:16] [INFO] HlsMuxer: starting segment 57: /tmp/hls_output/camera-5/segment_000057.ts
[2026-08-10 03:34:16] [INFO] HlsMuxer: starting segment 19: /tmp/hls_output/camera-26/segment_000019.ts
[2026-08-10 03:34:16] [INFO] HlsMuxer: starting segment 39: /tmp/hls_output/camera-6/segment_000039.ts
[2026-08-10 03:34:16] [INFO] HlsMuxer: starting segment 18: /tmp/hls_output/camera-46/segment_000018.ts
[2026-08-10 03:34:16] [INFO] HlsMuxer: wrote segment header with codec=video
[2026-08-10 03:34:16] [INFO] HlsMuxer: wrote segment header with codec=video
[2026-08-10 03:34:16] [INFO] HlsMuxer: wrote segment header with codec=video
[2026-08-10 03:34:16] [INFO] HlsMuxer: wrote segment header with codec=video
[2026-08-10 03:34:16] [INFO] Multi-stream status: 50 active, 0 error, total_reconnects=0, packets_written=54892
[2026-08-10 03:34:16] [INFO] StreamWorker[camera-25] processed 1100 video packets (segments=18)
[2026-08-10 03:34:16] [INFO] HlsMuxer: closed segment 18: duration=1.93s, packets_total=1093
[2026-08-10 03:34:16] [INFO] HlsMuxer: closed segment 17: duration=1.93s, packets_total=1033
[2026-08-10 03:34:16] [INFO] HlsMuxer: starting segment 19: /tmp/hls_output/camera-27/segment_000019.ts
[2026-08-10 03:34:16] [INFO] HlsMuxer: starting segment 18: /tmp/hls_output/camera-47/segment_000018.ts
[2026-08-10 03:34:16] [INFO] HlsMuxer: wrote segment header with codec=video
[2026-08-10 03:34:16] [INFO] HlsMuxer: wrote segment header with codec=video
[2026-08-10 03:34:16] [INFO] StreamWorker[camera-26] processed 1100 video packets (segments=18)
[2026-08-10 03:34:16] [INFO] HlsMuxer: closed segment 18: duration=1.97s, packets_total=1095
[2026-08-10 03:34:16] [INFO] HlsMuxer: closed segment 38: duration=1.97s, packets_total=1156
[2026-08-10 03:34:16] [INFO] HlsMuxer: closed segment 17: duration=1.97s, packets_total=1032
[2026-08-10 03:34:16] [INFO] HlsMuxer: closed segment 17: duration=1.97s, packets_total=1035
[2026-08-10 03:34:16] [INFO] HlsMuxer: closed segment 17: duration=1.97s, packets_total=1030
[2026-08-10 03:34:16] [INFO] HlsMuxer: closed segment 38: duration=1.97s, packets_total=1158
[2026-08-10 03:34:16] [INFO] HlsMuxer: starting segment 18: /tmp/hls_output/camera-48/segment_000018.ts
[2026-08-10 03:34:16] [INFO] HlsMuxer: starting segment 18: /tmp/hls_output/camera-49/segment_000018.ts
[2026-08-10 03:34:16] [INFO] HlsMuxer: wrote segment header with codec=video
[2026-08-10 03:34:16] [INFO] HlsMuxer: starting segment 39: /tmp/hls_output/camera-7/segment_000039.ts
[2026-08-10 03:34:16] [INFO] HlsMuxer: starting segment 19: /tmp/hls_output/camera-28/segment_000019.ts
[2026-08-10 03:34:16] [INFO] HlsMuxer: wrote segment header with codec=video
[2026-08-10 03:34:16] [INFO] HlsMuxer: wrote segment header with codec=video
[2026-08-10 03:34:16] [INFO] HlsMuxer: closed segment 18: duration=1.97s, packets_total=1090
[2026-08-10 03:34:16] [INFO] HlsMuxer: wrote segment header with codec=video
[2026-08-10 03:34:16] [INFO] HlsMuxer: closed segment 18: duration=1.97s, packets_total=1092
[2026-08-10 03:34:16] [INFO] HlsMuxer: starting segment 19: /tmp/hls_output/camera-30/segment_000019.ts
[2026-08-10 03:34:16] [INFO] HlsMuxer: wrote segment header with codec=video
[2026-08-10 03:34:16] [INFO] HlsMuxer: starting segment 19: /tmp/hls_output/camera-29/segment_000019.ts
[2026-08-10 03:34:16] [INFO] HlsMuxer: starting segment 39: /tmp/hls_output/camera-8/segment_000039.ts
[2026-08-10 03:34:16] [INFO] HlsMuxer: starting segment 18: /tmp/hls_output/camera-50/segment_000018.ts
[2026-08-10 03:34:16] [INFO] HlsMuxer: wrote segment header with codec=video
[2026-08-10 03:34:16] [INFO] HlsMuxer: wrote segment header with codec=video
[2026-08-10 03:34:16] [INFO] HlsMuxer: wrote segment header with codec=video
[2026-08-10 03:34:16] [INFO] StreamWorker[camera-27] processed 1100 video packets (segments=18)
[2026-08-10 03:34:16] [INFO] StreamWorker[camera-28] processed 1100 video packets (segments=18)
[2026-08-10 03:34:16] [INFO] HlsMuxer: closed segment 18: duration=1.93s, packets_total=1087
[2026-08-10 03:34:16] [INFO] HlsMuxer: closed segment 18: duration=1.93s, packets_total=1089
[2026-08-10 03:34:16] [INFO] HlsMuxer: closed segment 19: duration=1.93s, packets_total=1150
[2026-08-10 03:34:16] [INFO] HlsMuxer: starting segment 19: /tmp/hls_output/camera-32/segment_000019.ts
[2026-08-10 03:34:16] [INFO] HlsMuxer: wrote segment header with codec=video
[2026-08-10 03:34:16] [INFO] HlsMuxer: starting segment 19: /tmp/hls_output/camera-31/segment_000019.ts
[2026-08-10 03:34:16] [INFO] HlsMuxer: closed segment 38: duration=1.93s, packets_total=1155
[2026-08-10 03:34:16] [INFO] HlsMuxer: starting segment 20: /tmp/hls_output/camera-11/segment_000020.ts
[2026-08-10 03:34:16] [INFO] HlsMuxer: wrote segment header with codec=video
[2026-08-10 03:34:16] [INFO] HlsMuxer: wrote segment header with codec=video
[2026-08-10 03:34:16] [INFO] HlsMuxer: starting segment 39: /tmp/hls_output/camera-9/segment_000039.ts
[2026-08-10 03:34:16] [INFO] HlsMuxer: wrote segment header with codec=video
[2026-08-10 03:34:16] [INFO] HlsMuxer: closed segment 38: duration=1.93s, packets_total=1152
[2026-08-10 03:34:16] [INFO] HlsMuxer: starting segment 39: /tmp/hls_output/camera-10/segment_000039.ts
[2026-08-10 03:34:16] [INFO] HlsMuxer: wrote segment header with codec=video
[2026-08-10 03:34:16] [INFO] StreamWorker[camera-29] processed 1100 video packets (segments=18)
[2026-08-10 03:34:16] [INFO] Multi-stream status: 50 active, 0 error, total_reconnects=0, packets_written=55592
[2026-08-10 03:34:16] [INFO] StreamWorker[camera-30] processed 1100 video packets (segments=18)
[2026-08-10 03:34:17] [INFO] StreamWorker[camera-31] processed 1100 video packets (segments=18)
[2026-08-10 03:34:17] [INFO] StreamWorker[camera-32] processed 1100 video packets (segments=18)
[2026-08-10 03:34:17] [INFO] HlsMuxer: closed segment 18: duration=1.97s, packets_total=1099
[2026-08-10 03:34:17] [INFO] HlsMuxer: closed segment 19: duration=1.97s, packets_total=1160
[2026-08-10 03:34:17] [INFO] HlsMuxer: closed segment 18: duration=1.97s, packets_total=1097
[2026-08-10 03:34:17] [INFO] HlsMuxer: closed segment 19: duration=1.97s, packets_total=1157
[2026-08-10 03:34:17] [INFO] HlsMuxer: closed segment 19: duration=1.97s, packets_total=1162
[2026-08-10 03:34:17] [INFO] HlsMuxer: starting segment 20: /tmp/hls_output/camera-13/segment_000020.ts
[2026-08-10 03:34:17] [INFO] HlsMuxer: starting segment 19: /tmp/hls_output/camera-34/segment_000019.ts
[2026-08-10 03:34:17] [INFO] HlsMuxer: wrote segment header with codec=video
[2026-08-10 03:34:17] [INFO] HlsMuxer: wrote segment header with codec=video
[2026-08-10 03:34:17] [INFO] HlsMuxer: starting segment 20: /tmp/hls_output/camera-14/segment_000020.ts
[2026-08-10 03:34:17] [INFO] HlsMuxer: starting segment 20: /tmp/hls_output/camera-12/segment_000020.ts
[2026-08-10 03:34:17] [INFO] HlsMuxer: wrote segment header with codec=video
[2026-08-10 03:34:17] [INFO] HlsMuxer: wrote segment header with codec=video
[2026-08-10 03:34:17] [INFO] HlsMuxer: starting segment 19: /tmp/hls_output/camera-33/segment_000019.ts
[2026-08-10 03:34:17] [INFO] HlsMuxer: wrote segment header with codec=video
[2026-08-10 03:34:17] [INFO] StreamWorker[camera-33] processed 1100 video packets (segments=18)
[2026-08-10 03:34:17] [INFO] StreamWorker[camera-34] processed 1100 video packets (segments=18)
[2026-08-10 03:34:17] [INFO] HlsMuxer: closed segment 19: duration=1.93s, packets_total=1140
[2026-08-10 03:34:17] [INFO] HlsMuxer: closed segment 18: duration=1.93s, packets_total=1085
[2026-08-10 03:34:17] [INFO] HlsMuxer: closed segment 18: duration=1.93s, packets_total=1091
[2026-08-10 03:34:17] [INFO] HlsMuxer: starting segment 19: /tmp/hls_output/camera-39/segment_000019.ts
[2026-08-10 03:34:17] [INFO] HlsMuxer: starting segment 20: /tmp/hls_output/camera-21/segment_000020.ts
[2026-08-10 03:34:17] [INFO] HlsMuxer: wrote segment header with codec=video
[2026-08-10 03:34:17] [INFO] HlsMuxer: closed segment 19: duration=1.93s, packets_total=1157
[2026-08-10 03:34:17] [INFO] HlsMuxer: wrote segment header with codec=video
[2026-08-10 03:34:17] [INFO] HlsMuxer: closed segment 18: duration=1.93s, packets_total=1083
[2026-08-10 03:34:17] [INFO] HlsMuxer: starting segment 20: /tmp/hls_output/camera-15/segment_000020.ts
[2026-08-10 03:34:17] [INFO] HlsMuxer: wrote segment header with codec=video
[2026-08-10 03:34:17] [INFO] HlsMuxer: closed segment 19: duration=1.93s, packets_total=1148
[2026-08-10 03:34:17] [INFO] HlsMuxer: starting segment 19: /tmp/hls_output/camera-40/segment_000019.ts
[2026-08-10 03:34:17] [INFO] HlsMuxer: closed segment 19: duration=1.93s, packets_total=1155
[2026-08-10 03:34:17] [INFO] HlsMuxer: closed segment 18: duration=1.93s, packets_total=1079
[2026-08-10 03:34:17] [INFO] HlsMuxer: wrote segment header with codec=video
[2026-08-10 03:34:17] [INFO] HlsMuxer: starting segment 19: /tmp/hls_output/camera-37/segment_000019.ts
[2026-08-10 03:34:17] [INFO] HlsMuxer: starting segment 20: /tmp/hls_output/camera-18/segment_000020.ts
[2026-08-10 03:34:17] [INFO] HlsMuxer: wrote segment header with codec=video
[2026-08-10 03:34:17] [INFO] HlsMuxer: wrote segment header with codec=video
[2026-08-10 03:34:17] [INFO] HlsMuxer: closed segment 75: duration=1.93s, packets_total=1199
[2026-08-10 03:34:17] [INFO] HlsMuxer: starting segment 19: /tmp/hls_output/camera-41/segment_000019.ts
[2026-08-10 03:34:17] [INFO] HlsMuxer: closed segment 18: duration=1.93s, packets_total=1088
[2026-08-10 03:34:17] [INFO] HlsMuxer: closed segment 18: duration=1.93s, packets_total=1098
[2026-08-10 03:34:17] [INFO] HlsMuxer: wrote segment header with codec=video
[2026-08-10 03:34:17] [INFO] HlsMuxer: starting segment 76: /tmp/hls_output/camera-1/segment_000076.ts
[2026-08-10 03:34:17] [INFO] HlsMuxer: wrote segment header with codec=video
[2026-08-10 03:34:17] [INFO] HlsMuxer: starting segment 19: /tmp/hls_output/camera-38/segment_000019.ts
[2026-08-10 03:34:17] [INFO] StreamWorker[camera-1] processed 1200 video packets (segments=20)
[2026-08-10 03:34:17] [INFO] HlsMuxer: starting segment 19: /tmp/hls_output/camera-35/segment_000019.ts
[2026-08-10 03:34:17] [INFO] HlsMuxer: wrote segment header with codec=video
[2026-08-10 03:34:17] [INFO] HlsMuxer: wrote segment header with codec=video
[2026-08-10 03:34:17] [INFO] HlsMuxer: starting segment 20: /tmp/hls_output/camera-16/segment_000020.ts
[2026-08-10 03:34:17] [INFO] HlsMuxer: wrote segment header with codec=video
[2026-08-10 03:34:17] [INFO] Shutting down HTTP server...
[2026-08-10 03:34:17] [INFO] HttpServer: Listener loop ended
[2026-08-10 03:34:17] [INFO] HttpServer: Stopped
[2026-08-10 03:34:17] [INFO] Shutting down all streams...
[2026-08-10 03:34:17] [INFO] StreamManager stopping all 50 active stream(s) (out of 50 total)...
[2026-08-10 03:34:17] [INFO] StreamManager stopping stream 'camera-1'
[2026-08-10 03:34:17] [INFO] StreamWorker[camera-1] stopping...
[2026-08-10 03:34:17] [INFO] StreamWorker[camera-1] processing thread finished (processed 1200 packets)
[2026-08-10 03:34:17] [INFO] HlsMuxer: closed segment 76: duration=0.00s, packets_total=1200
[2026-08-10 03:34:17] [INFO] StreamWorker[camera-35] processed 1100 video packets (segments=18)
[2026-08-10 03:34:17] [INFO] HlsMuxer: closed. Wrote 1200 packets in 76 segments
[2026-08-10 03:34:17] [INFO] StreamWorker[camera-1] stopped
[2026-08-10 03:34:17] [INFO] StreamManager stopping stream 'camera-2'
[2026-08-10 03:34:17] [INFO] StreamWorker[camera-2] stopping...
[2026-08-10 03:34:17] [INFO] HlsMuxer: closed segment 18: duration=1.97s, packets_total=1096
[2026-08-10 03:34:17] [INFO] HlsMuxer: closed segment 19: duration=1.97s, packets_total=1144
[2026-08-10 03:34:17] [INFO] HlsMuxer: starting segment 19: /tmp/hls_output/camera-36/segment_000019.ts
[2026-08-10 03:34:17] [INFO] HlsMuxer: starting segment 20: /tmp/hls_output/camera-20/segment_000020.ts
[2026-08-10 03:34:17] [INFO] HlsMuxer: wrote segment header with codec=video
[2026-08-10 03:34:17] [INFO] HlsMuxer: wrote segment header with codec=video
[2026-08-10 03:34:17] [INFO] StreamWorker[camera-2] processing thread finished (processed 1199 packets)
[2026-08-10 03:34:17] [INFO] HlsMuxer: closed segment 19: duration=1.97s, packets_total=1154
[2026-08-10 03:34:17] [INFO] HlsMuxer: closed segment 19: duration=1.97s, packets_total=1147
[2026-08-10 03:34:17] [INFO] HlsMuxer: closed segment 57: duration=1.50s, packets_total=1199
[2026-08-10 03:34:17] [INFO] HlsMuxer: starting segment 20: /tmp/hls_output/camera-17/segment_000020.ts
[2026-08-10 03:34:17] [INFO] HlsMuxer: wrote segment header with codec=video
[2026-08-10 03:34:17] [INFO] HlsMuxer: starting segment 20: /tmp/hls_output/camera-19/segment_000020.ts
[2026-08-10 03:34:17] [INFO] HlsMuxer: wrote segment header with codec=video
[2026-08-10 03:34:17] [INFO] HlsMuxer: closed. Wrote 1199 packets in 57 segments
[2026-08-10 03:34:17] [INFO] StreamWorker[camera-2] stopped
[2026-08-10 03:34:17] [INFO] StreamManager stopping stream 'camera-3'
[2026-08-10 03:34:17] [INFO] StreamWorker[camera-3] stopping...
[2026-08-10 03:34:17] [INFO] StreamWorker[camera-3] processing thread finished (processed 1197 packets)
[2026-08-10 03:34:17] [INFO] HlsMuxer: closed segment 57: duration=1.23s, packets_total=1197
[2026-08-10 03:34:17] [INFO] HlsMuxer: closed. Wrote 1197 packets in 57 segments
[2026-08-10 03:34:17] [INFO] StreamWorker[camera-3] stopped
[2026-08-10 03:34:17] [INFO] StreamManager stopping stream 'camera-4'
[2026-08-10 03:34:17] [INFO] StreamWorker[camera-4] stopping...
[2026-08-10 03:34:17] [INFO] StreamWorker[camera-4] processing thread finished (processed 1194 packets)
[2026-08-10 03:34:17] [INFO] HlsMuxer: closed segment 57: duration=1.30s, packets_total=1194
[2026-08-10 03:34:17] [INFO] HlsMuxer: closed. Wrote 1194 packets in 57 segments
[2026-08-10 03:34:17] [INFO] StreamWorker[camera-4] stopped
[2026-08-10 03:34:17] [INFO] StreamManager stopping stream 'camera-5'
[2026-08-10 03:34:17] [INFO] StreamWorker[camera-5] stopping...
[2026-08-10 03:34:17] [INFO] StreamWorker[camera-5] processing thread finished (processed 1193 packets)
[2026-08-10 03:34:17] [INFO] StreamWorker[camera-36] processed 1100 video packets (segments=18)
[2026-08-10 03:34:17] [INFO] HlsMuxer: closed segment 57: duration=1.17s, packets_total=1193
[2026-08-10 03:34:17] [INFO] HlsMuxer: closed. Wrote 1193 packets in 57 segments
[2026-08-10 03:34:17] [INFO] StreamWorker[camera-5] stopped
[2026-08-10 03:34:17] [INFO] StreamManager stopping stream 'camera-6'
[2026-08-10 03:34:17] [INFO] StreamWorker[camera-6] stopping...
[2026-08-10 03:34:17] [INFO] StreamWorker[camera-6] processing thread finished (processed 1192 packets)
[2026-08-10 03:34:17] [INFO] StreamWorker[camera-37] processed 1100 video packets (segments=18)
[2026-08-10 03:34:17] [INFO] HlsMuxer: closed segment 39: duration=1.23s, packets_total=1192
[2026-08-10 03:34:17] [INFO] HlsMuxer: closed. Wrote 1192 packets in 39 segments
[2026-08-10 03:34:17] [INFO] StreamWorker[camera-6] stopped
[2026-08-10 03:34:17] [INFO] StreamManager stopping stream 'camera-7'
[2026-08-10 03:34:17] [INFO] StreamWorker[camera-7] stopping...
[2026-08-10 03:34:17] [INFO] StreamWorker[camera-7] processing thread finished (processed 1191 packets)
[2026-08-10 03:34:17] [INFO] HlsMuxer: closed segment 39: duration=1.00s, packets_total=1191
[2026-08-10 03:34:17] [INFO] HlsMuxer: closed. Wrote 1191 packets in 39 segments
[2026-08-10 03:34:17] [INFO] StreamWorker[camera-7] stopped
[2026-08-10 03:34:17] [INFO] StreamManager stopping stream 'camera-8'
[2026-08-10 03:34:17] [INFO] StreamWorker[camera-8] stopping...
[2026-08-10 03:34:17] [INFO] StreamWorker[camera-8] processing thread finished (processed 1189 packets)
[2026-08-10 03:34:17] [INFO] HlsMuxer: closed segment 39: duration=1.00s, packets_total=1189
[2026-08-10 03:34:17] [INFO] HlsMuxer: closed. Wrote 1189 packets in 39 segments
[2026-08-10 03:34:17] [INFO] StreamWorker[camera-8] stopped
[2026-08-10 03:34:17] [INFO] StreamManager stopping stream 'camera-9'
[2026-08-10 03:34:17] [INFO] StreamWorker[camera-9] stopping...
[2026-08-10 03:34:17] [INFO] StreamWorker[camera-9] processing thread finished (processed 1186 packets)
[2026-08-10 03:34:17] [INFO] StreamWorker[camera-38] processed 1100 video packets (segments=18)
[2026-08-10 03:34:17] [INFO] StreamWorker[camera-39] processed 1100 video packets (segments=18)
[2026-08-10 03:34:17] [INFO] StreamWorker[camera-40] processed 1100 video packets (segments=18)
[2026-08-10 03:34:17] [INFO] HlsMuxer: closed segment 18: duration=1.93s, packets_total=1090
[2026-08-10 03:34:17] [INFO] HlsMuxer: closed segment 18: duration=1.93s, packets_total=1092
[2026-08-10 03:34:17] [INFO] HlsMuxer: closed segment 39: duration=0.97s, packets_total=1186
[2026-08-10 03:34:17] [INFO] HlsMuxer: starting segment 19: /tmp/hls_output/camera-43/segment_000019.ts
[2026-08-10 03:34:17] [INFO] HlsMuxer: wrote segment header with codec=video
[2026-08-10 03:34:17] [INFO] HlsMuxer: closed segment 19: duration=1.93s, packets_total=1149
[2026-08-10 03:34:17] [INFO] HlsMuxer: starting segment 19: /tmp/hls_output/camera-42/segment_000019.ts
[2026-08-10 03:34:17] [INFO] HlsMuxer: wrote segment header with codec=video
[2026-08-10 03:34:17] [INFO] HlsMuxer: closed segment 19: duration=1.93s, packets_total=1152
[2026-08-10 03:34:17] [INFO] HlsMuxer: closed. Wrote 1186 packets in 39 segments
[2026-08-10 03:34:17] [INFO] StreamWorker[camera-9] stopped
[2026-08-10 03:34:17] [INFO] StreamManager stopping stream 'camera-10'
[2026-08-10 03:34:17] [INFO] StreamWorker[camera-10] stopping...
[2026-08-10 03:34:17] [INFO] HlsMuxer: starting segment 20: /tmp/hls_output/camera-23/segment_000020.ts
[2026-08-10 03:34:17] [INFO] HlsMuxer: wrote segment header with codec=video
[2026-08-10 03:34:17] [INFO] StreamWorker[camera-10] processing thread finished (processed 1190 packets)
[2026-08-10 03:34:17] [INFO] HlsMuxer: starting segment 20: /tmp/hls_output/camera-22/segment_000020.ts
[2026-08-10 03:34:17] [INFO] HlsMuxer: wrote segment header with codec=video
[2026-08-10 03:34:17] [INFO] HlsMuxer: closed segment 39: duration=1.17s, packets_total=1190
[2026-08-10 03:34:17] [INFO] HlsMuxer: closed. Wrote 1190 packets in 39 segments
[2026-08-10 03:34:17] [INFO] StreamWorker[camera-10] stopped
[2026-08-10 03:34:17] [INFO] StreamManager sto